Unnamed: 0|Unnamed: 0.1|Date_x|OPEN|HIGH|LOW|CLOSE|VOLUME|CURRENCY|INDEX|prctChangeOPEN|TargetProbability|Date_y|No Articles|Date_x|No_Articles_x|Date_y|No_Articles_y
0|0|2012-01-03|44.63|44.67|43.67|43.85|1121882|USD|0|0.97|0.5615021764398712|2010-04-15|1|2010-04-15|1|2010-04-15|1
1|1|2012-01-04|43.31|43.44|42.91|43.23|1075047|USD|1|0.98|0.5917368707871613|2010-04-19|1|2010-04-19|1|2010-04-19|1
2|2|2012-01-05|42.44|43.16|42.23|42.77|2828197|USD|2|1.0|0.6412399208787474|2010-05-24|1|2010-05-24|1|2010-05-24|1
3|3|2012-01-06|42.43|42.79|42.13|42.49|2052359|USD|3|1.008|0.6345270528550596|2010-07-14|1|2010-07-14|1|2010-07-14|1
4|4|2012-01-09|42.79|43.3|42.7|42.83|2074382|USD|4|1.0090000000000001|0.6082622663921897|2010-07-16|1|2010-07-16|1|2010-07-16|1
5|5|2012-01-10|43.17|43.3|42.87|43.12|2127367|USD|5|1.0|0.6074269158389859|2010-10-13|2|2010-10-13|2|2010-10-13|2
6|6|2012-01-11|43.18|43.6|42.91|43.45|1528045|USD|6|1.005|0.6074269158389859|2011-01-19|1|2011-01-19|1|2011-01-19|1
7|7|2012-01-12|43.4|43.58|42.94|43.35|1152771|USD|7|0.9890000000000001|0.5818526289248749|2011-02-07|1|2011-02-07|1|2011-02-07|1
8|8|2012-01-13|42.94|43.0|42.27|42.87|1525326|USD|8|1.032|0.6106802132005997|2011-04-12|1|2011-04-12|1|2011-04-12|1
9|9|2012-01-17|44.32|44.84|43.88|44.23|1808571|USD|9|1.02|0.5954244621078043|2011-04-13|1|2011-04-13|1|2011-04-13|1
10|10|2012-01-18|45.19|45.21|42.8|43.85|5088621|USD|10|0.978|0.5429939983627909|2011-10-12|1|2011-10-12|1|2011-10-12|1
11|11|2012-01-19|44.18|44.22|43.67|44.04|1537354|USD|11|0.997|0.563487378080026|2011-10-31|1|2011-10-31|1|2011-10-31|1
12|12|2012-01-20|44.06|44.94|43.94|44.86|2592532|USD|12|1.0270000000000001|0.5615104979423533|2011-11-16|1|2011-11-16|1|2011-11-16|1
13|13|2012-01-23|45.26|45.61|45.1|45.52|1369837|USD|13|0.997|0.5150450302366216|2011-12-15|2|2011-12-15|2|2011-12-15|2
14|14|2012-01-24|45.12|45.53|44.92|45.18|1420904|USD|14|0.992|0.5356215310718005|2011-12-16|1|2011-12-16|1|2011-12-16|1
15|15|2012-01-25|44.76|44.96|44.32|44.92|1609168|USD|15|1.008|0.5613797127755936|2012-03-07|1|2012-03-07|1|2012-03-07|1
16|16|2012-01-26|45.1|45.61|44.44|44.63|1605657|USD|16|0.9940000000000001|0.5622052761736064|2012-04-12|1|2012-04-12|1|2012-04-12|1
17|17|2012-01-27|44.85|45.23|44.37|44.77|1815175|USD|17|0.997|0.5704988035180938|2012-04-16|1|2012-04-16|1|2012-04-16|1
18|18|2012-01-30|44.72|44.74|44.26|44.6|1515216|USD|18|1.006|0.5777155096668333|2012-05-02|1|2012-05-02|1|2012-05-02|1
19|19|2012-01-31|45.0|45.12|44.37|44.65|1270305|USD|19|1.0190000000000001|0.5801968002760111|2012-05-17|3|2012-05-17|3|2012-05-17|3
20|20|2012-02-01|45.87|46.17|45.75|45.8|1381939|USD|20|1.006|0.5709245075770811|2012-06-08|1|2012-06-08|1|2012-06-08|1
21|21|2012-02-02|46.15|46.45|45.9|46.14|1002143|USD|21|1.013|0.5766545553359221|2012-06-13|1|2012-06-13|1|2012-06-13|1
22|22|2012-02-03|46.74|47.3|46.57|47.3|1105130|USD|22|1.0070000000000001|0.5682854177297452|2012-06-19|1|2012-06-19|1|2012-06-19|1
23|23|2012-02-06|47.06|47.06|46.39|46.67|1452978|USD|23|0.9940000000000001|0.5533901851227261|2012-06-22|1|2012-06-22|1|2012-06-22|1
24|24|2012-02-07|46.79|46.94|46.47|46.87|1414499|USD|24|1.004|0.5766593774302916|2012-06-25|1|2012-06-25|1|2012-06-25|1
25|25|2012-02-08|46.97|47.35|46.65|47.03|920908|USD|25|1.006|0.5476754030695037|2012-06-26|2|2012-06-26|2|2012-06-26|2
26|26|2012-02-09|47.26|47.31|46.86|47.18|1341066|USD|26|1.004|0.5418709736057704|2012-07-09|1|2012-07-09|1|2012-07-09|1
27|27|2012-02-10|47.44|47.44|46.8|46.99|2417865|USD|27|0.9890000000000001|0.554753718417053|2012-07-10|1|2012-07-10|1|2012-07-10|1
28|28|2012-02-13|46.93|47.11|46.34|46.72|2103332|USD|28|1.001|0.5730813019663801|2012-07-12|1|2012-07-12|1|2012-07-12|1
29|29|2012-02-14|46.96|47.41|46.73|47.36|2482722|USD|29|1.013|0.5808930558415196|2012-07-16|1|2012-07-16|1|2012-07-16|1
30|30|2012-02-15|47.56|47.75|47.09|47.16|1856121|USD|30|0.9940000000000001|0.5565096455614836|2012-07-17|1|2012-07-17|1|2012-07-17|1
31|31|2012-02-16|47.28|48.62|47.25|48.45|1870823|USD|31|1.036|0.5798531053538308|2012-07-18|1|2012-07-18|1|2012-07-18|1
32|32|2012-02-17|48.99|49.02|48.08|48.46|1969019|USD|32|0.9940000000000001|0.5580308240645186|2012-07-19|1|2012-07-19|1|2012-07-19|1
33|33|2012-02-21|48.68|48.68|47.76|47.98|2234385|USD|33|0.9840000000000001|0.5683038837995342|2012-07-23|1|2012-07-23|1|2012-07-23|1
34|34|2012-02-22|47.88|47.93|47.47|47.73|1867664|USD|34|1.008|0.5500289594942392|2012-07-25|1|2012-07-25|1|2012-07-25|1
35|35|2012-02-23|48.26|48.29|47.64|48.03|2487330|USD|35|1.0|0.5280037647693975|2012-07-31|1|2012-07-31|1|2012-07-31|1
36|36|2012-02-24|48.25|48.57|48.0|48.09|1348607|USD|36|0.981|0.5208920927472412|2012-08-08|1|2012-08-08|1|2012-08-08|1
37|37|2012-02-27|47.33|48.05|47.22|47.85|1681886|USD|37|1.023|0.5418613184629261|2012-08-28|1|2012-08-28|1|2012-08-28|1
38|38|2012-02-28|48.4|49.61|48.37|49.57|2692758|USD|38|1.008|0.5136726085800889|2012-09-04|3|2012-09-04|3|2012-09-04|3
39|39|2012-02-29|48.77|48.89|47.21|47.3|2369767|USD|39|0.968|0.5183577347165513|2012-09-07|1|2012-09-07|1|2012-09-07|1
40|40|2012-03-01|47.22|47.52|47.01|47.14|1495970|USD|40|0.998|0.5633642729989018|2012-09-10|1|2012-09-10|1|2012-09-10|1
41|41|2012-03-02|47.14|47.21|46.75|46.94|1596318|USD|41|0.995|0.5642247451045127|2012-09-12|1|2012-09-12|1|2012-09-12|1
42|42|2012-03-05|46.89|46.93|46.31|46.78|1443469|USD|42|0.977|0.5809550771817463|2012-09-20|1|2012-09-20|1|2012-09-20|1
43|43|2012-03-06|45.8|46.6|45.78|46.46|3244511|USD|43|1.02|0.5646490613822989|2012-10-08|1|2012-10-08|1|2012-10-08|1
44|44|2012-03-07|46.71|47.58|46.65|47.4|1431727|USD|44|1.022|0.5829074402903729|2012-10-09|2|2012-10-09|2|2012-10-09|2
45|45|2012-03-08|47.73|48.34|47.45|48.1|1171816|USD|45|1.0090000000000001|0.5598846324085296|2012-10-11|1|2012-10-11|1|2012-10-11|1
46|46|2012-03-09|48.18|48.68|48.0|48.48|1144336|USD|46|1.003|0.5352891350547534|2012-10-12|1|2012-10-12|1|2012-10-12|1
47|47|2012-03-12|48.31|48.51|48.07|48.29|720040|USD|47|1.005|0.5352891350547534|2012-10-15|1|2012-10-15|1|2012-10-15|1
48|48|2012-03-13|48.56|49.51|48.56|49.44|1170094|USD|48|1.0090000000000001|0.5390834851541535|2012-10-16|1|2012-10-16|1|2012-10-16|1
49|49|2012-03-14|48.98|49.57|48.88|49.14|956470|USD|49|1.0070000000000001|0.5421705852436007|2012-10-17|5|2012-10-17|5|2012-10-17|5
50|50|2012-03-15|49.34|50.06|49.29|50.02|1242983|USD|50|1.013|0.5522335203697001|2012-10-18|3|2012-10-18|3|2012-10-18|3
51|51|2012-03-16|49.97|50.25|49.79|49.9|665051|USD|51|1.003|0.5328622686683139|2012-10-19|1|2012-10-19|1|2012-10-19|1
52|52|2012-03-19|50.14|50.57|49.87|50.21|733540|USD|52|0.991|0.5377874520880479|2012-10-22|1|2012-10-22|1|2012-10-22|1
53|53|2012-03-20|49.67|50.61|49.55|50.4|1258177|USD|53|1.022|0.5351396173943043|2012-10-23|1|2012-10-23|1|2012-10-23|1
54|54|2012-03-21|50.75|50.98|50.21|50.31|1998911|USD|54|0.9740000000000001|0.5204098967245792|2012-10-25|1|2012-10-25|1|2012-10-25|1
55|55|2012-03-22|49.43|49.85|49.27|49.64|1412853|USD|55|0.9990000000000001|0.5217714455207739|2012-10-26|1|2012-10-26|1|2012-10-26|1
56|56|2012-03-23|49.36|49.82|49.27|49.61|691567|USD|56|1.021|0.5217714455207739|2012-11-01|1|2012-11-01|1|2012-11-01|1
57|57|2012-03-26|50.38|50.89|50.26|50.82|1092987|USD|57|1.011|0.4987098164393904|2012-11-15|1|2012-11-15|1|2012-11-15|1
58|58|2012-03-27|50.95|51.13|50.71|50.89|1130824|USD|58|1.011|0.4807584714914655|2012-11-30|1|2012-11-30|1|2012-11-30|1
59|59|2012-03-28|51.51|51.53|50.35|50.77|1320514|USD|59|0.9840000000000001|0.4787840139600326|2012-12-04|1|2012-12-04|1|2012-12-04|1
60|60|2012-03-29|50.69|51.6|50.55|51.55|1371293|USD|60|1.026|0.4857348297067176|2012-12-05|1|2012-12-05|1|2012-12-05|1
61|61|2012-03-30|52.02|52.26|51.4|52.07|1519796|USD|61|1.003|0.459508809826734|2012-12-10|1|2012-12-10|1|2012-12-10|1
62|62|2012-04-02|52.2|52.93|51.97|52.71|1467632|USD|62|1.006|0.4581578081487523|2012-12-11|1|2012-12-11|1|2012-12-11|1
63|63|2012-04-03|52.53|52.73|51.65|51.88|1379716|USD|63|0.966|0.4567834186405648|2013-01-02|3|2013-01-02|3|2013-01-02|3
64|64|2012-04-04|50.74|50.9|49.54|50.04|2407508|USD|64|0.981|0.4613590697850858|2013-01-08|1|2013-01-08|1|2013-01-08|1
65|65|2012-04-05|49.78|50.1|49.69|49.84|1031917|USD|65|0.991|0.4677785146774625|2013-01-16|1|2013-01-16|1|2013-01-16|1
66|66|2012-04-09|49.35|50.18|49.15|49.92|617790|USD|66|1.0070000000000001|0.473186237490865|2013-01-17|1|2013-01-17|1|2013-01-17|1
67|67|2012-04-10|49.72|50.1|48.86|49.0|1046047|USD|67|0.987|0.4873283208899596|2013-01-25|2|2013-01-25|2|2013-01-25|2
68|68|2012-04-11|49.08|49.56|48.88|48.93|1766773|USD|68|1.014|0.4879830925870106|2013-01-28|1|2013-01-28|1|2013-01-28|1
69|69|2012-04-12|49.79|51.49|49.76|50.79|3326207|USD|69|1.021|0.4818371010024055|2013-01-31|1|2013-01-31|1|2013-01-31|1
70|70|2012-04-13|50.82|50.86|50.21|50.57|1659436|USD|70|0.9990000000000001|0.4534058643570549|2013-03-15|1|2013-03-15|1|2013-03-15|1
71|71|2012-04-16|50.77|51.53|50.56|51.24|1885934|USD|71|1.016|0.4850422563836105|2013-03-28|1|2013-03-28|1|2013-03-28|1
72|72|2012-04-17|51.59|52.1|51.25|51.33|2459709|USD|72|0.9620000000000001|0.458820039044261|2013-04-03|1|2013-04-03|1|2013-04-03|1
73|73|2012-04-18|49.65|51.47|49.58|51.19|3852038|USD|73|1.061|0.4786659002541218|2013-04-16|2|2013-04-16|2|2013-04-16|2
74|74|2012-04-19|52.69|53.33|51.48|51.98|2637208|USD|74|0.987|0.40717106411271936|2013-04-17|1|2013-04-17|1|2013-04-17|1
75|75|2012-04-20|52.01|52.52|51.41|51.5|2472529|USD|75|0.9740000000000001|0.4112230453929471|2013-04-19|1|2013-04-19|1|2013-04-19|1
76|76|2012-04-23|50.65|50.69|49.81|50.04|2218403|USD|76|1.003|0.4366919766784331|2013-04-25|2|2013-04-25|2|2013-04-25|2
77|77|2012-04-24|50.79|50.89|49.75|50.17|2166195|USD|77|1.011|0.4525558319104308|2013-04-26|1|2013-04-26|1|2013-04-26|1
78|78|2012-04-25|51.34|51.45|50.74|51.4|1408226|USD|78|1.014|0.4891286355300865|2013-05-20|1|2013-05-20|1|2013-05-20|1
79|79|2012-04-26|52.08|53.75|52.04|53.53|2589388|USD|79|1.024|0.4635553223404837|2013-05-23|1|2013-05-23|1|2013-05-23|1
80|80|2012-04-27|53.34|53.45|52.75|53.07|1329950|USD|80|0.983|0.4698041661901292|2013-06-04|1|2013-06-04|1|2013-06-04|1
81|81|2012-04-30|52.45|53.34|52.41|52.95|1286917|USD|81|1.011|0.469223977311735|2013-06-05|1|2013-06-05|1|2013-06-05|1
82|82|2012-05-01|53.02|53.6|52.83|53.22|780906|USD|82|0.987|0.4871064952033887|2013-06-25|1|2013-06-25|1|2013-06-25|1
83|83|2012-05-02|52.35|52.69|52.13|52.47|1519687|USD|83|0.998|0.4929322589535387|2013-07-29|4|2013-07-29|4|2013-07-29|4
84|84|2012-05-03|52.25|52.48|51.61|51.66|935027|USD|84|0.976|0.4935207108010798|2013-07-30|1|2013-07-30|1|2013-07-30|1
85|85|2012-05-04|51.02|51.4|50.24|50.47|768801|USD|85|0.9990000000000001|0.5137674368281481|2013-07-31|1|2013-07-31|1|2013-07-31|1
86|86|2012-05-07|50.97|51.36|50.64|51.09|1083594|USD|86|0.985|0.5220369145080269|2013-08-01|1|2013-08-01|1|2013-08-01|1
87|87|2012-05-08|50.19|50.71|49.6|50.53|1405899|USD|87|0.983|0.5359894192989871|2013-08-05|2|2013-08-05|2|2013-08-05|2
88|88|2012-05-09|49.33|50.09|49.12|49.8|1848321|USD|88|1.008|0.5617986705812336|2013-08-06|1|2013-08-06|1|2013-08-06|1
89|89|2012-05-10|49.72|50.03|49.23|49.65|2193898|USD|89|0.995|0.5308955763099754|2013-08-07|2|2013-08-07|2|2013-08-07|2
90|90|2012-05-11|49.49|51.21|49.48|50.3|2015518|USD|90|0.987|0.5262754226594618|2013-08-13|2|2013-08-13|2|2013-08-13|2
91|91|2012-05-14|48.83|49.36|48.49|48.98|1831399|USD|91|1.001|0.5251129565042967|2013-08-14|2|2013-08-14|2|2013-08-14|2
92|92|2012-05-15|48.9|49.68|48.83|49.3|1528457|USD|92|1.004|0.5284320152738488|2013-08-15|6|2013-08-15|6|2013-08-15|6
93|93|2012-05-16|49.09|49.13|48.06|48.1|1751563|USD|93|0.9740000000000001|0.5160054754105735|2013-08-16|1|2013-08-16|1|2013-08-16|1
94|94|2012-05-17|47.8|48.08|46.9|46.91|1166735|USD|94|0.991|0.5554644772813561|2013-08-19|1|2013-08-19|1|2013-08-19|1
95|95|2012-05-18|47.37|47.4|46.58|46.61|1974846|USD|95|0.9990000000000001|0.5740417404915283|2013-08-20|1|2013-08-20|1|2013-08-20|1
96|96|2012-05-21|47.3|48.17|46.99|48.06|1216831|USD|96|1.0270000000000001|0.5751089429902876|2013-08-22|2|2013-08-22|2|2013-08-22|2
97|97|2012-05-22|48.59|48.86|48.22|48.55|1152147|USD|97|0.988|0.5569880716005681|2013-08-26|1|2013-08-26|1|2013-08-26|1
98|98|2012-05-23|47.99|48.22|47.13|48.17|991188|USD|98|1.005|0.5511962391555644|2013-08-27|6|2013-08-27|6|2013-08-27|6
99|99|2012-05-24|48.21|48.5|47.61|48.0|554988|USD|99|0.9790000000000001|0.533215082695203|2013-08-28|1|2013-08-28|1|2013-08-28|1
100|100|2012-05-25|47.2|47.98|47.14|47.77|1096499|USD|100|1.044|0.5714617707873783|2013-08-29|1|2013-08-29|1|2013-08-29|1
101|101|2012-05-29|49.26|49.47|48.64|48.8|1059242|USD|101|0.973|0.5520420698107219|2013-08-30|2|2013-08-30|2|2013-08-30|2
102|102|2012-05-30|47.91|48.06|47.55|47.63|1504076|USD|102|0.996|0.5613937412796977|2013-09-03|2|2013-09-03|2|2013-09-03|2
103|103|2012-05-31|47.74|47.88|47.26|47.57|695381|USD|103|0.9690000000000001|0.5539270683089196|2013-09-04|1|2013-09-04|1|2013-09-04|1
104|104|2012-06-01|46.25|46.56|45.43|45.49|2147364|USD|104|0.993|0.5771195998994619|2013-09-05|2|2013-09-05|2|2013-09-05|2
105|105|2012-06-04|45.91|46.09|45.51|45.66|1189205|USD|105|1.01|0.5839276304506754|2013-09-11|5|2013-09-11|5|2013-09-11|5
106|106|2012-06-05|46.36|47.11|46.32|46.87|838789|USD|106|1.022|0.5824605581954176|2013-09-12|1|2013-09-12|1|2013-09-12|1
107|107|2012-06-06|47.39|49.18|47.38|49.16|1174638|USD|107|1.058|0.5997335122990822|2013-09-13|1|2013-09-13|1|2013-09-13|1
108|108|2012-06-07|50.16|50.17|49.03|49.1|1640944|USD|108|0.973|0.5754896922576449|2013-09-17|2|2013-09-17|2|2013-09-17|2
109|109|2012-06-08|48.83|49.83|48.81|49.74|1554977|USD|109|1.033|0.5760657032453453|2013-09-24|2|2013-09-24|2|2013-09-24|2
110|110|2012-06-11|50.43|50.69|49.4|49.49|1216857|USD|110|0.982|0.5624421437534072|2013-09-25|6|2013-09-25|6|2013-09-25|6
111|111|2012-06-12|49.52|50.9|49.35|50.82|1138817|USD|111|1.0390000000000001|0.5829778122625806|2013-09-26|5|2013-09-26|5|2013-09-26|5
112|112|2012-06-13|51.46|52.2|51.02|51.67|1935228|USD|112|0.997|0.5707901824423681|2013-09-27|1|2013-09-27|1|2013-09-27|1
113|113|2012-06-14|51.29|51.44|50.41|50.92|1326054|USD|113|0.9990000000000001|0.5831697380456183|2013-09-30|2|2013-09-30|2|2013-09-30|2
114|114|2012-06-15|51.26|51.96|51.21|51.85|948571|USD|114|1.01|0.5871794111473323|2013-10-02|1|2013-10-02|1|2013-10-02|1
115|115|2012-06-18|51.77|52.65|51.49|52.41|1648901|USD|115|1.013|0.5885795915639763|2013-10-07|1|2013-10-07|1|2013-10-07|1
116|116|2012-06-19|52.46|53.32|52.39|52.81|1091173|USD|116|1.008|0.5741984714308782|2013-10-08|1|2013-10-08|1|2013-10-08|1
117|117|2012-06-20|52.87|52.91|51.95|52.5|1288176|USD|117|1.0270000000000001|0.5512923019906504|2013-10-10|1|2013-10-10|1|2013-10-10|1
118|118|2012-06-21|54.28|54.44|52.29|52.48|1985015|USD|118|0.9590000000000001|0.5525526145217426|2013-10-15|2|2013-10-15|2|2013-10-15|2
119|119|2012-06-22|52.06|52.5|51.63|51.67|4729597|USD|119|0.987|0.5788022519359437|2013-10-16|1|2013-10-16|1|2013-10-16|1
120|120|2012-06-25|51.36|51.37|50.3|50.39|2054019|USD|120|0.985|0.5873520137379892|2013-10-21|1|2013-10-21|1|2013-10-21|1
121|121|2012-06-26|50.58|50.7|49.34|50.13|1809960|USD|121|1.0070000000000001|0.5814193684434914|2013-10-22|2|2013-10-22|2|2013-10-22|2
122|122|2012-06-27|50.92|51.22|50.56|50.97|1786416|USD|122|0.982|0.5837886165735239|2013-10-23|2|2013-10-23|2|2013-10-23|2
123|123|2012-06-28|49.99|50.62|49.91|50.57|763183|USD|123|1.05|0.5916183840283615|2013-10-25|1|2013-10-25|1|2013-10-25|1
124|124|2012-06-29|52.49|53.71|52.3|53.4|3151784|USD|124|1.028|0.5713181898987015|2013-10-29|5|2013-10-29|5|2013-10-29|5
125|125|2012-07-02|53.94|54.28|53.42|54.2|821402|USD|125|1.001|0.5612287205339562|2013-10-30|1|2013-10-30|1|2013-10-30|1
126|126|2012-07-03|53.99|54.91|53.86|54.65|408403|USD|126|0.991|0.5579219900108785|2013-10-31|2|2013-10-31|2|2013-10-31|2
127|127|2012-07-05|53.48|54.07|53.27|53.77|667872|USD|127|0.978|0.5596272135212135|2013-11-01|1|2013-11-01|1|2013-11-01|1
128|128|2012-07-06|52.3|52.53|51.29|51.32|1251278|USD|128|0.972|0.5800469546103387|2013-11-05|2|2013-11-05|2|2013-11-05|2
129|129|2012-07-09|50.85|50.93|50.2|50.33|2044260|USD|129|1.065|0.5974376182956795|2013-11-13|3|2013-11-13|3|2013-11-13|3
130|130|2012-07-10|54.13|55.35|54.0|54.6|7054060|USD|130|0.9990000000000001|0.5801052846225137|2013-11-14|2|2013-11-14|2|2013-11-14|2
131|131|2012-07-11|54.09|54.21|52.9|53.16|2272003|USD|131|0.99|0.5733217476775226|2013-11-15|3|2013-11-15|3|2013-11-15|3
132|132|2012-07-12|53.54|53.54|52.18|52.44|3336030|USD|132|0.982|0.5819609203057884|2013-11-18|2|2013-11-18|2|2013-11-18|2
133|133|2012-07-13|52.6|53.28|52.5|53.16|1472909|USD|133|1.012|0.5834706673726459|2013-11-19|2|2013-11-19|2|2013-11-19|2
134|134|2012-07-16|53.21|53.26|52.65|52.95|1034592|USD|134|1.006|0.5840425392085918|2013-11-20|2|2013-11-20|2|2013-11-20|2
135|135|2012-07-17|53.54|53.71|52.34|53.48|1230791|USD|135|1.0070000000000001|0.5656437725183828|2013-11-25|5|2013-11-25|5|2013-11-25|5
136|136|2012-07-18|53.91|56.93|53.75|56.67|2684805|USD|136|1.081|0.5619741833208488|2013-11-26|4|2013-11-26|4|2013-11-26|4
137|137|2012-07-19|58.25|58.28|57.26|57.9|2339324|USD|137|0.995|0.5117632069686654|2013-11-29|1|2013-11-29|1|2013-11-29|1
138|138|2012-07-20|57.96|58.33|57.19|57.61|1498215|USD|138|0.9740000000000001|0.5151510356392521|2013-12-02|2|2013-12-02|2|2013-12-02|2
139|139|2012-07-23|56.44|58.04|56.19|57.64|1536977|USD|139|1.002|0.5406867155111752|2013-12-03|2|2013-12-03|2|2013-12-03|2
140|140|2012-07-24|56.56|57.05|56.32|56.68|2759689|USD|140|1.024|0.5362254345909471|2013-12-09|3|2013-12-09|3|2013-12-09|3
141|141|2012-07-25|57.92|57.93|56.41|56.67|2182976|USD|141|1.01|0.5110262733990864|2013-12-11|5|2013-12-11|5|2013-12-11|5
142|142|2012-07-26|58.52|59.5|58.17|59.34|1889607|USD|142|1.023|0.5083022114430056|2013-12-13|1|2013-12-13|1|2013-12-13|1
143|143|2012-07-27|59.87|61.38|59.6|61.13|1511763|USD|143|1.0070000000000001|0.4807722711849492|2013-12-16|1|2013-12-16|1|2013-12-16|1
144|144|2012-07-30|60.27|61.48|60.27|61.06|2209415|USD|144|1.013|0.4601188329683612|2013-12-17|2|2013-12-17|2|2013-12-17|2
145|145|2012-07-31|61.04|61.42|59.69|59.72|2476224|USD|145|0.985|0.4632516522671006|2013-12-18|1|2013-12-18|1|2013-12-18|1
146|146|2012-08-01|60.13|60.17|58.65|58.71|1874909|USD|146|0.965|0.46586311213227294|2013-12-24|1|2013-12-24|1|2013-12-24|1
147|147|2012-08-02|58.02|58.77|57.62|58.01|2058113|USD|147|1.03|0.5239582320759973|2013-12-26|6|2013-12-26|6|2013-12-26|6
148|148|2012-08-03|59.78|60.82|59.61|60.36|2156852|USD|148|1.0070000000000001|0.5010856557619854|2013-12-27|2|2013-12-27|2|2013-12-27|2
149|149|2012-08-06|60.22|60.39|58.28|58.34|3008440|USD|149|1.003|0.4848183811814326|2013-12-30|1|2013-12-30|1|2013-12-30|1
150|150|2012-08-07|60.4|60.47|59.8|60.08|1412000|USD|150|0.975|0.4483076874574587|2014-01-03|1|2014-01-03|1|2014-01-03|1
151|151|2012-08-08|58.88|59.88|58.5|59.73|1517878|USD|151|1.012|0.4648014076018857|2014-01-06|1|2014-01-06|1|2014-01-06|1
152|152|2012-08-09|59.6|60.13|59.54|59.81|876095|USD|152|0.996|0.44038455326018894|2014-01-07|1|2014-01-07|1|2014-01-07|1
153|153|2012-08-10|59.38|59.91|59.21|59.82|486057|USD|153|1.002|0.4272731467614565|2014-01-17|1|2014-01-17|1|2014-01-17|1
154|154|2012-08-13|59.52|59.63|58.8|59.29|530582|USD|154|1.0070000000000001|0.4470539121496521|2014-01-21|2|2014-01-21|2|2014-01-21|2
155|155|2012-08-14|59.96|60.11|59.31|59.6|1136121|USD|155|0.995|0.41990369055226257|2014-01-22|1|2014-01-22|1|2014-01-22|1
156|156|2012-08-15|59.64|60.11|59.29|59.76|945034|USD|156|0.9940000000000001|0.4519415888601175|2014-01-23|1|2014-01-23|1|2014-01-23|1
157|157|2012-08-16|59.31|60.18|59.11|59.95|766354|USD|157|1.014|0.4519415888601147|2014-01-30|1|2014-01-30|1|2014-01-30|1
158|158|2012-08-17|60.12|60.31|59.72|60.3|561956|USD|158|0.9990000000000001|0.4416219922197434|2014-01-31|2|2014-01-31|2|2014-01-31|2
159|159|2012-08-20|60.04|60.49|59.83|60.19|654357|USD|159|1.018|0.4535325170863342|2014-02-05|1|2014-02-05|1|2014-02-05|1
160|160|2012-08-21|61.12|61.4|60.31|60.75|1233823|USD|160|0.9890000000000001|0.4428504838730765|2014-03-03|1|2014-03-03|1|2014-03-03|1
161|161|2012-08-22|60.44|61.21|60.35|61.13|781441|USD|161|1.003|0.4689440428401353|2014-03-04|1|2014-03-04|1|2014-03-04|1
162|162|2012-08-23|60.62|60.88|59.69|59.84|643096|USD|162|0.9840000000000001|0.4814034936925105|2014-03-12|1|2014-03-12|1|2014-03-12|1
163|163|2012-08-24|59.65|60.3|59.43|60.0|847757|USD|163|1.013|0.4774463794613138|2014-03-14|1|2014-03-14|1|2014-03-14|1
164|164|2012-08-27|60.4|60.41|59.72|60.26|864744|USD|164|0.9790000000000001|0.4533243713092373|2014-03-25|2|2014-03-25|2|2014-03-25|2
165|165|2012-08-28|59.16|59.16|58.08|58.46|2645221|USD|165|1.001|0.4547697419042282|2014-04-03|1|2014-04-03|1|2014-04-03|1
166|166|2012-08-29|59.23|59.56|58.77|59.19|937920|USD|166|0.995|0.44896399501085577|2014-04-07|1|2014-04-07|1|2014-04-07|1
167|167|2012-08-30|58.96|58.97|57.93|57.99|1444045|USD|167|0.9990000000000001|0.4539580964033585|2014-04-11|1|2014-04-11|1|2014-04-11|1
168|168|2012-08-31|58.88|59.14|58.23|58.96|826115|USD|168|1.002|0.441491157706115|2014-04-14|1|2014-04-14|1|2014-04-14|1
169|169|2012-09-04|58.98|59.05|57.95|58.29|832497|USD|169|0.997|0.4647681642550786|2014-04-15|1|2014-04-15|1|2014-04-15|1
170|170|2012-09-05|58.78|59.12|58.14|58.23|821982|USD|170|0.995|0.4479170770090459|2014-04-16|6|2014-04-16|6|2014-04-16|6
171|171|2012-09-06|58.49|60.28|58.45|60.1|1092741|USD|171|1.0070000000000001|0.4264881230609105|2014-04-17|2|2014-04-17|2|2014-04-17|2
172|172|2012-09-07|58.92|59.24|58.05|59.01|2894018|USD|172|0.9940000000000001|0.4449413992728743|2014-04-24|1|2014-04-24|1|2014-04-24|1
173|173|2012-09-10|58.55|58.61|57.5|57.56|1666957|USD|173|0.985|0.4752875393559019|2014-05-01|1|2014-05-01|1|2014-05-01|1
174|174|2012-09-11|57.65|58.27|57.44|57.7|964797|USD|174|1.016|0.4699608755724627|2014-05-06|1|2014-05-06|1|2014-05-06|1
175|175|2012-09-12|58.59|58.7|57.5|57.76|973959|USD|175|0.988|0.4831319823410384|2014-05-12|1|2014-05-12|1|2014-05-12|1
176|176|2012-09-13|57.9|58.58|57.49|58.32|1322448|USD|176|1.025|0.4909229883627786|2014-05-20|2|2014-05-20|2|2014-05-20|2
177|177|2012-09-14|59.35|60.41|59.05|59.33|1253158|USD|177|1.0070000000000001|0.4758502729066298|2014-06-11|2|2014-06-11|2|2014-06-11|2
178|178|2012-09-17|59.77|59.93|59.26|59.55|870481|USD|178|0.992|0.4853772722915624|2014-06-18|1|2014-06-18|1|2014-06-18|1
179|179|2012-09-18|59.3|59.3|58.34|58.57|1299290|USD|179|0.963|0.4877955815604183|2014-06-23|1|2014-06-23|1|2014-06-23|1
180|180|2012-09-19|57.12|57.54|56.61|56.66|3381826|USD|180|0.9940000000000001|0.5292062080853219|2014-06-24|1|2014-06-24|1|2014-06-24|1
181|181|2012-09-20|56.75|56.99|56.27|56.64|2815433|USD|181|0.988|0.5176585761757512|2014-06-30|1|2014-06-30|1|2014-06-30|1
182|182|2012-09-21|56.09|56.41|55.88|56.02|1918356|USD|182|0.981|0.535774891246628|2014-07-15|1|2014-07-15|1|2014-07-15|1
183|183|2012-09-24|55.0|55.27|54.37|54.41|2045263|USD|183|1.02|0.5364312501539246|2014-07-16|1|2014-07-16|1|2014-07-16|1
184|184|2012-09-25|56.09|56.5|55.32|55.47|2774772|USD|184|0.975|0.5258220976434052|2014-07-30|1|2014-07-30|1|2014-07-30|1
185|185|2012-09-26|54.66|54.92|53.83|54.69|2171987|USD|185|1.0270000000000001|0.529140635933976|2014-07-31|1|2014-07-31|1|2014-07-31|1
186|186|2012-09-27|56.12|56.53|55.4|56.32|1871400|USD|186|0.9940000000000001|0.5214801027757341|2014-08-08|1|2014-08-08|1|2014-08-08|1
187|187|2012-09-28|55.76|56.1|55.44|55.75|2119909|USD|187|1.003|0.5156764297948478|2014-08-12|1|2014-08-12|1|2014-08-12|1
188|188|2012-10-01|55.9|56.6|55.15|55.45|1309998|USD|188|1.012|0.5288580838765135|2014-09-10|1|2014-09-10|1|2014-09-10|1
189|189|2012-10-02|56.58|57.03|55.52|56.03|1757141|USD|189|1.0070000000000001|0.5060281644005878|2014-09-11|1|2014-09-11|1|2014-09-11|1
190|190|2012-10-03|56.95|57.22|56.57|57.07|1886754|USD|190|1.018|0.50422432132157|2014-09-12|1|2014-09-12|1|2014-09-12|1
191|191|2012-10-04|57.99|58.01|57.33|57.79|1498360|USD|191|1.0170000000000001|0.49756308673365|2014-09-17|1|2014-09-17|1|2014-09-17|1
192|192|2012-10-05|58.95|59.11|58.03|58.27|2326612|USD|192|0.9790000000000001|0.4944886824190175|2014-09-18|1|2014-09-18|1|2014-09-18|1
193|193|2012-10-08|57.7|57.74|56.9|57.13|1343109|USD|193|0.9840000000000001|0.5024825949221721|2014-09-23|1|2014-09-23|1|2014-09-23|1
194|194|2012-10-09|56.8|56.83|55.87|56.4|1848934|USD|194|0.981|0.5276065004330062|2014-09-24|1|2014-09-24|1|2014-09-24|1
195|195|2012-10-10|55.71|56.05|55.35|55.49|1011333|USD|195|0.9940000000000001|0.5548640439578185|2014-09-26|1|2014-09-26|1|2014-09-26|1
196|196|2012-10-11|55.35|56.02|54.88|55.08|1791917|USD|196|1.001|0.5610929343932656|2014-10-06|1|2014-10-06|1|2014-10-06|1
197|197|2012-10-12|55.4|55.9|54.9|55.03|3357493|USD|197|0.983|0.5579637870759471|2014-10-07|1|2014-10-07|1|2014-10-07|1
198|198|2012-10-15|54.48|54.95|53.89|54.84|1904399|USD|198|1.028|0.5881010086911066|2014-10-08|1|2014-10-08|1|2014-10-08|1
199|199|2012-10-16|56.03|56.19|55.52|55.65|2955813|USD|199|0.973|0.5741856062508763|2014-10-10|1|2014-10-10|1|2014-10-10|1
200|200|2012-10-17|54.54|54.67|50.61|52.01|18503822|USD|200|0.9590000000000001|0.5967192226381235|2014-10-14|1|2014-10-14|1|2014-10-14|1
201|201|2012-10-18|52.31|54.18|52.31|53.32|13391821|USD|201|1.03|0.6153670200864869|2014-10-15|3|2014-10-15|3|2014-10-15|3
202|202|2012-10-19|53.88|54.57|53.73|54.19|8227565|USD|202|1.037|0.5946723159769811|2014-10-16|1|2014-10-16|1|2014-10-16|1
203|203|2012-10-22|55.85|56.06|55.08|55.36|5877452|USD|203|0.976|0.5834852912821179|2014-10-31|1|2014-10-31|1|2014-10-31|1
204|204|2012-10-23|54.52|55.15|54.2|54.89|4052003|USD|204|1.036|0.6079591786181159|2014-11-04|1|2014-11-04|1|2014-11-04|1
205|205|2012-10-24|56.49|56.51|55.54|55.96|5489587|USD|205|1.001|0.5924740420296575|2014-12-04|1|2014-12-04|1|2014-12-04|1
206|206|2012-10-25|56.55|56.72|55.96|56.42|5069586|USD|206|1.001|0.6032123320887297|2014-12-19|1|2014-12-19|1|2014-12-19|1
207|207|2012-10-26|56.59|57.14|56.19|56.44|4113113|USD|207|1.022|0.5929215440072058|2014-12-22|1|2014-12-22|1|2014-12-22|1
208|208|2012-10-31|57.81|57.81|56.66|57.1|3339742|USD|208|0.996|0.5776638452991493|2014-12-26|1|2014-12-26|1|2014-12-26|1
209|209|2012-11-01|57.6|58.61|57.36|58.46|3074793|USD|209|1.03|0.5680416968169064|2015-01-06|1|2015-01-06|1|2015-01-06|1
210|210|2012-11-02|59.31|59.37|58.33|58.47|3710074|USD|210|0.976|0.5651177461016017|2015-01-20|1|2015-01-20|1|2015-01-20|1
211|211|2012-11-05|57.91|58.89|57.84|58.75|1177581|USD|211|1.018|0.5848589557925048|2015-01-21|1|2015-01-21|1|2015-01-21|1
212|212|2012-11-06|58.97|59.76|58.89|59.72|1232355|USD|212|0.982|0.5807385649594285|2015-01-22|1|2015-01-22|1|2015-01-22|1
213|213|2012-11-07|57.92|58.29|57.47|57.98|2290044|USD|213|1.002|0.5972692842180779|2015-02-24|1|2015-02-24|1|2015-02-24|1
214|214|2012-11-08|58.01|58.2|56.96|56.96|1744957|USD|214|0.98|0.5822736434602895|2015-02-27|1|2015-02-27|1|2015-02-27|1
215|215|2012-11-09|56.84|57.95|56.78|57.51|2095739|USD|215|1.014|0.6022299684972651|2015-03-02|1|2015-03-02|1|2015-03-02|1
216|216|2012-11-12|57.64|57.72|57.19|57.37|604441|USD|216|0.985|0.5944888216603669|2015-03-04|1|2015-03-04|1|2015-03-04|1
217|217|2012-11-13|56.75|57.61|56.62|56.91|1736421|USD|217|1.025|0.6098492216366195|2015-03-11|1|2015-03-11|1|2015-03-11|1
218|218|2012-11-14|58.17|58.24|57.1|57.25|3376482|USD|218|0.975|0.5841541547169016|2015-03-12|1|2015-03-12|1|2015-03-12|1
219|219|2012-11-15|56.73|56.93|55.41|55.6|2303823|USD|219|1.004|0.6106384697083139|2015-03-24|2|2015-03-24|2|2015-03-24|2
220|220|2012-11-16|56.93|57.14|56.01|57.03|2164808|USD|220|1.0070000000000001|0.6312811206055976|2015-03-26|1|2015-03-26|1|2015-03-26|1
221|221|2012-11-19|57.33|57.84|57.12|57.53|913465|USD|221|1.012|0.6253366216934529|2015-04-01|1|2015-04-01|1|2015-04-01|1
222|222|2012-11-20|58.04|58.19|57.33|57.75|1719594|USD|222|0.992|0.5952364640369818|2015-04-14|1|2015-04-14|1|2015-04-14|1
223|223|2012-11-21|57.57|57.69|56.94|57.15|1287892|USD|223|1.025|0.5832183810813802|2015-04-15|1|2015-04-15|1|2015-04-15|1
224|224|2012-11-23|59.0|60.29|58.72|59.75|1444490|USD|224|1.026|0.5659915304044736|2015-04-16|1|2015-04-16|1|2015-04-16|1
225|225|2012-11-26|60.52|60.55|59.52|60.1|1537469|USD|225|1.004|0.5461165595258881|2015-04-20|1|2015-04-20|1|2015-04-20|1
226|226|2012-11-27|60.74|61.43|60.43|60.91|1878747|USD|226|0.996|0.5572113628007207|2015-04-22|2|2015-04-22|2|2015-04-22|2
227|227|2012-11-28|60.47|61.54|60.16|61.53|1248260|USD|227|1.036|0.5689869592223026|2015-04-27|2|2015-04-27|2|2015-04-27|2
228|228|2012-11-29|62.62|63.4|61.92|62.46|3158348|USD|228|1.002|0.5418687908215042|2015-04-30|1|2015-04-30|1|2015-04-30|1
229|229|2012-11-30|62.72|63.08|62.11|62.57|2942396|USD|229|1.005|0.50503752736905|2015-05-07|1|2015-05-07|1|2015-05-07|1
230|230|2012-12-03|63.02|63.21|62.41|62.51|3635238|USD|230|0.9790000000000001|0.5058729640329358|2015-05-20|1|2015-05-20|1|2015-05-20|1
231|231|2012-12-04|61.72|61.94|60.9|61.42|4463280|USD|231|0.995|0.5517571918267048|2015-05-27|1|2015-05-27|1|2015-05-27|1
232|232|2012-12-05|61.4|62.27|61.38|62.19|2159743|USD|232|1.015|0.5858093997606534|2015-06-10|1|2015-06-10|1|2015-06-10|1
233|233|2012-12-06|62.32|62.72|62.04|62.55|2015557|USD|233|1.005|0.5839660224437396|2015-06-19|1|2015-06-19|1|2015-06-19|1
234|234|2012-12-07|62.64|63.52|62.55|63.5|1720248|USD|234|1.008|0.5752771007012457|2015-06-23|1|2015-06-23|1|2015-06-23|1
235|235|2012-12-10|63.13|63.83|63.13|63.62|1577110|USD|235|1.016|0.5814697611034323|2015-07-01|1|2015-07-01|1|2015-07-01|1
236|236|2012-12-11|64.14|64.37|63.84|63.88|1059888|USD|236|0.9890000000000001|0.589369875354384|2015-07-14|1|2015-07-14|1|2015-07-14|1
237|237|2012-12-12|63.42|63.79|63.09|63.34|1953874|USD|237|1.0|0.6203348542028031|2015-07-15|3|2015-07-15|3|2015-07-15|3
238|238|2012-12-13|63.4|63.47|62.63|62.7|2274405|USD|238|0.985|0.605634535202848|2015-07-24|2|2015-07-24|2|2015-07-24|2
239|239|2012-12-14|62.42|63.79|62.42|63.64|3746874|USD|239|1.025|0.6235464110623354|2015-08-04|1|2015-08-04|1|2015-08-04|1
240|240|2012-12-17|64.0|64.0|63.33|63.6|2016538|USD|240|0.997|0.6110159600734195|2015-08-05|1|2015-08-05|1|2015-08-05|1
241|241|2012-12-18|63.8|64.09|63.68|64.03|2379973|USD|241|1.012|0.6273051720006406|2015-08-06|2|2015-08-06|2|2015-08-06|2
242|242|2012-12-19|64.59|64.72|63.75|64.15|2832861|USD|242|0.9990000000000001|0.6137830538925485|2015-08-07|1|2015-08-07|1|2015-08-07|1
243|243|2012-12-20|64.53|64.97|64.23|64.68|1146887|USD|243|0.986|0.6053730966089459|2015-08-11|4|2015-08-11|4|2015-08-11|4
244|244|2012-12-21|63.6|63.72|62.95|63.44|2110303|USD|244|1.0|0.6145462938564386|2015-08-12|3|2015-08-12|3|2015-08-12|3
245|245|2012-12-24|63.58|63.69|63.15|63.27|350417|USD|245|1.004|0.6090911354854781|2015-08-13|2|2015-08-13|2|2015-08-13|2
246|246|2012-12-26|63.81|63.86|62.6|63.03|841322|USD|246|1.0|0.602576860285094|2015-08-14|3|2015-08-14|3|2015-08-14|3
247|247|2012-12-27|63.81|63.87|62.56|63.57|1147410|USD|247|0.993|0.602576860285094|2015-08-18|3|2015-08-18|3|2015-08-18|3
248|248|2012-12-28|63.39|63.57|62.95|63.13|768904|USD|248|0.997|0.6072642837012707|2015-08-19|1|2015-08-19|1|2015-08-19|1
249|249|2012-12-31|63.17|64.52|63.09|64.39|1710504|USD|249|1.044|0.6031339739064664|2015-08-20|4|2015-08-20|4|2015-08-20|4
250|250|2013-01-02|65.98|66.78|65.78|66.78|1824002|USD|250|1.0|0.5754666562829006|2015-08-26|6|2015-08-26|6|2015-08-26|6
251|251|2013-01-03|65.99|66.29|65.06|65.38|1725350|USD|251|0.98|0.5774387546399796|2015-08-27|2|2015-08-27|2|2015-08-27|2
252|252|2013-01-04|64.64|65.05|64.35|64.71|3170732|USD|252|0.98|0.5923646288181622|2015-08-31|2|2015-08-31|2|2015-08-31|2
253|253|2013-01-07|63.35|63.87|63.09|63.66|2066066|USD|253|1.001|0.6094736223020053|2015-09-01|1|2015-09-01|1|2015-09-01|1
254|254|2013-01-08|63.4|63.57|62.8|63.14|1182312|USD|254|1.0|0.5739763266334185|2015-09-03|1|2015-09-03|1|2015-09-03|1
255|255|2013-01-09|63.42|63.8|63.29|63.5|879097|USD|255|1.018|0.5733325869170334|2015-09-10|2|2015-09-10|2|2015-09-10|2
256|256|2013-01-10|64.56|64.69|63.94|64.67|1648268|USD|256|1.01|0.5779528326068808|2015-09-25|1|2015-09-25|1|2015-09-25|1
257|257|2013-01-11|65.23|65.76|64.94|65.42|1517986|USD|257|1.0|0.5521160348449028|2015-09-29|1|2015-09-29|1|2015-09-29|1
258|258|2013-01-14|65.2|65.27|64.25|64.4|1476964|USD|258|0.963|0.5521160348449028|2015-10-13|1|2015-10-13|1|2015-10-13|1
259|259|2013-01-15|62.8|63.28|62.72|63.08|1561211|USD|259|1.006|0.5834832301762538|2015-10-15|1|2015-10-15|1|2015-10-15|1
260|260|2013-01-16|63.17|63.99|63.14|63.82|1615111|USD|260|1.037|0.5708402143766456|2015-10-19|1|2015-10-19|1|2015-10-19|1
261|261|2013-01-17|65.48|69.62|65.37|68.35|8010251|USD|261|1.053|0.5581945975749029|2015-10-29|1|2015-10-29|1|2015-10-29|1
262|262|2013-01-18|68.95|69.32|68.44|69.17|2758919|USD|262|1.012|0.5294865665751278|2015-11-02|1|2015-11-02|1|2015-11-02|1
263|263|2013-01-22|69.76|70.04|69.34|69.92|1369067|USD|263|0.993|0.5362705115916655|2015-11-04|1|2015-11-04|1|2015-11-04|1
264|264|2013-01-23|69.25|69.46|68.51|69.24|1824718|USD|264|1.018|0.5294161376808795|2015-11-13|1|2015-11-13|1|2015-11-13|1
265|265|2013-01-24|70.49|71.3|70.35|71.16|2386480|USD|265|1.031|0.4999999999999973|2015-11-18|1|2015-11-18|1|2015-11-18|1
266|266|2013-01-25|72.69|74.24|72.52|74.04|3442936|USD|266|1.048|0.4674859236375276|2015-11-19|1|2015-11-19|1|2015-11-19|1
267|267|2013-01-28|76.21|76.44|74.7|75.47|3454501|USD|267|0.98|0.4354887835857287|2015-11-23|1|2015-11-23|1|2015-11-23|1
268|268|2013-01-29|74.71|75.31|74.59|75.27|1665804|USD|268|1.012|0.4444427823579792|2015-12-01|1|2015-12-01|1|2015-12-01|1
269|269|2013-01-30|75.57|75.98|75.02|75.22|1658321|USD|269|1.002|0.4473281732702442|2015-12-10|1|2015-12-10|1|2015-12-10|1
270|270|2013-01-31|75.69|75.9|74.69|75.09|1844596|USD|270|1.026|0.4581455167370154|2015-12-16|1|2015-12-16|1|2015-12-16|1
271|271|2013-02-01|77.64|78.3|76.73|78.21|3894765|USD|271|0.991|0.4130540364793014|2015-12-31|1|2015-12-31|1|2015-12-31|1
272|272|2013-02-04|76.96|77.66|76.22|76.43|1302285|USD|272|0.987|0.4187121543056727|2016-01-15|1|2016-01-15|1|2016-01-15|1
273|273|2013-02-05|75.99|77.09|75.92|76.5|4528706|USD|273|0.9990000000000001|0.4300348222305828|2016-01-19|1|2016-01-19|1|2016-01-19|1
274|274|2013-02-06|75.88|76.6|75.36|75.99|1089721|USD|274|0.992|0.4258508809017386|2016-01-20|3|2016-01-20|3|2016-01-20|3
275|275|2013-02-07|75.31|75.39|74.44|75.29|1396339|USD|275|0.9940000000000001|0.4220397025848914|2016-01-21|1|2016-01-21|1|2016-01-21|1
276|276|2013-02-08|74.87|75.44|74.58|74.78|1612859|USD|276|1.0|0.4279348104420027|2016-01-22|1|2016-01-22|1|2016-01-22|1
277|277|2013-02-11|74.88|75.09|74.49|74.91|645548|USD|277|1.0|0.41683946052537457|2016-02-29|1|2016-02-29|1|2016-02-29|1
278|278|2013-02-12|74.86|75.45|74.69|74.96|771314|USD|278|0.991|0.3941059377513724|2016-03-03|1|2016-03-03|1|2016-03-03|1
279|279|2013-02-13|74.18|74.98|73.96|74.26|1644275|USD|279|0.992|0.4229085869014961|2016-03-10|1|2016-03-10|1|2016-03-10|1
280|280|2013-02-14|73.61|74.93|73.43|74.85|939556|USD|280|1.003|0.4436447219506173|2016-03-21|1|2016-03-21|1|2016-03-21|1
281|281|2013-02-15|73.86|73.9|72.51|72.64|1553928|USD|281|1.0|0.4271111066847576|2016-04-19|1|2016-04-19|1|2016-04-19|1
282|282|2013-02-19|73.83|74.05|73.3|73.96|1050868|USD|282|1.002|0.4364698866503301|2016-04-20|2|2016-04-20|2|2016-04-20|2
283|283|2013-02-20|74.01|74.37|72.14|72.15|1005880|USD|283|0.958|0.4173745789698927|2016-04-21|2|2016-04-21|2|2016-04-21|2
284|284|2013-02-21|70.92|70.97|70.36|70.62|1237654|USD|284|0.9990000000000001|0.4439662631301151|2016-04-22|1|2016-04-22|1|2016-04-22|1
285|285|2013-02-22|70.84|71.83|70.5|71.65|1217701|USD|285|1.0270000000000001|0.4575292568542421|2016-05-02|1|2016-05-02|1|2016-05-02|1
286|286|2013-02-25|72.75|72.96|69.67|69.73|1522292|USD|286|0.971|0.4378002790989749|2016-05-06|1|2016-05-06|1|2016-05-06|1
287|287|2013-02-26|70.64|71.94|70.43|71.55|1599814|USD|287|1.0|0.465207570131898|2016-05-24|1|2016-05-24|1|2016-05-24|1
288|288|2013-02-27|70.67|71.83|70.65|71.79|1356522|USD|288|1.008|0.4868084438483338|2016-05-26|1|2016-05-26|1|2016-05-26|1
289|289|2013-02-28|71.26|71.83|70.97|70.98|1357819|USD|289|0.987|0.4797425684150468|2016-05-27|1|2016-05-27|1|2016-05-27|1
290|290|2013-03-01|70.32|71.88|69.9|71.63|2732098|USD|290|1.013|0.4797425684150441|2016-06-27|1|2016-06-27|1|2016-06-27|1
291|291|2013-03-04|71.26|71.29|70.16|71.0|1286456|USD|291|1.004|0.4638456273634972|2016-07-14|1|2016-07-14|1|2016-07-14|1
292|292|2013-03-05|71.58|72.82|71.46|72.28|1644266|USD|292|1.022|0.509049108106508|2016-07-19|1|2016-07-19|1|2016-07-19|1
293|293|2013-03-06|73.15|73.24|71.94|72.04|1581986|USD|293|0.9840000000000001|0.4940696780289499|2016-07-20|1|2016-07-20|1|2016-07-20|1
294|294|2013-03-07|71.97|72.05|70.75|70.84|1399863|USD|294|0.977|0.5073205338058452|2016-07-21|2|2016-07-21|2|2016-07-21|2
295|295|2013-03-08|70.28|70.37|69.42|69.73|2321966|USD|295|0.987|0.515579564934596|2016-07-26|1|2016-07-26|1|2016-07-26|1
296|296|2013-03-11|69.36|70.54|69.26|69.98|1121494|USD|296|1.015|0.5319543314519861|2016-08-05|1|2016-08-05|1|2016-08-05|1
297|297|2013-03-12|70.4|70.41|69.23|69.46|1690665|USD|297|0.992|0.5306638308492699|2016-08-17|2|2016-08-17|2|2016-08-17|2
298|298|2013-03-13|69.82|70.41|69.31|69.69|1676663|USD|298|1.015|0.5526534840370286|2016-08-24|1|2016-08-24|1|2016-08-24|1
299|299|2013-03-14|70.88|71.86|70.88|71.8|1576151|USD|299|1.014|0.5304178001143905|2016-09-08|1|2016-09-08|1|2016-09-08|1
300|300|2013-03-15|71.88|71.9|69.92|70.83|3374447|USD|300|0.973|0.5259320607259337|2016-09-12|1|2016-09-12|1|2016-09-12|1
301|301|2013-03-18|69.94|70.6|69.44|69.77|960819|USD|301|0.998|0.5460972436621988|2016-10-07|1|2016-10-07|1|2016-10-07|1
302|302|2013-03-19|69.77|70.24|68.72|69.62|1220409|USD|302|1.001|0.5439750634844068|2016-10-10|1|2016-10-10|1|2016-10-10|1
303|303|2013-03-20|69.84|70.18|69.69|69.97|1173555|USD|303|0.9940000000000001|0.5512856020248577|2016-10-11|1|2016-10-11|1|2016-10-11|1
304|304|2013-03-21|69.44|70.03|69.16|69.22|1206013|USD|304|0.987|0.5726151622255206|2016-10-18|1|2016-10-18|1|2016-10-18|1
305|305|2013-03-22|68.52|68.73|67.92|68.32|2700171|USD|305|1.001|0.5799827602144993|2016-10-19|1|2016-10-19|1|2016-10-19|1
306|306|2013-03-25|68.56|69.37|68.16|68.68|1240065|USD|306|0.986|0.5826621996231076|2016-10-25|1|2016-10-25|1|2016-10-25|1
307|307|2013-03-26|67.59|67.82|66.2|66.96|2013848|USD|307|0.9640000000000001|0.5931712790972912|2016-10-31|1|2016-10-31|1|2016-10-31|1
308|308|2013-03-27|65.13|66.32|64.93|66.26|3850318|USD|308|1.024|0.6223943043764972|2016-11-11|1|2016-11-11|1|2016-11-11|1
309|309|2013-03-28|66.69|68.18|66.64|67.99|2376382|USD|309|1.018|0.6136919843159171|2016-11-21|1|2016-11-21|1|2016-11-21|1
310|310|2013-04-01|67.89|68.45|66.89|67.08|1395794|USD|310|0.9790000000000001|0.6044753973255148|2016-11-29|1|2016-11-29|1|2016-11-29|1
311|311|2013-04-02|66.48|67.55|66.47|66.84|1308034|USD|311|1.012|0.620730766941884|2016-12-05|1|2016-12-05|1|2016-12-05|1
312|312|2013-04-03|67.28|67.47|65.94|66.24|2014349|USD|312|0.972|0.6126621440345343|2016-12-08|1|2016-12-08|1|2016-12-08|1
313|313|2013-04-04|65.42|66.11|65.06|66.08|2196194|USD|313|1.002|0.6519598562586046|2016-12-21|1|2016-12-21|1|2016-12-21|1
314|314|2013-04-05|65.57|66.79|65.12|66.71|1459665|USD|314|1.016|0.6435176431058925|2016-12-23|1|2016-12-23|1|2016-12-23|1
315|315|2013-04-08|66.64|67.06|65.81|67.05|2124621|USD|315|1.004|0.6462716081856109|2016-12-27|1|2016-12-27|1|2016-12-27|1
316|316|2013-04-09|66.9|67.51|66.62|67.09|1688935|USD|316|1.008|0.6527995877174811|2017-01-13|1|2017-01-13|1|2017-01-13|1
317|317|2013-04-10|67.46|69.24|67.39|68.66|1842802|USD|317|1.026|0.6436586097416497|2017-01-17|2|2017-01-17|2|2017-01-17|2
318|318|2013-04-11|69.21|70.19|68.96|69.32|1677603|USD|318|0.9990000000000001|0.6190604187547232|2017-01-18|2|2017-01-18|2|2017-01-18|2
319|319|2013-04-12|69.14|69.35|68.18|69.11|1383422|USD|319|0.987|0.623302050042285|2017-01-19|1|2017-01-19|1|2017-01-19|1
320|320|2013-04-15|68.23|68.46|66.4|66.47|1339350|USD|320|0.993|0.6568712713783208|2017-01-20|2|2017-01-20|2|2017-01-20|2
321|321|2013-04-16|67.75|68.27|67.12|67.78|1621457|USD|321|1.064|0.6666683359741762|2017-02-07|2|2017-02-07|2|2017-02-07|2
322|322|2013-04-17|72.09|72.09|68.41|69.48|5779260|USD|322|0.9990000000000001|0.6580054175596516|2017-02-22|2|2017-02-22|2|2017-02-22|2
323|323|2013-04-18|72.0|72.1|71.12|71.41|3104429|USD|323|1.004|0.6580054175596516|2017-02-28|1|2017-02-28|1|2017-02-28|1
324|324|2013-04-19|72.31|72.64|71.35|71.99|2394193|USD|324|0.9890000000000001|0.6344250302257899|2017-03-02|1|2017-03-02|1|2017-03-02|1
325|325|2013-04-22|71.51|71.66|70.6|71.24|1057975|USD|325|1.011|0.6275931354030788|2017-03-10|1|2017-03-10|1|2017-03-10|1
326|326|2013-04-23|72.32|73.04|71.75|72.48|1660558|USD|326|1.013|0.5989233876316772|2017-03-13|1|2017-03-13|1|2017-03-13|1
327|327|2013-04-24|73.23|73.88|72.89|73.54|1173102|USD|327|1.026|0.5790696286766491|2017-03-14|1|2017-03-14|1|2017-03-14|1
328|328|2013-04-25|75.13|75.81|74.62|74.78|1382659|USD|328|0.982|0.5641031207117092|2017-03-20|2|2017-03-20|2|2017-03-20|2
329|329|2013-04-26|73.77|74.08|73.0|73.72|1686907|USD|329|1.0070000000000001|0.5967500890352552|2017-03-28|1|2017-03-28|1|2017-03-28|1
330|330|2013-04-29|74.32|75.11|74.12|74.56|761112|USD|330|1.001|0.5759660572549239|2017-04-10|1|2017-04-10|1|2017-04-10|1
331|331|2013-04-30|74.4|74.65|73.68|74.37|888601|USD|331|0.995|0.5789683653749179|2017-04-18|2|2017-04-18|2|2017-04-18|2
332|332|2013-05-01|74.0|74.5|73.75|74.02|1569598|USD|332|1.012|0.5625706231692972|2017-04-19|2|2017-04-19|2|2017-04-19|2
333|333|2013-05-02|74.91|76.21|74.65|75.9|1372863|USD|333|1.028|0.5689836452706446|2017-04-21|1|2017-04-21|1|2017-04-21|1
334|334|2013-05-03|76.98|77.86|76.93|77.5|1810810|USD|334|0.997|0.5490274224436076|2017-04-27|1|2017-04-27|1|2017-04-27|1
335|335|2013-05-06|76.76|77.18|76.17|76.22|888254|USD|335|1.005|0.5436464978251843|2017-05-04|1|2017-05-04|1|2017-05-04|1
336|336|2013-05-07|77.18|77.18|76.39|77.03|674609|USD|336|1.0|0.557038955961328|2017-05-12|1|2017-05-12|1|2017-05-12|1
337|337|2013-05-08|77.19|77.47|76.23|76.62|1458838|USD|337|0.995|0.5184078961306462|2017-05-15|1|2017-05-15|1|2017-05-15|1
338|338|2013-05-09|76.82|77.44|76.27|76.42|1236951|USD|338|1.0090000000000001|0.5008404884318987|2017-05-16|3|2017-05-16|3|2017-05-16|3
339|339|2013-05-10|77.5|78.41|77.04|78.31|1474281|USD|339|1.004|0.4675617101386053|2017-05-17|3|2017-05-17|3|2017-05-17|3
340|340|2013-05-13|77.84|78.04|77.33|77.55|1759166|USD|340|0.996|0.4741048631037944|2017-05-18|1|2017-05-18|1|2017-05-18|1
341|341|2013-05-14|77.54|77.87|77.26|77.63|675214|USD|341|1.001|0.4984934592100506|2017-05-22|1|2017-05-22|1|2017-05-22|1
342|342|2013-05-15|77.58|78.6|77.58|78.53|1928127|USD|342|1.012|0.5082023235633648|2017-05-23|3|2017-05-23|3|2017-05-23|3
343|343|2013-05-16|78.49|78.85|77.59|77.71|951451|USD|343|0.993|0.5103963458945886|2017-06-12|2|2017-06-12|2|2017-06-12|2
344|344|2013-05-17|77.94|78.98|77.88|78.97|738123|USD|344|1.021|0.5215345416390871|2017-06-21|1|2017-06-21|1|2017-06-21|1
345|345|2013-05-20|79.6|80.05|79.48|79.99|1122036|USD|345|1.013|0.4932696145117713|2017-06-23|2|2017-06-23|2|2017-06-23|2
346|346|2013-05-21|80.63|80.88|80.24|80.67|1072418|USD|346|0.997|0.4841486001546976|2017-06-26|1|2017-06-26|1|2017-06-26|1
347|347|2013-05-22|80.41|81.15|79.66|80.08|2192291|USD|347|0.992|0.5127362871476636|2017-06-27|1|2017-06-27|1|2017-06-27|1
348|348|2013-05-23|79.75|80.51|79.6|80.06|1495463|USD|348|1.004|0.5352494429281368|2017-07-12|2|2017-07-12|2|2017-07-12|2
349|349|2013-05-24|80.05|81.69|80.04|81.3|2015204|USD|349|1.0390000000000001|0.5168950929341312|2017-07-17|2|2017-07-17|2|2017-07-17|2
350|350|2013-05-28|83.18|84.58|83.11|84.08|1875821|USD|350|1.004|0.5007163822991129|2017-07-18|3|2017-07-18|3|2017-07-18|3
351|351|2013-05-29|83.48|83.88|83.0|83.16|1252230|USD|351|1.006|0.5286853305046106|2017-07-19|2|2017-07-19|2|2017-07-19|2
352|352|2013-05-30|83.94|84.15|83.33|83.61|889106|USD|352|0.9990000000000001|0.5337087614128126|2017-07-20|1|2017-07-20|1|2017-07-20|1
353|353|2013-05-31|83.83|84.55|81.21|81.27|9219404|USD|353|0.985|0.5356593164689857|2017-07-21|1|2017-07-21|1|2017-07-21|1
354|354|2013-06-03|82.54|83.49|81.56|81.7|9078471|USD|354|0.9840000000000001|0.5411679761328965|2017-07-27|1|2017-07-27|1|2017-07-27|1
355|355|2013-06-04|81.18|81.35|79.75|79.8|4085621|USD|355|0.9840000000000001|0.5740640162581134|2017-08-01|1|2017-08-01|1|2017-08-01|1
356|356|2013-06-05|79.87|79.87|77.53|77.88|3580392|USD|356|0.992|0.5666362759313798|2017-08-02|1|2017-08-02|1|2017-08-02|1
357|357|2013-06-06|79.24|80.01|78.29|79.56|4877599|USD|357|1.0070000000000001|0.5724698429394832|2017-08-04|1|2017-08-04|1|2017-08-04|1
358|358|2013-06-07|79.76|80.76|79.51|80.59|1357107|USD|358|1.012|0.5687974043315612|2017-08-09|1|2017-08-09|1|2017-08-09|1
359|359|2013-06-10|80.73|81.1|80.39|80.67|781836|USD|359|0.988|0.5563820106054963|2017-08-10|3|2017-08-10|3|2017-08-10|3
360|360|2013-06-11|79.76|80.23|78.84|79.41|1445702|USD|360|1.004|0.5715356910998673|2017-08-14|2|2017-08-14|2|2017-08-14|2
361|361|2013-06-12|80.04|80.14|78.58|78.68|599101|USD|361|0.981|0.5702964525586823|2017-08-15|3|2017-08-15|3|2017-08-15|3
362|362|2013-06-13|78.54|80.4|78.39|80.18|1435580|USD|362|1.02|0.5822257793714122|2017-08-16|5|2017-08-16|5|2017-08-16|5
363|363|2013-06-14|80.1|80.5|79.75|79.77|676888|USD|363|1.004|0.5772014850885084|2017-08-17|3|2017-08-17|3|2017-08-17|3
364|364|2013-06-17|80.45|80.53|78.67|79.27|1387814|USD|364|0.992|0.5765683372554516|2017-08-18|2|2017-08-18|2|2017-08-18|2
365|365|2013-06-18|79.82|80.45|79.55|80.35|567403|USD|365|1.02|0.5772666072328461|2017-08-22|4|2017-08-22|4|2017-08-22|4
366|366|2013-06-19|81.43|81.83|80.04|80.08|784260|USD|366|0.963|0.5727593322495733|2017-08-23|2|2017-08-23|2|2017-08-23|2
367|367|2013-06-20|78.43|78.49|76.67|77.07|880496|USD|367|0.975|0.6052793520081965|2017-08-28|4|2017-08-28|4|2017-08-28|4
368|368|2013-06-21|76.48|76.96|76.09|76.42|803129|USD|368|0.9670000000000001|0.6293665503002908|2017-08-29|3|2017-08-29|3|2017-08-29|3
369|369|2013-06-24|73.95|75.03|73.89|74.51|1031023|USD|369|1.012|0.6717795650813616|2017-08-30|1|2017-08-30|1|2017-08-30|1
370|370|2013-06-25|74.81|76.08|74.12|75.75|1064832|USD|370|1.0270000000000001|0.6545486382636638|2017-09-01|1|2017-09-01|1|2017-09-01|1
371|371|2013-06-26|76.84|77.17|76.28|76.83|654321|USD|371|1.014|0.6433608024741047|2017-09-06|2|2017-09-06|2|2017-09-06|2
372|372|2013-06-27|77.93|78.42|77.8|78.05|572351|USD|372|1.015|0.6268215507991544|2017-09-07|1|2017-09-07|1|2017-09-07|1
373|373|2013-06-28|79.09|79.84|78.3|79.11|1582459|USD|373|1.008|0.6124750228660212|2017-09-08|1|2017-09-08|1|2017-09-08|1
374|374|2013-07-01|79.71|79.86|78.18|78.4|1265427|USD|374|0.983|0.6102452287902356|2017-09-11|1|2017-09-11|1|2017-09-11|1
375|375|2013-07-02|78.38|79.13|78.15|78.58|503483|USD|375|1.001|0.6389288898976411|2017-09-12|1|2017-09-12|1|2017-09-12|1
376|376|2013-07-03|78.43|79.96|78.24|79.68|431356|USD|376|1.036|0.6226110694551091|2017-09-13|4|2017-09-13|4|2017-09-13|4
377|377|2013-07-05|81.22|82.36|80.7|82.1|1093109|USD|377|1.025|0.5982425699366972|2017-09-14|2|2017-09-14|2|2017-09-14|2
378|378|2013-07-08|83.23|83.25|81.35|81.53|1402510|USD|378|0.978|0.5844011955154335|2017-09-15|1|2017-09-15|1|2017-09-15|1
379|379|2013-07-09|81.37|82.23|81.04|82.13|1221601|USD|379|1.015|0.5966877541285648|2017-09-18|1|2017-09-18|1|2017-09-18|1
380|380|2013-07-10|82.61|84.03|82.58|83.85|824033|USD|380|1.047|0.5861895081855606|2017-09-20|1|2017-09-20|1|2017-09-20|1
381|381|2013-07-11|86.51|87.4|86.2|87.34|1250516|USD|381|1.014|0.5602407213819142|2017-09-21|1|2017-09-21|1|2017-09-21|1
382|382|2013-07-12|87.76|87.79|86.58|87.15|908681|USD|382|1.002|0.544889810490655|2017-09-22|1|2017-09-22|1|2017-09-22|1
383|383|2013-07-15|87.93|88.0|86.07|86.92|1235744|USD|383|0.993|0.5404794251210643|2017-09-27|6|2017-09-27|6|2017-09-27|6
384|384|2013-07-16|87.33|88.05|86.88|87.74|1589673|USD|384|1.0390000000000001|0.5218011759688241|2017-10-03|1|2017-10-03|1|2017-10-03|1
385|385|2013-07-17|90.76|90.83|87.86|88.97|1890771|USD|385|0.9740000000000001|0.4551542216584104|2017-10-04|3|2017-10-04|3|2017-10-04|3
386|386|2013-07-18|88.36|89.43|87.7|89.08|2103273|USD|386|1.001|0.4832476721466341|2017-10-09|2|2017-10-09|2|2017-10-09|2
387|387|2013-07-19|88.42|89.16|88.03|89.05|1182624|USD|387|1.001|0.4897467385612017|2017-10-10|2|2017-10-10|2|2017-10-10|2
388|388|2013-07-22|88.54|88.96|88.19|88.65|866903|USD|388|0.992|0.4923196549881236|2017-10-11|1|2017-10-11|1|2017-10-11|1
389|389|2013-07-23|87.82|89.0|87.77|88.57|1306620|USD|389|1.012|0.5000000516731522|2017-10-12|3|2017-10-12|3|2017-10-12|3
390|390|2013-07-24|88.9|89.27|88.29|88.41|1081109|USD|390|1.002|0.5063226402212382|2017-10-13|2|2017-10-13|2|2017-10-13|2
391|391|2013-07-25|89.11|89.68|88.86|89.67|1061899|USD|391|0.998|0.5113313382005833|2017-10-17|3|2017-10-17|3|2017-10-17|3
392|392|2013-07-26|88.9|89.28|88.56|89.18|820627|USD|392|1.011|0.5024905461598352|2017-10-18|6|2017-10-18|6|2017-10-18|6
393|393|2013-07-29|89.84|90.24|88.62|89.44|699364|USD|393|1.003|0.4974843227789296|2017-10-20|3|2017-10-20|3|2017-10-20|3
394|394|2013-07-30|90.1|90.43|89.61|90.09|797592|USD|394|0.993|0.4886878147366316|2017-10-30|1|2017-10-30|1|2017-10-30|1
395|395|2013-07-31|89.5|90.63|89.38|89.95|490788|USD|395|1.012|0.5306990624121061|2017-11-01|2|2017-11-01|2|2017-11-01|2
396|396|2013-08-01|90.59|91.35|89.83|91.19|1398704|USD|396|1.003|0.5241686417829112|2017-11-03|2|2017-11-03|2|2017-11-03|2
397|397|2013-08-02|90.87|91.99|90.46|91.93|924320|USD|397|1.003|0.5350534692832403|2017-11-07|1|2017-11-07|1|2017-11-07|1
398|398|2013-08-05|91.15|92.03|90.91|92.02|534835|USD|398|1.01|0.5143130932079821|2017-11-09|2|2017-11-09|2|2017-11-09|2
399|399|2013-08-06|92.02|92.32|91.53|92.06|1258538|USD|399|0.991|0.515379192130377|2017-11-10|1|2017-11-10|1|2017-11-10|1
400|400|2013-08-07|91.23|91.59|90.7|91.5|349260|USD|400|1.0070000000000001|0.5565788293520614|2017-11-13|1|2017-11-13|1|2017-11-13|1
401|401|2013-08-08|91.87|92.17|91.41|91.88|512806|USD|401|0.993|0.5556396753271783|2017-11-14|1|2017-11-14|1|2017-11-14|1
402|402|2013-08-09|91.21|91.73|91.13|91.48|1004970|USD|402|0.996|0.5659821122308466|2017-11-15|3|2017-11-15|3|2017-11-15|3
403|403|2013-08-12|90.85|91.6|90.81|91.4|339626|USD|403|1.005|0.5670437456039643|2017-11-16|2|2017-11-16|2|2017-11-16|2
404|404|2013-08-13|91.27|92.27|91.04|92.06|645479|USD|404|1.0170000000000001|0.5679938050258516|2017-11-17|1|2017-11-17|1|2017-11-17|1
405|405|2013-08-14|92.86|93.5|92.71|92.99|652066|USD|405|0.9840000000000001|0.5490463921591844|2017-11-21|2|2017-11-21|2|2017-11-21|2
406|406|2013-08-15|91.38|92.0|90.85|91.06|832910|USD|406|0.997|0.572533157092493|2017-11-22|1|2017-11-22|1|2017-11-22|1
407|407|2013-08-16|91.12|91.75|90.91|91.4|742145|USD|407|1.005|0.584869412843109|2017-11-24|1|2017-11-24|1|2017-11-24|1
408|408|2013-08-19|91.59|91.73|90.57|90.78|287662|USD|408|0.9890000000000001|0.5868175564104494|2017-11-27|1|2017-11-27|1|2017-11-27|1
409|409|2013-08-20|90.6|91.17|90.19|90.3|486772|USD|409|1.002|0.6032257989504881|2017-11-28|6|2017-11-28|6|2017-11-28|6
410|410|2013-08-21|90.8|90.95|89.82|90.22|451220|USD|410|1.0070000000000001|0.6185719745869029|2017-11-29|4|2017-11-29|4|2017-11-29|4
411|411|2013-08-22|91.41|92.17|89.71|90.8|773813|USD|411|0.9990000000000001|0.5920684690459547|2017-11-30|1|2017-11-30|1|2017-11-30|1
412|412|2013-08-23|91.32|91.44|90.73|90.83|849345|USD|412|0.998|0.5796996674317912|2017-12-01|1|2017-12-01|1|2017-12-01|1
413|413|2013-08-26|91.13|91.32|90.48|90.57|625507|USD|413|0.977|0.5910995763092112|2017-12-04|3|2017-12-04|3|2017-12-04|3
414|414|2013-08-27|89.05|89.31|87.48|87.92|844291|USD|414|0.98|0.5678756866460751|2017-12-12|1|2017-12-12|1|2017-12-12|1
415|415|2013-08-28|87.26|88.67|86.96|88.28|1181152|USD|415|0.9990000000000001|0.5961419390675892|2017-12-13|3|2017-12-13|3|2017-12-13|3
416|416|2013-08-29|87.17|88.54|87.13|87.92|1203905|USD|416|1.006|0.6051196455396617|2017-12-14|4|2017-12-14|4|2017-12-14|4
417|417|2013-08-30|87.69|87.99|86.83|87.06|1467683|USD|417|1.003|0.5946637972182315|2017-12-15|2|2017-12-15|2|2017-12-15|2
418|418|2013-09-03|87.99|88.55|87.63|88.39|1217692|USD|418|0.998|0.5937482029858664|2017-12-22|1|2017-12-22|1|2017-12-22|1
419|419|2013-09-04|87.85|89.96|87.68|89.6|1536268|USD|419|1.0170000000000001|0.5699706698837939|2017-12-27|5|2017-12-27|5|2017-12-27|5
420|420|2013-09-05|89.35|89.97|88.99|89.73|1308090|USD|420|1.006|0.5341487868707615|2017-12-28|1|2017-12-28|1|2017-12-28|1
421|421|2013-09-06|89.91|90.16|88.75|88.77|923037|USD|421|0.991|0.5256193742640674|2017-12-29|1|2017-12-29|1|2017-12-29|1
422|422|2013-09-09|89.07|90.03|88.59|89.44|601022|USD|422|1.0070000000000001|0.5300376986519024|2018-01-02|2|2018-01-02|2|2018-01-02|2
423|423|2013-09-10|89.72|90.46|89.6|90.37|599828|USD|423|0.996|0.5417559446955343|2018-01-03|1|2018-01-03|1|2018-01-03|1
424|424|2013-09-11|89.32|89.57|88.89|89.43|524975|USD|424|1.0290000000000001|0.5493131725104345|2018-01-04|1|2018-01-04|1|2018-01-04|1
425|425|2013-09-12|91.88|94.01|91.59|92.67|1236158|USD|425|1.006|0.5246908570493581|2018-01-05|2|2018-01-05|2|2018-01-05|2
426|426|2013-09-13|92.42|92.98|91.85|92.94|568273|USD|426|1.013|0.520325165677666|2018-01-09|2|2018-01-09|2|2018-01-09|2
427|427|2013-09-16|93.6|93.64|92.77|92.8|359921|USD|427|0.985|0.5044619762972645|2018-01-10|7|2018-01-10|7|2018-01-10|7
428|428|2013-09-17|92.22|92.98|92.02|92.91|684562|USD|428|1.011|0.5244457169175586|2018-01-11|2|2018-01-11|2|2018-01-11|2
429|429|2013-09-18|93.22|94.93|92.7|94.75|715816|USD|429|1.034|0.5155232664999759|2018-01-12|1|2018-01-12|1|2018-01-12|1
430|430|2013-09-19|96.37|96.39|95.14|95.64|615686|USD|430|1.006|0.4828629536584973|2018-01-15|3|2018-01-15|3|2018-01-15|3
431|431|2013-09-20|96.95|97.86|96.77|97.47|951939|USD|431|1.003|0.4687885345497237|2018-01-16|6|2018-01-16|6|2018-01-16|6
432|432|2013-09-23|97.23|97.42|95.8|95.88|456202|USD|432|0.997|0.4481354754330718|2018-01-17|15|2018-01-17|15|2018-01-17|15
433|433|2013-09-24|96.95|97.99|96.52|97.44|736699|USD|433|1.006|0.4313482112528006|2018-01-18|10|2018-01-18|10|2018-01-18|10
434|434|2013-09-25|97.55|98.37|97.17|97.81|551972|USD|434|0.997|0.43134821125279743|2018-01-22|4|2018-01-22|4|2018-01-22|4
435|435|2013-09-26|97.3|97.74|96.96|97.67|441537|USD|435|1.005|0.4182639281935415|2018-01-23|2|2018-01-23|2|2018-01-23|2
436|436|2013-09-27|97.8|98.48|97.34|98.45|741667|USD|436|1.0090000000000001|0.3944857334727739|2018-01-24|4|2018-01-24|4|2018-01-24|4
437|437|2013-09-30|98.7|99.5|98.46|98.76|673654|USD|437|1.0070000000000001|0.3977344208592735|2018-01-25|4|2018-01-25|4|2018-01-25|4
438|438|2013-10-01|99.38|100.95|99.31|100.91|537734|USD|438|1.003|0.3816313268982694|2018-01-26|3|2018-01-26|3|2018-01-26|3
439|439|2013-10-02|99.72|100.8|99.03|100.66|417403|USD|439|1.02|0.3787431812473945|2018-01-30|1|2018-01-30|1|2018-01-30|1
440|440|2013-10-03|101.73|101.85|99.87|100.55|1604154|USD|440|0.9840000000000001|0.3813442753564433|2018-01-31|1|2018-01-31|1|2018-01-31|1
441|441|2013-10-04|100.09|101.03|99.97|100.96|729123|USD|441|0.988|0.3989540958715501|2018-02-01|1|2018-02-01|1|2018-02-01|1
442|442|2013-10-07|98.93|99.84|98.89|99.46|1070609|USD|442|1.01|0.4127956711437543|2018-02-02|3|2018-02-02|3|2018-02-02|3
443|443|2013-10-08|99.96|100.11|97.28|97.43|963896|USD|443|0.96|0.4076800367933383|2018-02-04|1|2018-02-04|1|2018-02-04|1
444|444|2013-10-09|95.95|96.55|94.1|96.09|1256472|USD|444|1.008|0.4302116662668802|2018-02-06|1|2018-02-06|1|2018-02-06|1
445|445|2013-10-10|96.71|97.82|96.55|97.71|1060367|USD|445|1.0090000000000001|0.4214478849737485|2018-02-07|1|2018-02-07|1|2018-02-07|1
446|446|2013-10-11|97.55|98.05|97.43|97.88|817714|USD|446|0.995|0.4286865205544269|2018-02-09|1|2018-02-09|1|2018-02-09|1
447|447|2013-10-14|97.1|97.39|96.59|97.07|1105748|USD|447|1.002|0.44995258828333584|2018-02-12|5|2018-02-12|5|2018-02-12|5
448|448|2013-10-15|97.31|97.5|94.91|95.15|1908449|USD|448|0.976|0.4519858387954545|2018-02-13|2|2018-02-13|2|2018-02-13|2
449|449|2013-10-16|94.98|96.36|93.96|94.98|2244406|USD|449|0.977|0.4868036772660855|2018-02-14|1|2018-02-14|1|2018-02-14|1
450|450|2013-10-17|92.79|93.95|92.59|93.84|1599249|USD|450|0.996|0.5149627053187728|2018-02-15|10|2018-02-15|10|2018-02-15|10
451|451|2013-10-18|92.38|92.93|91.22|92.84|2663827|USD|451|0.996|0.5149627053187655|2018-02-16|2|2018-02-16|2|2018-02-16|2
452|452|2013-10-21|92.05|93.56|92.05|93.14|1394397|USD|452|1.022|0.5192760665304808|2018-02-20|1|2018-02-20|1|2018-02-20|1
453|453|2013-10-22|94.11|94.55|93.78|94.11|1774743|USD|453|1.005|0.4780430366465063|2018-02-21|3|2018-02-21|3|2018-02-21|3
454|454|2013-10-23|94.54|94.54|93.05|93.32|1399804|USD|454|0.998|0.4702647232491914|2018-02-22|3|2018-02-22|3|2018-02-22|3
455|455|2013-10-24|94.32|94.58|93.81|94.09|622482|USD|455|1.001|0.4608066960964512|2018-02-23|1|2018-02-23|1|2018-02-23|1
456|456|2013-10-25|94.45|94.47|93.44|94.31|599943|USD|456|0.995|0.4777924402707177|2018-02-26|6|2018-02-26|6|2018-02-26|6
457|457|2013-10-28|93.96|94.62|93.83|94.33|544667|USD|457|1.0070000000000001|0.4767590351563633|2018-02-27|2|2018-02-27|2|2018-02-27|2
458|458|2013-10-29|94.61|94.92|93.95|94.2|1003990|USD|458|1.001|0.4702525650812198|2018-02-28|2|2018-02-28|2|2018-02-28|2
459|459|2013-10-30|94.72|94.91|93.42|94.64|698618|USD|459|1.0|0.4541923819970463|2018-03-01|2|2018-03-01|2|2018-03-01|2
460|460|2013-10-31|94.71|95.05|94.06|94.69|472838|USD|460|0.992|0.4414738828393762|2018-03-02|2|2018-03-02|2|2018-03-02|2
461|461|2013-11-01|93.96|94.36|92.39|92.65|762329|USD|461|0.981|0.4424303824021471|2018-03-05|1|2018-03-05|1|2018-03-05|1
462|462|2013-11-04|92.18|92.41|91.57|91.77|1016314|USD|462|0.977|0.4565005089862229|2018-03-06|1|2018-03-06|1|2018-03-06|1
463|463|2013-11-05|90.06|91.05|89.77|90.52|797453|USD|463|1.006|0.4877505540850731|2018-03-07|2|2018-03-07|2|2018-03-07|2
464|464|2013-11-06|90.59|91.12|90.2|90.54|884841|USD|464|0.981|0.4989136368319058|2018-03-08|2|2018-03-08|2|2018-03-08|2
465|465|2013-11-07|88.87|89.21|87.26|87.3|1502203|USD|465|0.975|0.5324269800919157|2018-03-09|1|2018-03-09|1|2018-03-09|1
466|466|2013-11-08|86.66|87.81|86.34|87.37|1012931|USD|466|1.012|0.5789993054817141|2018-03-12|2|2018-03-12|2|2018-03-12|2
467|467|2013-11-11|87.66|88.06|87.22|87.38|1511768|USD|467|0.9890000000000001|0.5579243974565378|2018-03-13|2|2018-03-13|2|2018-03-13|2
468|468|2013-11-12|86.68|87.15|86.11|86.94|1965645|USD|468|1.0|0.5841025848083116|2018-03-14|2|2018-03-14|2|2018-03-14|2
469|469|2013-11-13|86.67|87.82|86.59|87.68|2201485|USD|469|1.022|0.6039661398076381|2018-03-15|4|2018-03-15|4|2018-03-15|4
470|470|2013-11-14|88.6|89.08|87.88|88.9|3110803|USD|470|1.005|0.5759638084212805|2018-03-16|2|2018-03-16|2|2018-03-16|2
471|471|2013-11-15|89.04|89.93|88.4|89.93|1255867|USD|471|1.004|0.5581077581217789|2018-03-26|1|2018-03-26|1|2018-03-26|1
472|472|2013-11-18|89.44|89.83|88.71|88.86|969872|USD|472|1.005|0.5418804308367634|2018-03-27|5|2018-03-27|5|2018-03-27|5
473|473|2013-11-19|89.93|90.05|88.53|89.12|1573492|USD|473|0.9940000000000001|0.5323286293236041|2018-03-28|3|2018-03-28|3|2018-03-28|3
474|474|2013-11-20|89.43|89.69|88.28|88.33|911565|USD|474|1.0|0.5222684402999704|2018-03-29|1|2018-03-29|1|2018-03-29|1
475|475|2013-11-21|89.4|90.18|89.3|89.92|1385667|USD|475|1.015|0.4955991072075568|2018-04-03|3|2018-04-03|3|2018-04-03|3
476|476|2013-11-22|90.76|91.84|90.59|91.72|1245233|USD|476|1.015|0.4819472572593453|2018-04-04|2|2018-04-04|2|2018-04-04|2
477|477|2013-11-25|92.14|92.49|91.63|92.08|760826|USD|477|1.004|0.4843228144190768|2018-04-05|1|2018-04-05|1|2018-04-05|1
478|478|2013-11-26|92.53|92.99|91.93|92.76|1075616|USD|478|1.012|0.4742493635198386|2018-04-09|1|2018-04-09|1|2018-04-09|1
479|479|2013-11-27|93.65|93.84|93.2|93.59|601630|USD|479|1.004|0.4578000489369157|2018-04-10|1|2018-04-10|1|2018-04-10|1
480|480|2013-11-29|94.01|94.09|93.28|93.38|423981|USD|480|0.996|0.4542689457539792|2018-04-11|1|2018-04-11|1|2018-04-11|1
481|481|2013-12-02|93.59|94.08|93.42|93.74|381105|USD|481|1.0|0.4599534116178517|2018-04-12|1|2018-04-12|1|2018-04-12|1
482|482|2013-12-03|93.61|94.23|93.39|93.78|566051|USD|482|0.9840000000000001|0.4260304871475062|2018-04-13|1|2018-04-13|1|2018-04-13|1
483|483|2013-12-04|92.14|93.03|90.95|91.48|871951|USD|483|0.998|0.4150696912129416|2018-04-16|1|2018-04-16|1|2018-04-16|1
484|484|2013-12-05|91.94|92.21|90.88|91.14|757299|USD|484|0.9890000000000001|0.4363627020137792|2018-04-17|1|2018-04-17|1|2018-04-17|1
485|485|2013-12-06|90.95|92.07|90.82|91.45|541340|USD|485|1.016|0.5073309222970116|2018-04-18|2|2018-04-18|2|2018-04-18|2
486|486|2013-12-09|92.41|92.85|91.66|91.8|871049|USD|486|0.9940000000000001|0.4873028030809252|2018-04-19|1|2018-04-19|1|2018-04-19|1
487|487|2013-12-10|91.81|92.04|90.9|91.04|672751|USD|487|1.001|0.4906318354132377|2018-04-26|1|2018-04-26|1|2018-04-26|1
488|488|2013-12-11|91.88|91.98|91.01|91.1|821208|USD|488|0.985|0.4781945009475337|2018-04-27|1|2018-04-27|1|2018-04-27|1
489|489|2013-12-12|90.54|90.65|89.27|89.37|1969603|USD|489|0.987|0.4840245257476232|2018-05-02|1|2018-05-02|1|2018-05-02|1
490|490|2013-12-13|89.34|89.4|87.82|88.1|1036776|USD|490|0.993|0.4758585435065714|2018-05-07|3|2018-05-07|3|2018-05-07|3
491|491|2013-12-16|88.72|89.33|87.97|88.22|1298092|USD|491|0.996|0.4929185012352093|2018-05-08|2|2018-05-08|2|2018-05-08|2
492|492|2013-12-17|88.37|88.44|87.76|87.91|608185|USD|492|1.0070000000000001|0.4719415137523364|2018-05-10|1|2018-05-10|1|2018-05-10|1
493|493|2013-12-18|88.98|89.98|88.54|89.78|874099|USD|493|1.016|0.48012948742955|2018-05-11|3|2018-05-11|3|2018-05-11|3
494|494|2013-12-19|90.43|91.08|89.94|90.84|721004|USD|494|1.011|0.4624773083376798|2018-05-14|1|2018-05-14|1|2018-05-14|1
495|495|2013-12-20|91.45|91.78|91.24|91.48|732315|USD|495|1.012|0.4586843869049693|2018-05-15|2|2018-05-15|2|2018-05-15|2
496|496|2013-12-23|92.57|92.66|91.68|92.24|495467|USD|496|0.9940000000000001|0.4619327106294096|2018-05-16|2|2018-05-16|2|2018-05-16|2
497|497|2013-12-24|91.97|92.85|91.97|92.65|135757|USD|497|1.01|0.4685978145607158|2018-05-17|4|2018-05-17|4|2018-05-17|4
498|498|2013-12-26|92.9|93.67|92.57|93.47|273502|USD|498|1.02|0.4679704683069093|2018-05-18|1|2018-05-18|1|2018-05-18|1
499|499|2013-12-27|94.78|94.83|93.9|94.07|924986|USD|499|0.995|0.4589395543019693|2018-05-22|1|2018-05-22|1|2018-05-22|1
500|500|2013-12-30|94.26|94.29|93.43|93.44|664084|USD|500|0.991|0.466992633159136|2018-05-23|3|2018-05-23|3|2018-05-23|3
501|501|2013-12-31|93.42|93.97|93.33|93.7|240332|USD|501|0.991|0.4652268081100199|2018-05-24|1|2018-05-24|1|2018-05-24|1
502|502|2014-01-02|92.62|92.82|92.02|92.36|649079|USD|502|0.997|0.4806298647082629|2018-05-29|4|2018-05-29|4|2018-05-29|4
503|503|2014-01-03|92.36|92.57|91.91|92.04|1084074|USD|503|0.986|0.4885406861680485|2018-05-30|3|2018-05-30|3|2018-05-30|3
504|504|2014-01-06|91.06|91.09|89.99|90.15|745103|USD|504|0.977|0.4939343814833839|2018-05-31|1|2018-05-31|1|2018-05-31|1
505|505|2014-01-07|88.97|89.6|88.81|89.39|880493|USD|505|1.003|0.5043201403745051|2018-06-01|1|2018-06-01|1|2018-06-01|1
506|506|2014-01-08|89.28|89.73|88.96|89.63|785002|USD|506|1.0170000000000001|0.5073919559629091|2018-06-04|2|2018-06-04|2|2018-06-04|2
507|507|2014-01-09|90.76|90.76|89.66|90.14|824049|USD|507|0.995|0.4950223337398859|2018-06-05|1|2018-06-05|1|2018-06-05|1
508|508|2014-01-10|90.28|91.07|90.08|91.07|759837|USD|508|0.998|0.4907058719223882|2018-06-06|2|2018-06-06|2|2018-06-06|2
509|509|2014-01-13|90.08|90.77|90.05|90.36|1158129|USD|509|1.001|0.4804111480826188|2018-06-11|1|2018-06-11|1|2018-06-11|1
510|510|2014-01-14|90.2|91.41|90.13|91.19|1124632|USD|510|1.001|0.4767502621055582|2018-06-13|3|2018-06-13|3|2018-06-13|3
511|511|2014-01-15|90.29|90.75|89.1|89.44|1521797|USD|511|0.9590000000000001|0.4817041980345414|2018-06-14|1|2018-06-14|1|2018-06-14|1
512|512|2014-01-16|86.57|86.67|84.84|85.22|2774666|USD|512|0.9670000000000001|0.4923723854619715|2018-06-19|2|2018-06-19|2|2018-06-19|2
513|513|2014-01-17|83.69|84.48|83.28|84.4|3130422|USD|513|1.0190000000000001|0.5396792892221466|2018-06-20|1|2018-06-20|1|2018-06-20|1
514|514|2014-01-21|85.3|87.28|84.88|87.15|3920251|USD|514|1.072|0.5325722650541191|2018-06-22|1|2018-06-22|1|2018-06-22|1
515|515|2014-01-22|91.43|92.29|90.15|91.29|3541223|USD|515|0.986|0.4936997045594091|2018-06-27|7|2018-06-27|7|2018-06-27|7
516|516|2014-01-23|90.17|90.17|87.28|88.39|2320319|USD|516|0.9990000000000001|0.51345087438551|2018-06-28|1|2018-06-28|1|2018-06-28|1
517|517|2014-01-24|90.04|90.09|87.48|87.59|2386327|USD|517|0.982|0.5094734963801724|2018-07-02|1|2018-07-02|1|2018-07-02|1
518|518|2014-01-27|88.44|88.51|87.05|87.62|1931706|USD|518|0.9940000000000001|0.5192854100337664|2018-07-05|1|2018-07-05|1|2018-07-05|1
519|519|2014-01-28|87.88|88.1|86.35|86.44|1367858|USD|519|0.9740000000000001|0.5233611010543708|2018-07-10|1|2018-07-10|1|2018-07-10|1
520|520|2014-01-29|85.6|86.72|85.35|85.65|1255507|USD|520|1.0190000000000001|0.5576050135854514|2018-07-12|1|2018-07-12|1|2018-07-12|1
521|521|2014-01-30|87.21|87.35|85.03|85.23|1619710|USD|521|0.961|0.520402702895286|2018-07-13|1|2018-07-13|1|2018-07-13|1
522|522|2014-01-31|83.8|85.14|83.76|84.63|828269|USD|522|1.02|0.5710722077342818|2018-07-16|1|2018-07-16|1|2018-07-16|1
523|523|2014-02-03|85.46|85.74|83.93|84.56|1136942|USD|523|0.987|0.556345786890742|2018-07-17|1|2018-07-17|1|2018-07-17|1
524|524|2014-02-04|84.33|84.82|83.92|84.09|1074454|USD|524|1.005|0.5809129114815825|2018-07-18|6|2018-07-18|6|2018-07-18|6
525|525|2014-02-05|84.77|85.49|84.19|85.16|854388|USD|525|1.0170000000000001|0.5599376831169082|2018-07-19|2|2018-07-19|2|2018-07-19|2
526|526|2014-02-06|86.23|87.06|86.19|86.84|568359|USD|526|1.005|0.5736169072481768|2018-07-23|2|2018-07-23|2|2018-07-23|2
527|527|2014-02-07|86.68|87.61|86.39|87.56|768094|USD|527|1.0090000000000001|0.5559078358831523|2018-07-25|1|2018-07-25|1|2018-07-25|1
528|528|2014-02-10|87.42|87.66|87.05|87.54|298963|USD|528|1.006|0.5418570037859743|2018-07-30|1|2018-07-30|1|2018-07-30|1
529|529|2014-02-11|87.93|89.61|87.92|89.61|374953|USD|529|1.008|0.5508846416601995|2018-07-31|1|2018-07-31|1|2018-07-31|1
530|530|2014-02-12|88.67|88.9|87.86|87.93|1205028|USD|530|0.988|0.5395604963750954|2018-08-01|2|2018-08-01|2|2018-08-01|2
531|531|2014-02-13|87.65|88.61|87.53|88.47|1823931|USD|531|1.016|0.5447389858055307|2018-08-07|1|2018-08-07|1|2018-08-07|1
532|532|2014-02-14|89.02|89.21|88.6|89.18|1188423|USD|532|1.01|0.5394356880971576|2018-08-09|1|2018-08-09|1|2018-08-09|1
533|533|2014-02-18|89.95|89.98|89.04|89.68|3076869|USD|533|0.995|0.5362777075475882|2018-08-10|2|2018-08-10|2|2018-08-10|2
534|534|2014-02-19|89.46|89.5|88.17|88.2|1898917|USD|534|0.9940000000000001|0.5337084677366006|2018-08-13|3|2018-08-13|3|2018-08-13|3
535|535|2014-02-20|88.93|89.06|88.1|88.88|1397444|USD|535|1.008|0.5404087301926169|2018-08-14|2|2018-08-14|2|2018-08-14|2
536|536|2014-02-21|89.63|89.69|88.55|88.91|604958|USD|536|0.997|0.5297154458685688|2018-08-15|2|2018-08-15|2|2018-08-15|2
537|537|2014-02-24|89.39|90.22|89.33|89.34|490784|USD|537|0.988|0.5203747409459938|2018-08-16|3|2018-08-16|3|2018-08-16|3
538|538|2014-02-25|88.33|88.44|86.57|86.63|1349631|USD|538|0.981|0.5195280604365669|2018-08-17|5|2018-08-17|5|2018-08-17|5
539|539|2014-02-26|86.69|87.09|85.46|85.92|1408117|USD|539|0.995|0.5470385216630465|2018-08-20|1|2018-08-20|1|2018-08-20|1
540|540|2014-02-27|86.26|86.38|85.02|86.02|1547102|USD|540|1.0090000000000001|0.5636888095169731|2018-08-21|1|2018-08-21|1|2018-08-21|1
541|541|2014-02-28|87.04|87.27|85.65|86.14|1534496|USD|541|0.977|0.5119715244587146|2018-08-22|1|2018-08-22|1|2018-08-22|1
542|542|2014-03-03|85.01|86.17|84.82|86.0|4305538|USD|542|1.043|0.5193499520990367|2018-08-23|2|2018-08-23|2|2018-08-23|2
543|543|2014-03-04|88.67|89.43|88.29|89.38|3451066|USD|543|1.0070000000000001|0.4826485967939798|2018-08-28|1|2018-08-28|1|2018-08-28|1
544|544|2014-03-05|89.28|89.88|89.19|89.87|926374|USD|544|1.012|0.4381039773334048|2018-08-29|6|2018-08-29|6|2018-08-29|6
545|545|2014-03-06|90.33|91.79|90.31|91.53|1347802|USD|545|1.011|0.4431607719835162|2018-08-30|1|2018-08-30|1|2018-08-30|1
546|546|2014-03-07|91.29|91.35|90.66|91.13|1267421|USD|546|0.9940000000000001|0.4357222873605224|2018-09-05|3|2018-09-05|3|2018-09-05|3
547|547|2014-03-10|90.72|90.98|90.05|90.68|1500378|USD|547|0.9940000000000001|0.4395549905862469|2018-09-06|3|2018-09-06|3|2018-09-06|3
548|548|2014-03-11|90.22|91.18|89.82|90.3|1096723|USD|548|0.9990000000000001|0.44081399428839935|2018-09-10|2|2018-09-10|2|2018-09-10|2
549|549|2014-03-12|90.12|90.96|89.88|90.94|1046851|USD|549|1.014|0.4593823605188467|2018-09-12|6|2018-09-12|6|2018-09-12|6
550|550|2014-03-13|91.41|91.58|89.45|89.83|1543032|USD|550|0.975|0.4476726675827715|2018-09-13|5|2018-09-13|5|2018-09-13|5
551|551|2014-03-14|89.1|90.24|89.1|89.48|2437526|USD|551|1.015|0.4545268643182657|2018-09-14|2|2018-09-14|2|2018-09-14|2
552|552|2014-03-17|90.43|90.92|90.4|90.63|1192013|USD|552|1.002|0.44697529034052097|2018-09-25|1|2018-09-25|1|2018-09-25|1
553|553|2014-03-18|90.6|91.74|90.54|91.72|519559|USD|553|1.013|0.4430716416188358|2018-09-26|5|2018-09-26|5|2018-09-26|5
554|554|2014-03-19|91.74|92.28|90.45|90.99|570230|USD|554|0.9840000000000001|0.4271013782971028|2018-09-28|1|2018-09-28|1|2018-09-28|1
555|555|2014-03-20|90.3|92.54|90.25|92.48|868840|USD|555|1.0390000000000001|0.4337868695531352|2018-10-01|1|2018-10-01|1|2018-10-01|1
556|556|2014-03-21|93.79|93.83|92.2|92.39|1046481|USD|556|0.985|0.3941576116291737|2018-10-02|2|2018-10-02|2|2018-10-02|2
557|557|2014-03-24|92.34|92.54|90.72|91.11|851864|USD|557|0.992|0.4056450514321878|2018-10-03|1|2018-10-03|1|2018-10-03|1
558|558|2014-03-25|91.59|92.26|90.76|91.98|1166228|USD|558|1.018|0.4173410401553455|2018-10-04|1|2018-10-04|1|2018-10-04|1
559|559|2014-03-26|93.22|93.35|92.25|92.28|675163|USD|559|0.9940000000000001|0.3997439749329288|2018-10-08|1|2018-10-08|1|2018-10-08|1
560|560|2014-03-27|92.66|92.92|91.83|91.97|544220|USD|560|0.9940000000000001|0.4071343673639544|2018-10-09|1|2018-10-09|1|2018-10-09|1
561|561|2014-03-28|92.1|92.46|91.55|91.83|340801|USD|561|1.0090000000000001|0.4176270114174935|2018-10-10|1|2018-10-10|1|2018-10-10|1
562|562|2014-03-31|92.9|93.55|92.62|93.36|625574|USD|562|1.006|0.4113735073525331|2018-10-11|2|2018-10-11|2|2018-10-11|2
563|563|2014-04-01|93.48|93.78|93.06|93.57|862582|USD|563|0.992|0.403808170622864|2018-10-12|1|2018-10-12|1|2018-10-12|1
564|564|2014-04-02|92.74|93.37|92.45|93.21|442168|USD|564|1.002|0.4024773837745166|2018-10-16|4|2018-10-16|4|2018-10-16|4
565|565|2014-04-03|92.89|93.1|92.05|92.17|547055|USD|565|0.995|0.4017116928636325|2018-10-17|6|2018-10-17|6|2018-10-17|6
566|566|2014-04-04|92.39|92.71|90.5|90.82|665409|USD|566|0.986|0.4084104239701729|2018-10-18|1|2018-10-18|1|2018-10-18|1
567|567|2014-04-07|91.13|91.2|89.82|89.97|758690|USD|567|0.987|0.4226201645400744|2018-10-22|1|2018-10-22|1|2018-10-22|1
568|568|2014-04-08|89.91|90.7|89.25|89.56|1193931|USD|568|1.014|0.4331422057381155|2018-10-24|1|2018-10-24|1|2018-10-24|1
569|569|2014-04-09|91.14|92.49|90.66|92.4|864265|USD|569|1.016|0.43650097065522103|2018-10-25|1|2018-10-25|1|2018-10-25|1
570|570|2014-04-10|92.61|92.63|89.58|89.89|1505585|USD|570|0.948|0.4222498345847674|2018-10-30|2|2018-10-30|2|2018-10-30|2
571|571|2014-04-11|87.76|88.43|86.73|87.33|2109723|USD|571|0.987|0.4692371796743143|2018-10-31|1|2018-10-31|1|2018-10-31|1
572|572|2014-04-14|86.58|87.3|85.95|86.57|1415053|USD|572|0.9940000000000001|0.4874777358272817|2018-11-06|1|2018-11-06|1|2018-11-06|1
573|573|2014-04-15|86.09|86.58|84.73|85.14|2003374|USD|573|0.9329999999999999|0.4941455326047803|2018-11-07|3|2018-11-07|3|2018-11-07|3
574|574|2014-04-16|80.31|82.35|79.94|82.23|5624200|USD|574|1.0190000000000001|0.5934765804375274|2018-11-08|2|2018-11-08|2|2018-11-08|2
575|575|2014-04-17|81.82|82.38|81.35|81.65|1790445|USD|575|1.0|0.5776938285008589|2018-11-13|2|2018-11-13|2|2018-11-13|2
576|576|2014-04-21|81.81|82.31|81.04|81.65|856713|USD|576|1.0|0.5661309136840647|2018-11-14|1|2018-11-14|1|2018-11-14|1
577|577|2014-04-22|81.85|82.27|81.59|81.68|820120|USD|577|0.996|0.5725969304834888|2018-11-15|1|2018-11-15|1|2018-11-15|1
578|578|2014-04-23|81.5|82.97|81.45|82.0|1469106|USD|578|1.026|0.5963522706029587|2018-11-16|4|2018-11-16|4|2018-11-16|4
579|579|2014-04-24|83.62|84.45|83.26|84.17|1352407|USD|579|0.996|0.583353522801339|2018-12-12|1|2018-12-12|1|2018-12-12|1
580|580|2014-04-25|83.25|83.26|81.42|81.68|1680289|USD|580|0.987|0.5863730653491365|2018-12-13|1|2018-12-13|1|2018-12-13|1
581|581|2014-04-28|82.18|82.67|81.43|82.34|816020|USD|581|1.004|0.6176927977389443|2018-12-26|1|2018-12-26|1|2018-12-26|1
582|582|2014-04-29|82.51|82.8|82.09|82.12|975431|USD|582|0.996|0.6227684463563|2018-12-28|1|2018-12-28|1|2018-12-28|1
583|583|2014-04-30|82.14|82.65|81.28|81.39|729305|USD|583|0.9890000000000001|0.6276039416751458|2019-01-09|1|2019-01-09|1|2019-01-09|1
584|584|2014-05-01|81.25|81.7|80.8|81.34|812628|USD|584|0.995|0.6503964726775998|2019-01-10|1|2019-01-10|1|2019-01-10|1
585|585|2014-05-02|80.85|81.55|80.68|80.88|1185891|USD|585|0.99|0.6621130681040078|2019-01-22|1|2019-01-22|1|2019-01-22|1
586|586|2014-05-05|80.07|80.71|79.9|80.25|491987|USD|586|1.002|0.6950969068764955|2019-01-23|5|2019-01-23|5|2019-01-23|5
587|587|2014-05-06|80.26|80.54|79.66|79.9|1033113|USD|587|1.008|0.7111548195951725|2019-01-24|3|2019-01-24|3|2019-01-24|3
588|588|2014-05-07|80.91|81.26|80.17|80.46|989759|USD|588|0.996|0.7158955457717476|2019-01-30|1|2019-01-30|1|2019-01-30|1
589|589|2014-05-08|80.6|81.72|80.41|80.9|1007750|USD|589|1.004|0.7334900901340291|2019-02-01|2|2019-02-01|2|2019-02-01|2
590|590|2014-05-09|80.94|80.94|80.11|80.32|534519|USD|590|1.008|0.6818811142082606|2019-02-04|2|2019-02-04|2|2019-02-04|2
591|591|2014-05-12|81.59|82.24|81.37|82.16|619119|USD|591|1.001|0.6784554990344661|2019-02-06|2|2019-02-06|2|2019-02-06|2
592|592|2014-05-13|81.71|81.72|81.0|81.23|393744|USD|592|0.996|0.665340691084502|2019-02-07|1|2019-02-07|1|2019-02-07|1
593|593|2014-05-14|81.36|81.47|80.95|80.99|487070|USD|593|0.99|0.6701269859672403|2019-02-08|2|2019-02-08|2|2019-02-08|2
594|594|2014-05-15|80.51|80.94|80.12|80.68|1081071|USD|594|1.001|0.6701269859672321|2019-02-20|1|2019-02-20|1|2019-02-20|1
595|595|2014-05-16|80.59|81.15|80.41|81.07|340536|USD|595|1.004|0.6833500015724573|2019-02-27|1|2019-02-27|1|2019-02-27|1
596|596|2014-05-19|80.89|81.57|80.81|81.2|322313|USD|596|1.006|0.6948719077704933|2019-03-04|1|2019-03-04|1|2019-03-04|1
597|597|2014-05-20|81.4|81.62|80.88|81.06|270482|USD|597|1.002|0.6776317972465687|2019-03-13|1|2019-03-13|1|2019-03-13|1
598|598|2014-05-21|81.58|83.06|81.56|82.99|655220|USD|598|1.018|0.6914952717720844|2019-03-15|1|2019-03-15|1|2019-03-15|1
599|599|2014-05-22|83.04|83.6|82.88|83.32|675791|USD|599|0.998|0.6840951579653942|2019-03-18|1|2019-03-18|1|2019-03-18|1
600|600|2014-05-23|82.91|83.85|82.79|83.52|470561|USD|600|1.0170000000000001|0.6705220030807482|2019-03-25|2|2019-03-25|2|2019-03-25|2
601|601|2014-05-27|84.32|85.56|84.29|85.23|867876|USD|601|1.0090000000000001|0.6309037574709331|2019-03-26|1|2019-03-26|1|2019-03-26|1
602|602|2014-05-28|85.04|85.25|84.65|84.86|344876|USD|602|1.002|0.5999470164289058|2019-03-27|2|2019-03-27|2|2019-03-27|2
603|603|2014-05-29|85.2|85.3|84.71|85.22|239392|USD|603|1.013|0.582778431507847|2019-04-11|6|2019-04-11|6|2019-04-11|6
604|604|2014-05-30|86.3|86.32|85.42|85.88|637189|USD|604|1.004|0.5675338541381685|2019-04-12|1|2019-04-12|1|2019-04-12|1
605|605|2014-06-02|86.61|86.65|85.57|85.89|601164|USD|605|0.992|0.559167951576511|2019-04-15|1|2019-04-15|1|2019-04-15|1
606|606|2014-06-03|85.95|86.82|85.94|86.09|1104932|USD|606|1.005|0.5202404965589871|2019-04-16|2|2019-04-16|2|2019-04-16|2
607|607|2014-06-04|86.4|86.77|86.36|86.64|748440|USD|607|1.016|0.5070528858971184|2019-04-17|1|2019-04-17|1|2019-04-17|1
608|608|2014-06-05|87.79|87.87|87.02|87.66|1551281|USD|608|1.011|0.4738504935681943|2019-04-18|1|2019-04-18|1|2019-04-18|1
609|609|2014-06-06|88.75|89.1|88.48|89.07|1169440|USD|609|0.998|0.4874632315763616|2019-04-22|1|2019-04-22|1|2019-04-22|1
610|610|2014-06-09|88.54|89.57|88.52|89.11|545158|USD|610|1.0070000000000001|0.4942257604468871|2019-04-24|1|2019-04-24|1|2019-04-24|1
611|611|2014-06-10|89.18|89.32|88.91|89.08|560898|USD|611|1.008|0.4855027882394184|2019-04-25|1|2019-04-25|1|2019-04-25|1
612|612|2014-06-11|89.86|90.12|89.41|89.89|695361|USD|612|0.9990000000000001|0.4628311150168417|2019-05-04|1|2019-05-04|1|2019-05-04|1
613|613|2014-06-12|89.78|90.0|89.11|89.33|1400921|USD|613|1.002|0.45907676114588597|2019-05-14|1|2019-05-14|1|2019-05-14|1
614|614|2014-06-13|89.97|90.03|89.09|89.38|1062327|USD|614|1.002|0.4383908041470729|2019-07-17|4|2019-07-17|4|2019-07-17|4
615|615|2014-06-16|90.11|90.81|89.96|90.6|1249705|USD|615|1.01|0.4302056258039669|2019-07-19|1|2019-07-19|1|2019-07-19|1
616|616|2014-06-17|91.03|91.49|90.96|91.26|744748|USD|616|1.0170000000000001|0.511489484584251|2019-08-04|1|2019-08-04|1|2019-08-04|1
617|617|2014-06-18|92.57|93.5|92.43|93.28|1113847|USD|617|1.013|0.5167594851297475|2019-08-15|1|2019-08-15|1|2019-08-15|1
618|618|2014-06-19|93.74|93.98|92.84|93.48|923022|USD|618|1.0070000000000001|0.5048748487051348|2019-08-30|1|2019-08-30|1|2019-08-30|1
619|619|2014-06-20|94.38|94.91|94.12|94.8|1044035|USD|619|0.98|0.4892928396397144|2019-09-09|1|2019-09-09|1|2019-09-09|1
620|620|2014-06-23|92.5|93.23|92.25|92.94|1050431|USD|620|1.005|0.4946035275032193|2019-10-07|2|2019-10-07|2|2019-10-07|2
621|621|2014-06-24|92.95|93.45|92.13|92.23|427951|USD|621|0.993|0.4940623386548593|2019-10-11|2|2019-10-11|2|2019-10-11|2
622|622|2014-06-25|92.32|92.93|92.28|92.84|353097|USD|622|0.9990000000000001|0.5085552980842158|2019-10-16|4|2019-10-16|4|2019-10-16|4
623|623|2014-06-26|92.23|92.35|91.2|92.21|576424|USD|623|0.99|0.4942388886093156|2019-10-21|2|2019-10-21|2|2019-10-21|2
624|624|2014-06-27|91.31|92.46|91.31|92.35|457306|USD|624|1.013|0.5088533032885718|2019-11-05|1|2019-11-05|1|2019-11-05|1
625|625|2014-06-30|92.52|93.42|92.49|93.27|305246|USD|625|1.0170000000000001|0.4979115858690861|2019-11-13|2|2019-11-13|2|2019-11-13|2
626|626|2014-07-01|94.1|94.87|94.09|94.67|407224|USD|626|0.9940000000000001|0.4863271454099716|2019-11-21|1|2019-11-21|1|2019-11-21|1
627|627|2014-07-02|93.53|93.96|93.36|93.94|449837|USD|627|1.0170000000000001|0.4910557693846592|2019-12-24|1|2019-12-24|1|2019-12-24|1
628|628|2014-07-03|95.13|95.69|95.09|95.69|232554|USD|628|1.008|0.4862365197385211|2019-12-30|1|2019-12-30|1|2019-12-30|1
629|629|2014-07-07|95.92|96.24|95.72|96.12|972095|USD|629|0.99|0.4840968128516004|2020-01-11|1|2020-01-11|1|2020-01-11|1
630|630|2014-07-08|95.0|95.17|94.03|94.64|523836|USD|630|0.986|0.4936354903330325|2020-01-22|3|2020-01-22|3|2020-01-22|3
631|631|2014-07-09|93.69|93.85|93.02|93.5|988953|USD|631|0.986|0.4989342428077258|2020-01-28|1|2020-01-28|1|2020-01-28|1
632|632|2014-07-10|92.39|93.44|92.2|92.88|835009|USD|632|0.9890000000000001|0.5101669010441263|2020-01-31|1|2020-01-31|1|2020-01-31|1
633|633|2014-07-11|91.4|91.83|90.86|91.42|1323120|USD|633|0.9990000000000001|0.5150341264255478|2020-02-07|1|2020-02-07|1|2020-02-07|1
634|634|2014-07-14|91.31|91.54|90.59|90.76|986924|USD|634|0.997|0.5234988229322242|2020-02-24|1|2020-02-24|1|2020-02-24|1
635|635|2014-07-15|91.05|91.22|90.42|90.63|1578434|USD|635|0.9620000000000001|0.5298712339843351|2020-02-26|1|2020-02-26|1|2020-02-26|1
636|636|2014-07-16|87.58|88.48|87.0|88.39|2130779|USD|636|0.992|0.5523939894085031|2020-03-03|1|2020-03-03|1|2020-03-03|1
637|637|2014-07-17|86.86|87.4|85.81|86.21|1573041|USD|637|0.983|0.5564498942482542|2020-03-08|1|2020-03-08|1|2020-03-08|1
638|638|2014-07-18|85.42|86.22|85.31|85.84|1515584|USD|638|1.024|0.5689554153787105|2020-03-10|1|2020-03-10|1|2020-03-10|1
639|639|2014-07-21|87.47|87.86|87.04|87.46|1540133|USD|639|1.005|0.5590320844470905|2020-03-11|1|2020-03-11|1|2020-03-11|1
640|640|2014-07-22|87.88|88.1|86.96|87.18|926234|USD|640|0.998|0.5747047557579736|2020-03-12|1|2020-03-12|1|2020-03-12|1
641|641|2014-07-23|87.67|87.7|86.68|87.02|912003|USD|641|0.9840000000000001|0.5687803626494291|2020-03-19|2|2020-03-19|2|2020-03-19|2
642|642|2014-07-24|86.26|86.92|86.16|86.71|767435|USD|642|0.995|0.5748776545391743|2020-03-30|3|2020-03-30|3|2020-03-30|3
643|643|2014-07-25|85.87|85.87|84.58|84.97|1080398|USD|643|0.978|0.5766285056521554|2020-04-06|1|2020-04-06|1|2020-04-06|1
644|644|2014-07-28|83.98|84.77|83.54|84.48|1087059|USD|644|0.993|0.5899251944433193|2020-04-08|1|2020-04-08|1|2020-04-08|1
645|645|2014-07-29|83.41|83.72|83.26|83.28|1190220|USD|645|1.107|0.5911611017220286|2020-04-12|1|2020-04-12|1|2020-04-12|1
646|646|2014-07-30|92.3|96.67|91.82|95.14|6992992|USD|646|1.0270000000000001|0.5580389035212857|2020-04-15|6|2020-04-15|6|2020-04-15|6
647|647|2014-07-31|94.82|95.58|93.36|94.16|2520534|USD|647|0.991|0.5493526685500623|2020-04-16|1|2020-04-16|1|2020-04-16|1
648|648|2014-08-01|93.95|94.41|92.01|92.3|1395391|USD|648|0.978|0.5649674469472582|2020-04-17|2|2020-04-17|2|2020-04-17|2
649|649|2014-08-04|91.84|92.03|90.78|91.07|1204064|USD|649|0.99|0.5865710118594271|2020-04-20|1|2020-04-20|1|2020-04-20|1
650|650|2014-08-05|90.94|92.0|90.18|90.83|1016598|USD|650|1.004|0.6122523729230679|2020-04-23|1|2020-04-23|1|2020-04-23|1
651|651|2014-08-06|91.32|92.32|91.23|92.12|628699|USD|651|1.02|0.6132695525009868|2020-04-24|2|2020-04-24|2|2020-04-24|2
652|652|2014-08-07|93.15|93.31|91.38|91.71|576527|USD|652|0.972|0.5927706246444875|2020-05-05|1|2020-05-05|1|2020-05-05|1
653|653|2014-08-08|90.57|91.55|90.18|91.41|892041|USD|653|1.018|0.6312924103177142|2020-05-14|1|2020-05-14|1|2020-05-14|1
654|654|2014-08-11|92.18|92.79|91.99|92.6|386327|USD|654|0.992|0.5887715682737196|2020-05-21|1|2020-05-21|1|2020-05-21|1
655|655|2014-08-12|91.41|92.16|91.02|91.37|518335|USD|655|0.995|0.5887715682737276|2020-05-22|1|2020-05-22|1|2020-05-22|1
656|656|2014-08-13|90.99|91.7|90.66|91.29|642666|USD|656|1.003|0.6112293891793841|2020-05-28|1|2020-05-28|1|2020-05-28|1
657|657|2014-08-14|91.26|91.39|90.9|91.09|682552|USD|657|1.008|0.6075979768993747|2020-06-01|1|2020-06-01|1|2020-06-01|1
658|658|2014-08-15|92.0|92.44|90.6|91.8|839209|USD|658|1.004|0.589208242406395|2020-06-08|1|2020-06-08|1|2020-06-08|1
659|659|2014-08-18|92.37|92.88|91.99|92.86|666546|USD|659|1.008|0.5868900321750515|2020-06-09|2|2020-06-09|2|2020-06-09|2
