Unnamed: 0|Date_x|OPEN|HIGH|LOW|CLOSE|VOLUME|CURRENCY|INDEX|prctChangeOPEN|TargetProbability|Date_y|No_Articles_x|Date|No_Articles_y
0|2012-01-03|45.31|45.98|45.03|45.13|333028|USD|0|0.996|0.5606210514511184|2010-05-06|1|2010-05-06|1
1|2012-01-04|45.15|45.49|44.42|45.18|302381|USD|1|1.001|0.5446007443101432|2010-05-17|1|2010-05-17|1
2|2012-01-05|45.2|45.43|44.7|45.31|237757|USD|2|0.998|0.5488672056607262|2010-07-22|1|2010-07-22|1
3|2012-01-06|45.12|45.6|44.21|44.28|266512|USD|3|0.989|0.5371334935471813|2010-08-20|1|2010-08-20|1
4|2012-01-09|44.61|44.61|42.02|42.08|881583|USD|4|0.961|0.547711415800443|2010-11-19|1|2010-11-19|1
5|2012-01-10|42.86|43.87|42.42|43.26|534361|USD|5|1.009|0.5788679625925647|2011-02-28|1|2011-02-28|1
6|2012-01-11|43.26|44.72|43.26|44.54|558887|USD|6|1.036|0.5829794364928094|2011-03-29|1|2011-03-29|1
7|2012-01-12|44.8|44.8|44.24|44.62|348688|USD|7|0.988|0.5772265683205906|2011-04-15|1|2011-04-15|1
8|2012-01-13|44.25|44.99|44.25|44.86|422740|USD|8|1.027|0.6030552987722677|2011-07-27|1|2011-07-27|1
9|2012-01-17|45.46|45.78|44.52|44.72|558098|USD|9|0.983|0.6016378500457484|2011-08-31|1|2011-08-31|1
10|2012-01-18|44.69|45.56|44.69|45.07|347671|USD|10|1.005|0.6064794910842942|2011-11-15|1|2011-11-15|1
11|2012-01-19|44.93|45.9|44.91|45.7|408881|USD|11|1.024|0.6125079255789321|2011-12-09|2|2011-12-09|2
12|2012-01-20|46.0|48.29|44.88|48.21|1103354|USD|12|1.048|0.6004156394443468|2011-12-13|1|2011-12-13|1
13|2012-01-23|48.19|49.36|47.59|48.47|641602|USD|13|1.009|0.5453568751810562|2012-01-06|1|2012-01-06|1
14|2012-01-24|48.6|48.6|47.01|48.57|301645|USD|14|1.005|0.5221276535483743|2012-01-27|1|2012-01-27|1
15|2012-01-25|48.82|49.06|48.21|48.98|431864|USD|15|1.013|0.5370366102378635|2012-03-12|1|2012-03-12|1
16|2012-01-26|49.47|49.72|48.05|48.24|441908|USD|16|0.978|0.5326394342501746|2012-03-13|1|2012-03-13|1
17|2012-01-27|48.39|49.75|48.03|49.3|531199|USD|17|1.008|0.5679061797101103|2012-04-06|1|2012-04-06|1
18|2012-01-30|48.77|49.03|47.09|47.75|510675|USD|18|0.99|0.5672923829959631|2012-05-16|1|2012-05-16|1
19|2012-01-31|48.3|48.3|47.02|47.81|344221|USD|19|0.994|0.5860525488988347|2012-05-18|1|2012-05-18|1
20|2012-02-01|48.01|49.53|47.31|49.29|620397|USD|20|1.024|0.5839392931619034|2012-06-01|1|2012-06-01|1
21|2012-02-02|49.16|50.38|48.97|49.92|642608|USD|21|1.024|0.5671999183885679|2012-08-15|2|2012-08-15|2
22|2012-02-03|50.36|50.69|50.22|50.26|459535|USD|22|0.974|0.5615563237493475|2012-10-15|1|2012-10-15|1
23|2012-02-06|49.04|49.73|48.4|48.74|508821|USD|23|0.99|0.5936421695779346|2012-11-14|1|2012-11-14|1
24|2012-02-07|48.55|49.85|48.52|48.86|458995|USD|24|1.01|0.6137650866435163|2012-12-03|1|2012-12-03|1
25|2012-02-08|49.04|49.68|48.0|48.34|309296|USD|25|0.992|0.6166709904069904|2013-01-09|1|2013-01-09|1
26|2012-02-09|48.66|48.91|47.78|47.89|413434|USD|26|0.97|0.6315213351722019|2013-02-05|1|2013-02-05|1
27|2012-02-10|47.18|49.19|47.05|48.4|1079709|USD|27|1.038|0.6714490034798418|2013-02-21|1|2013-02-21|1
28|2012-02-13|48.95|48.95|47.37|48.13|748205|USD|28|0.997|0.6311238573877697|2013-03-01|1|2013-03-01|1
29|2012-02-14|48.8|49.0|48.06|48.65|685098|USD|29|1.014|0.6428293878363129|2013-03-08|1|2013-03-08|1
30|2012-02-15|49.47|51.04|49.21|50.69|1152683|USD|30|0.973|0.6144490661544393|2013-04-19|1|2013-04-19|1
31|2012-02-16|48.12|49.48|46.6|48.68|1519713|USD|31|1.008|0.6494905226729543|2013-05-07|1|2013-05-07|1
32|2012-02-17|48.52|48.67|47.44|47.81|1275169|USD|32|0.98|0.630886222753876|2013-05-15|1|2013-05-15|1
33|2012-02-21|47.56|48.4|47.5|48.26|658778|USD|33|1.006|0.6656090839718348|2013-05-17|1|2013-05-17|1
34|2012-02-22|47.84|48.67|47.84|48.28|281277|USD|34|1.004|0.6434274687670983|2013-05-28|1|2013-05-28|1
35|2012-02-23|48.03|49.08|48.0|48.78|350860|USD|35|1.016|0.6069120907946853|2013-05-29|1|2013-05-29|1
36|2012-02-24|48.81|50.0|48.78|49.99|447092|USD|36|1.024|0.6063738859166068|2013-08-14|3|2013-08-14|3
37|2012-02-27|49.99|51.67|49.88|51.17|933375|USD|37|1.03|0.5964937960325003|2013-08-23|1|2013-08-23|1
38|2012-02-28|51.5|53.96|51.5|53.31|1026153|USD|38|1.024|0.5625977784566562|2013-09-11|1|2013-09-11|1
39|2012-02-29|52.74|52.99|51.35|52.42|431890|USD|39|0.989|0.5575016034640751|2013-10-14|1|2013-10-14|1
40|2012-03-01|52.18|53.03|51.55|52.51|526809|USD|40|1.015|0.5582133277687565|2013-11-13|2|2013-11-13|2
41|2012-03-02|52.96|53.24|51.17|52.52|963161|USD|41|1.003|0.5520142228243567|2013-11-14|3|2013-11-14|3
42|2012-03-05|53.11|53.13|51.5|51.57|286702|USD|42|0.964|0.5480241732750966|2014-02-04|1|2014-02-04|1
43|2012-03-06|51.21|51.21|49.29|49.44|520320|USD|43|0.976|0.5896737899604916|2014-02-12|3|2014-02-12|3
44|2012-03-07|50.0|51.1|49.77|50.85|726837|USD|44|1.029|0.6215713876392039|2014-02-20|2|2014-02-20|2
45|2012-03-08|51.44|52.64|51.08|52.2|556554|USD|45|1.006|0.5953428571834316|2014-02-21|2|2014-02-21|2
46|2012-03-09|51.75|54.6|51.75|54.29|781771|USD|46|1.034|0.5855966365093651|2014-02-24|1|2014-02-24|1
47|2012-03-12|53.52|54.78|53.15|53.85|572802|USD|47|1.007|0.5744008885524834|2014-02-25|1|2014-02-25|1
48|2012-03-13|53.89|55.08|53.83|55.0|619779|USD|48|1.02|0.5668798112366759|2014-02-26|1|2014-02-26|1
49|2012-03-14|54.99|54.99|53.72|54.6|524837|USD|49|0.991|0.5681087577855359|2014-03-12|1|2014-03-12|1
50|2012-03-15|54.48|55.12|53.41|54.01|386245|USD|50|0.996|0.5729726301549325|2014-03-31|1|2014-03-31|1
51|2012-03-16|54.24|55.12|53.8|54.93|499862|USD|51|1.014|0.5783977823218236|2014-04-14|1|2014-04-14|1
52|2012-03-19|55.0|56.82|54.73|56.74|947872|USD|52|1.02|0.5742927956621597|2014-04-22|1|2014-04-22|1
53|2012-03-20|56.11|56.52|55.1|56.3|904421|USD|53|1.021|0.5504152289430505|2014-04-23|1|2014-04-23|1
54|2012-03-21|57.29|58.57|57.21|58.11|1077854|USD|54|1.015|0.5390021839301733|2014-04-28|1|2014-04-28|1
55|2012-03-22|58.16|59.26|57.27|58.37|909732|USD|55|1.014|0.5252266267816437|2014-05-14|2|2014-05-14|2
56|2012-03-23|58.98|60.0|58.35|59.71|674462|USD|56|1.019|0.5135434327509066|2014-05-15|2|2014-05-15|2
57|2012-03-26|60.12|60.15|59.11|59.92|843628|USD|57|0.977|0.4999999999999942|2014-05-22|1|2014-05-22|1
58|2012-03-27|58.72|60.47|58.51|59.42|969385|USD|58|1.014|0.4790415403258894|2014-05-23|1|2014-05-23|1
59|2012-03-28|59.57|59.86|58.66|59.39|651510|USD|59|0.978|0.473779693494315|2014-06-13|1|2014-06-13|1
60|2012-03-29|58.28|58.74|57.03|58.34|1260516|USD|60|1.016|0.4765121773612954|2014-07-17|1|2014-07-17|1
61|2012-03-30|59.19|59.96|57.69|58.1|600298|USD|61|0.985|0.483433714132901|2014-07-28|1|2014-07-28|1
62|2012-04-02|58.28|60.02|57.67|59.91|721454|USD|62|1.03|0.4862474334840747|2014-08-04|1|2014-08-04|1
63|2012-04-03|60.0|60.34|58.8|59.05|725807|USD|63|0.98|0.476089881521051|2014-08-05|2|2014-08-05|2
64|2012-04-04|58.81|58.81|56.56|56.88|767944|USD|64|0.962|0.536650619066451|2014-08-13|2|2014-08-13|2
65|2012-04-05|56.56|57.95|56.54|57.86|344043|USD|65|1.015|0.554584046099582|2014-08-14|2|2014-08-14|2
66|2012-04-09|57.43|58.39|57.15|57.75|236049|USD|66|1.006|0.5222200204395506|2014-08-15|1|2014-08-15|1
67|2012-04-10|57.79|58.69|55.34|55.58|588495|USD|67|0.977|0.5160513751208312|2014-08-18|1|2014-08-18|1
68|2012-04-11|56.47|57.85|56.43|57.55|490976|USD|68|1.015|0.5358675840121311|2014-10-13|1|2014-10-13|1
69|2012-04-12|57.3|58.39|56.8|56.92|720875|USD|69|0.99|0.5352731559981424|2014-11-04|1|2014-11-04|1
70|2012-04-13|56.73|57.43|56.3|56.98|470410|USD|70|1.005|0.5148647507724775|2014-11-06|1|2014-11-06|1
71|2012-04-16|57.0|57.38|55.86|55.95|399821|USD|71|0.997|0.5172138083966049|2014-11-10|1|2014-11-10|1
72|2012-04-17|56.83|58.15|56.02|57.84|580283|USD|72|1.021|0.5337505554319445|2014-11-12|2|2014-11-12|2
73|2012-04-18|58.0|59.9|57.23|59.69|783135|USD|73|1.018|0.5353533676267448|2014-11-13|3|2014-11-13|3
74|2012-04-19|59.02|60.5|58.35|58.71|786753|USD|74|0.989|0.5245596995972296|2014-11-25|1|2014-11-25|1
75|2012-04-20|58.36|59.53|58.36|58.54|384402|USD|75|0.993|0.5185127501687999|2014-12-05|1|2014-12-05|1
76|2012-04-23|57.95|59.43|57.78|58.66|733035|USD|76|1.014|0.5138039248952474|2014-12-26|1|2014-12-26|1
77|2012-04-24|58.78|58.78|57.96|58.14|540976|USD|77|0.997|0.5103939382340127|2015-01-09|1|2015-01-09|1
78|2012-04-25|58.61|59.82|58.21|59.63|640458|USD|78|1.022|0.5510435700924188|2015-01-16|1|2015-01-16|1
79|2012-04-26|59.89|61.45|59.68|60.42|641485|USD|79|0.997|0.5328031899545528|2015-01-27|1|2015-01-27|1
80|2012-04-27|59.72|60.39|59.72|60.0|615953|USD|80|1.003|0.5313313711920751|2015-02-09|4|2015-02-09|4
81|2012-04-30|59.92|60.42|59.09|60.32|616964|USD|81|1.008|0.5249969237931419|2015-02-10|1|2015-02-10|1
82|2012-05-01|60.42|60.42|59.8|59.96|673374|USD|82|0.988|0.5066029935109836|2015-02-13|1|2015-02-13|1
83|2012-05-02|59.7|60.35|59.01|60.16|460744|USD|83|1.005|0.504705184390569|2015-02-17|1|2015-02-17|1
84|2012-05-03|60.01|60.2|59.7|59.91|626471|USD|84|0.997|0.499999999999998|2015-02-19|1|2015-02-19|1
85|2012-05-04|59.8|60.0|59.6|59.78|991625|USD|85|0.999|0.5098181407722124|2015-02-20|1|2015-02-20|1
86|2012-05-07|59.73|60.99|59.02|60.08|632538|USD|86|1.002|0.5208285765226119|2015-02-23|1|2015-02-23|1
87|2012-05-08|59.84|60.78|56.78|57.59|1029103|USD|87|0.948|0.5361159807565343|2015-02-24|1|2015-02-24|1
88|2012-05-09|56.75|57.69|55.86|56.91|662304|USD|88|1.007|0.5572673821390269|2015-03-06|1|2015-03-06|1
89|2012-05-10|57.13|57.49|55.8|56.02|840773|USD|89|0.982|0.5429055785394774|2015-03-11|1|2015-03-11|1
90|2012-05-11|56.09|57.86|55.78|57.26|457664|USD|90|1.025|0.5291018602839646|2015-03-13|1|2015-03-13|1
91|2012-05-14|57.5|57.82|56.17|56.26|334929|USD|91|0.989|0.5017948798357412|2015-03-16|1|2015-03-16|1
92|2012-05-15|56.86|57.33|56.35|56.78|586664|USD|92|1.017|0.5320566282585109|2015-03-17|2|2015-03-17|2
93|2012-05-16|57.85|58.46|57.11|57.69|637432|USD|93|1.072|0.5090986961977112|2015-03-18|1|2015-03-18|1
94|2012-05-17|62.0|63.07|58.88|60.47|2453058|USD|94|0.987|0.48558551346962897|2015-03-26|1|2015-03-26|1
95|2012-05-18|61.19|61.65|58.78|58.84|1041276|USD|95|0.966|0.4900618844465008|2015-04-10|1|2015-04-10|1
96|2012-05-21|59.11|59.32|56.88|58.57|1292606|USD|96|0.996|0.5013838100264215|2015-05-08|1|2015-05-08|1
97|2012-05-22|58.9|60.06|58.64|59.45|1224986|USD|97|1.008|0.5078293938450174|2015-05-13|2|2015-05-13|2
98|2012-05-23|59.35|60.12|59.05|59.7|1018628|USD|98|1.014|0.5146073070699573|2015-05-14|2|2015-05-14|2
99|2012-05-24|60.19|61.0|57.58|57.92|548942|USD|99|0.959|0.5018251110919215|2015-05-15|2|2015-05-15|2
100|2012-05-25|57.73|58.13|57.12|57.26|185873|USD|100|1.009|0.5155403941552654|2015-05-21|1|2015-05-21|1
101|2012-05-29|58.23|60.94|57.48|60.69|863659|USD|101|1.026|0.5046957924822227|2015-05-22|1|2015-05-22|1
102|2012-05-30|59.76|61.8|59.76|61.42|662108|USD|102|1.024|0.4825297950872768|2015-05-26|1|2015-05-26|1
103|2012-05-31|61.2|62.73|60.62|62.36|1130142|USD|103|0.999|0.4820392612684631|2015-05-29|1|2015-05-29|1
104|2012-06-01|61.13|62.8|59.52|60.04|1166633|USD|104|0.979|0.4773607683846591|2015-06-23|1|2015-06-23|1
105|2012-06-04|59.87|60.88|58.72|59.21|520799|USD|105|0.985|0.4810318004414632|2015-06-26|1|2015-06-26|1
106|2012-06-05|58.96|59.37|57.39|59.21|369116|USD|106|1.008|0.461134583685352|2015-07-10|1|2015-07-10|1
107|2012-06-06|59.43|63.72|59.43|63.08|960225|USD|107|1.085|0.4773671698319287|2015-07-14|1|2015-07-14|1
108|2012-06-07|64.47|65.54|63.21|63.61|597318|USD|108|0.984|0.4304593942777065|2015-07-15|1|2015-07-15|1
109|2012-06-08|63.44|63.44|62.02|62.62|502241|USD|109|0.994|0.4291110853152594|2015-07-21|1|2015-07-21|1
110|2012-06-11|63.03|64.0|61.67|61.8|403946|USD|110|0.99|0.4336159927033513|2015-08-06|1|2015-08-06|1
111|2012-06-12|62.41|62.41|60.21|60.75|609292|USD|111|0.97|0.42949193773070704|2015-08-07|1|2015-08-07|1
112|2012-06-13|60.55|61.22|59.08|59.26|838489|USD|112|0.984|0.4458997881393549|2015-08-12|1|2015-08-12|1
113|2012-06-14|59.59|60.29|58.85|59.51|688606|USD|113|0.995|0.4552436589384708|2015-08-13|2|2015-08-13|2
114|2012-06-15|59.27|60.33|59.27|60.25|704202|USD|114|1.018|0.4592804583747462|2015-08-17|1|2015-08-17|1
115|2012-06-18|60.36|61.64|60.09|61.07|522024|USD|115|1.023|0.4409602323573026|2015-08-18|1|2015-08-18|1
116|2012-06-19|61.72|64.0|61.31|63.81|587257|USD|116|1.037|0.4256326425461053|2015-08-19|1|2015-08-19|1
117|2012-06-20|64.02|64.08|61.59|62.91|598033|USD|117|0.988|0.40781644595381983|2015-08-27|1|2015-08-27|1
118|2012-06-21|63.22|63.68|61.06|61.25|540778|USD|118|0.978|0.4018757456597432|2015-08-31|1|2015-08-31|1
119|2012-06-22|61.81|61.81|59.34|59.71|494023|USD|119|0.955|0.4389898871903935|2015-09-15|1|2015-09-15|1
120|2012-06-25|59.0|60.25|55.16|56.5|1054696|USD|120|0.965|0.4702364122685667|2015-10-20|1|2015-10-20|1
121|2012-06-26|56.93|60.17|56.61|59.7|1339853|USD|121|1.061|0.4930162032183977|2015-10-28|1|2015-10-28|1
122|2012-06-27|60.4|61.41|58.35|59.14|563245|USD|122|0.963|0.4488144883878704|2015-10-29|1|2015-10-29|1
123|2012-06-28|58.17|58.78|56.68|58.08|518212|USD|123|1.018|0.4629687647749976|2015-11-06|1|2015-11-06|1
124|2012-06-29|59.21|59.73|57.93|58.85|561115|USD|124|0.997|0.4622884655154989|2015-11-09|1|2015-11-09|1
125|2012-07-02|59.04|59.69|58.41|59.01|642008|USD|125|0.991|0.4673601881536909|2015-11-11|2|2015-11-11|2
126|2012-07-03|58.5|58.91|57.42|58.67|479889|USD|126|1.01|0.4819016438539056|2015-11-12|1|2015-11-12|1
127|2012-07-05|59.06|61.9|58.61|61.38|881681|USD|127|1.023|0.4445616345558071|2015-11-13|2|2015-11-13|2
128|2012-07-06|60.43|60.87|59.89|60.06|472824|USD|128|0.986|0.40276882926792174|2015-11-17|1|2015-11-17|1
129|2012-07-09|59.56|60.31|58.4|58.69|415411|USD|129|0.988|0.3996701496430599|2015-11-19|1|2015-11-19|1
130|2012-07-10|58.86|59.02|56.76|57.91|819424|USD|130|0.986|0.41448203524750943|2015-11-21|1|2015-11-21|1
131|2012-07-11|58.02|58.48|56.84|57.43|450073|USD|131|0.979|0.4093018572197256|2015-11-23|1|2015-11-23|1
132|2012-07-12|56.82|58.01|56.06|57.39|307740|USD|132|1.023|0.43635883771442185|2015-11-27|1|2015-11-27|1
133|2012-07-13|58.11|58.13|56.2|57.23|516749|USD|133|0.989|0.43303237049612536|2015-12-04|1|2015-12-04|1
134|2012-07-16|57.48|57.97|56.66|56.75|281869|USD|134|0.987|0.4492331766092452|2015-12-07|1|2015-12-07|1
135|2012-07-17|56.73|57.81|52.81|54.05|1667054|USD|135|0.937|0.4588707313228333|2015-12-11|1|2015-12-11|1
136|2012-07-18|53.14|56.61|53.11|55.3|954583|USD|136|1.043|0.4867364976248966|2015-12-18|1|2015-12-18|1
137|2012-07-19|55.42|56.38|55.35|55.44|301805|USD|137|0.998|0.4607916077543275|2015-12-23|1|2015-12-23|1
138|2012-07-20|55.32|55.37|54.5|54.9|343424|USD|138|0.981|0.4602336840166175|2015-12-29|1|2015-12-29|1
139|2012-07-23|54.26|54.26|53.0|53.9|706951|USD|139|1.003|0.47461160244762896|2015-12-31|1|2015-12-31|1
140|2012-07-24|54.44|54.79|53.0|53.39|328556|USD|140|0.981|0.4717775142463497|2016-01-04|2|2016-01-04|2
141|2012-07-25|53.38|53.96|52.01|52.66|532702|USD|141|1.005|0.4665865447681186|2016-01-13|1|2016-01-13|1
142|2012-07-26|53.65|53.99|52.99|53.08|270256|USD|142|1.003|0.4660180556398398|2016-01-19|1|2016-01-19|1
143|2012-07-27|53.79|53.8|51.59|53.44|579204|USD|143|1.003|0.4632121141166668|2016-01-26|1|2016-01-26|1
144|2012-07-30|53.97|54.12|51.86|53.13|722050|USD|144|0.982|0.4498432154375358|2016-01-29|1|2016-01-29|1
145|2012-07-31|53.01|54.0|52.2|52.81|406901|USD|145|0.995|0.4594635142278412|2016-02-05|1|2016-02-05|1
146|2012-08-01|52.74|53.55|52.26|53.1|273200|USD|146|1.009|0.4656156176682149|2016-02-09|1|2016-02-09|1
147|2012-08-02|53.23|54.29|51.88|51.96|475408|USD|147|0.975|0.4731612727629409|2016-02-10|4|2016-02-10|4
148|2012-08-03|51.89|53.48|50.72|53.17|510769|USD|148|1.043|0.4983507048183522|2016-02-11|1|2016-02-11|1
149|2012-08-06|54.12|55.63|54.02|55.16|632252|USD|149|1.019|0.4647068413999649|2016-02-12|1|2016-02-12|1
150|2012-08-07|55.17|57.09|55.07|56.38|644832|USD|150|1.009|0.4591281106216158|2016-02-16|2|2016-02-16|2
151|2012-08-08|55.66|56.08|54.31|54.78|306338|USD|151|0.989|0.4531185158346348|2016-02-19|1|2016-02-19|1
152|2012-08-09|55.02|55.64|53.85|54.18|557747|USD|152|0.989|0.4624403100869927|2016-02-22|3|2016-02-22|3
153|2012-08-10|54.39|55.03|53.8|54.99|302407|USD|153|1.017|0.4559244345481442|2016-02-23|4|2016-02-23|4
154|2012-08-13|55.34|55.81|54.71|55.42|819974|USD|154|1.005|0.4571907951266941|2016-02-24|2|2016-02-24|2
155|2012-08-14|55.6|56.45|55.51|56.03|852438|USD|155|1.014|0.4669257013873988|2016-02-25|6|2016-02-25|6
156|2012-08-15|56.37|58.2|56.13|58.18|1906029|USD|156|0.94|0.4693359118189927|2016-02-26|2|2016-02-26|2
157|2012-08-16|53.0|53.75|49.42|49.56|5660196|USD|157|0.93|0.5200051338760159|2016-02-29|1|2016-02-29|1
158|2012-08-17|49.31|49.38|47.51|48.2|1831850|USD|158|0.979|0.5976312595621714|2016-03-03|2|2016-03-03|2
159|2012-08-20|48.25|49.33|47.6|48.84|1094921|USD|159|1.016|0.6245347856828737|2016-03-04|1|2016-03-04|1
160|2012-08-21|49.04|49.3|48.12|48.5|553361|USD|160|0.974|0.6102703942901024|2016-03-08|1|2016-03-08|1
161|2012-08-22|47.78|49.0|47.59|48.78|368637|USD|161|1.031|0.6126278562847758|2016-03-14|1|2016-03-14|1
162|2012-08-23|49.26|50.89|48.93|50.79|1143249|USD|162|1.017|0.5867724612420051|2016-03-15|1|2016-03-15|1
163|2012-08-24|50.11|51.99|50.1|51.82|829228|USD|163|1.021|0.5576351213199663|2016-03-17|1|2016-03-17|1
164|2012-08-27|51.14|51.98|50.53|51.26|581010|USD|164|1.007|0.5278101192257839|2016-03-23|1|2016-03-23|1
165|2012-08-28|51.48|51.79|51.02|51.37|433379|USD|165|0.997|0.5091506082748817|2016-03-28|1|2016-03-28|1
166|2012-08-29|51.32|51.55|51.05|51.37|352010|USD|166|0.998|0.5238174595585554|2016-03-29|1|2016-03-29|1
167|2012-08-30|51.24|51.77|50.6|50.81|537691|USD|167|0.997|0.5196479030287628|2016-03-31|1|2016-03-31|1
168|2012-08-31|51.11|52.1|50.75|52.07|611621|USD|168|1.007|0.5269894278196027|2016-04-04|1|2016-04-04|1
169|2012-09-04|51.48|52.61|50.55|50.84|1031589|USD|169|0.998|0.518015054565759|2016-04-06|1|2016-04-06|1
170|2012-09-05|51.37|51.5|48.66|49.3|1226932|USD|170|0.971|0.5163630703026293|2016-04-18|1|2016-04-18|1
171|2012-09-06|49.88|50.31|49.36|49.69|706526|USD|171|1.004|0.5563038846451438|2016-04-19|1|2016-04-19|1
172|2012-09-07|50.1|50.55|49.67|50.11|810081|USD|172|0.998|0.5384896467257014|2016-04-20|1|2016-04-20|1
173|2012-09-10|50.0|50.16|48.72|48.99|393293|USD|173|0.978|0.5583466965316595|2016-04-21|1|2016-04-21|1
174|2012-09-11|48.89|49.16|48.02|48.75|683207|USD|174|1.0|0.5717947421595402|2016-04-26|1|2016-04-26|1
175|2012-09-12|48.87|49.71|48.87|49.44|1122393|USD|175|1.006|0.5918290204160873|2016-04-27|1|2016-04-27|1
176|2012-09-13|49.16|51.23|49.16|50.75|864540|USD|176|1.022|0.5828362684723163|2016-04-29|1|2016-04-29|1
177|2012-09-14|50.26|52.03|50.26|51.67|1291342|USD|177|1.021|0.5582535332952652|2016-05-02|1|2016-05-02|1
178|2012-09-17|51.3|51.44|49.37|50.2|1904109|USD|178|0.985|0.5363193709727803|2016-05-09|1|2016-05-09|1
179|2012-09-18|50.53|51.03|50.03|50.21|424703|USD|179|1.01|0.5699017582748629|2016-05-10|2|2016-05-10|2
180|2012-09-19|51.05|53.6|51.05|51.93|1581484|USD|180|0.999|0.5748008446688417|2016-05-11|1|2016-05-11|1
181|2012-09-20|50.98|51.51|50.67|50.96|466925|USD|181|1.005|0.5507308070755146|2016-05-12|4|2016-05-12|4
182|2012-09-21|51.24|52.4|50.44|50.51|864152|USD|182|0.977|0.5521947155834493|2016-05-13|2|2016-05-13|2
183|2012-09-24|50.06|51.67|50.05|51.55|967314|USD|183|1.019|0.5878805773195326|2016-05-17|3|2016-05-17|3
184|2012-09-25|51.01|53.49|51.01|52.51|1061385|USD|184|1.021|0.5679046936828863|2016-05-18|2|2016-05-18|2
185|2012-09-26|52.08|53.0|51.55|52.87|795486|USD|185|1.018|0.5403612168084465|2016-05-19|1|2016-05-19|1
186|2012-09-27|53.04|55.31|53.0|54.97|1352045|USD|186|1.026|0.5139831639006803|2016-05-20|2|2016-05-20|2
187|2012-09-28|54.44|57.38|54.44|56.14|1735449|USD|187|1.025|0.4708073403689785|2016-05-23|1|2016-05-23|1
188|2012-10-01|55.82|56.03|55.24|55.78|741048|USD|188|1.009|0.4504766333418985|2016-05-24|1|2016-05-24|1
189|2012-10-02|56.33|56.38|54.31|55.0|525022|USD|189|0.997|0.4094519843180869|2016-05-27|2|2016-05-27|2
190|2012-10-03|56.15|56.15|54.13|54.17|744324|USD|190|0.976|0.3943802707802376|2016-05-31|2|2016-05-31|2
191|2012-10-04|54.82|54.98|53.73|53.9|763414|USD|191|0.994|0.38901776072597577|2016-06-01|4|2016-06-01|4
192|2012-10-05|54.47|54.68|53.71|53.82|712685|USD|192|0.983|0.38611715423033227|2016-06-02|1|2016-06-02|1
193|2012-10-08|53.57|54.02|52.73|53.09|629618|USD|193|0.985|0.3841454550065017|2016-06-03|2|2016-06-03|2
194|2012-10-09|52.74|53.1|51.87|52.02|711520|USD|194|0.985|0.3910411806075345|2016-06-07|1|2016-06-07|1
195|2012-10-10|51.96|52.91|51.26|51.95|427346|USD|195|1.015|0.3915747255030362|2016-06-08|2|2016-06-08|2
196|2012-10-11|52.76|52.97|51.79|52.43|543209|USD|196|0.993|0.3893128701869713|2016-06-10|1|2016-06-10|1
197|2012-10-12|52.38|53.23|52.05|52.73|317865|USD|197|1.006|0.3923811445869863|2016-06-12|1|2016-06-12|1
198|2012-10-15|52.69|53.21|52.09|52.95|201057|USD|198|0.996|0.3889929544196191|2016-06-13|2|2016-06-13|2
199|2012-10-16|52.48|53.41|51.9|52.71|505519|USD|199|0.996|0.3935156317150192|2016-06-14|1|2016-06-14|1
200|2012-10-17|52.26|53.29|52.26|52.87|337912|USD|200|1.017|0.3941368896366962|2016-06-15|1|2016-06-15|1
201|2012-10-18|53.14|53.6|52.32|52.61|403857|USD|201|0.984|0.38113254020213344|2016-06-17|1|2016-06-17|1
202|2012-10-19|52.29|53.13|52.24|53.01|557658|USD|202|1.024|0.37105905815223705|2016-06-21|1|2016-06-21|1
203|2012-10-22|53.56|53.8|53.05|53.67|354417|USD|203|0.992|0.3393686829397042|2016-06-22|2|2016-06-22|2
204|2012-10-23|53.11|53.99|52.95|53.67|281470|USD|204|1.029|0.3327214238434063|2016-06-23|1|2016-06-23|1
205|2012-10-24|54.67|54.67|53.73|54.11|383823|USD|205|0.995|0.29312952255214425|2016-06-24|1|2016-06-24|1
206|2012-10-25|54.42|54.42|53.75|54.02|379326|USD|206|0.99|0.2792166288979545|2016-06-27|2|2016-06-27|2
207|2012-10-26|53.9|54.34|53.41|54.02|335027|USD|207|0.993|0.2967709536667049|2016-06-29|3|2016-06-29|3
208|2012-10-31|53.51|54.54|53.42|54.0|365984|USD|208|1.028|0.3102811887966259|2016-06-30|3|2016-06-30|3
209|2012-11-01|55.0|55.99|53.91|55.95|533686|USD|209|1.017|0.2828194343781015|2016-07-01|1|2016-07-01|1
210|2012-11-02|55.92|56.0|54.25|54.28|490768|USD|210|0.972|0.2799293495090421|2016-07-05|1|2016-07-05|1
211|2012-11-05|54.37|54.79|54.0|54.5|536956|USD|211|1.007|0.3048858944180732|2016-07-07|1|2016-07-07|1
212|2012-11-06|54.76|56.09|54.68|56.02|622530|USD|212|1.023|0.3048858944180751|2016-07-08|3|2016-07-08|3
213|2012-11-07|56.01|56.89|55.08|55.16|655335|USD|213|0.992|0.3400976458798899|2016-07-11|4|2016-07-11|4
214|2012-11-08|55.55|55.94|54.44|54.73|641296|USD|214|0.985|0.3356127300312543|2016-07-12|4|2016-07-12|4
215|2012-11-09|54.74|54.74|53.41|53.85|499656|USD|215|0.984|0.3582693346792167|2016-07-15|1|2016-07-15|1
216|2012-11-12|53.87|53.97|52.55|52.78|430640|USD|216|0.97|0.3622361329875217|2016-07-18|1|2016-07-18|1
217|2012-11-13|52.28|53.14|52.06|52.32|530728|USD|217|1.001|0.3834582980204357|2016-07-20|1|2016-07-20|1
218|2012-11-14|52.35|52.96|50.21|50.3|915724|USD|218|0.932|0.3811481711749843|2016-07-27|1|2016-07-27|1
219|2012-11-15|48.81|49.95|46.5|47.31|2539402|USD|219|0.969|0.4139522808416564|2016-07-28|2|2016-07-28|2
220|2012-11-16|47.31|47.31|43.58|44.08|2295312|USD|220|0.963|0.4519299349617835|2016-08-01|1|2016-08-01|1
221|2012-11-19|45.57|45.75|44.72|45.05|1831787|USD|221|0.989|0.4654494423486675|2016-08-04|1|2016-08-04|1
222|2012-11-20|45.05|45.43|44.3|44.58|719356|USD|222|0.979|0.4705530763865057|2016-08-08|1|2016-08-08|1
223|2012-11-21|44.12|45.08|43.71|44.05|636168|USD|223|0.997|0.487372610449135|2016-08-09|1|2016-08-09|1
224|2012-11-23|44.0|44.19|42.94|43.15|661597|USD|224|0.986|0.4933630416004489|2016-08-15|1|2016-08-15|1
225|2012-11-26|43.38|44.24|43.0|44.05|827532|USD|225|1.012|0.494679136134419|2016-08-16|2|2016-08-16|2
226|2012-11-27|43.91|44.45|43.48|44.16|858228|USD|226|0.998|0.4879547887801304|2016-08-17|2|2016-08-17|2
227|2012-11-28|43.81|44.31|43.06|43.86|726433|USD|227|1.001|0.4913037723871498|2016-08-18|1|2016-08-18|1
228|2012-11-29|43.84|44.32|43.4|43.92|598657|USD|228|1.003|0.5065327811443836|2016-08-22|1|2016-08-22|1
229|2012-11-30|43.98|44.3|43.21|43.86|448025|USD|229|0.997|0.5065327811443836|2016-08-23|2|2016-08-23|2
230|2012-12-03|43.84|44.05|43.51|43.72|539936|USD|230|0.999|0.5032589859512229|2016-08-25|2|2016-08-25|2
231|2012-12-04|43.8|43.93|41.25|41.43|2103193|USD|231|0.959|0.5052139330677444|2016-08-26|3|2016-08-26|3
232|2012-12-05|42.01|42.01|40.97|41.05|1083896|USD|232|0.976|0.5419457164004574|2016-08-27|1|2016-08-27|1
233|2012-12-06|41.0|41.42|39.35|40.1|2300644|USD|233|0.979|0.562020341302279|2016-08-29|1|2016-08-29|1
234|2012-12-07|40.12|40.59|38.95|39.0|2380211|USD|234|0.975|0.5777121581156164|2016-08-30|1|2016-08-30|1
235|2012-12-10|39.1|39.1|37.0|37.15|4083729|USD|235|0.956|0.6089937050653205|2016-08-31|2|2016-08-31|2
236|2012-12-11|37.39|38.77|37.36|38.0|2706043|USD|236|1.014|0.6839005052167483|2016-09-02|3|2016-09-02|3
237|2012-12-12|37.91|38.77|37.9|38.4|1787757|USD|237|1.012|0.6635101515476255|2016-09-05|1|2016-09-05|1
238|2012-12-13|38.37|38.82|37.65|38.27|1797674|USD|238|0.996|0.6689808405297152|2016-09-08|1|2016-09-08|1
239|2012-12-14|38.2|39.0|37.98|38.75|1806137|USD|239|1.014|0.6680261627661954|2016-09-09|2|2016-09-09|2
240|2012-12-17|38.75|39.24|37.8|39.19|1257459|USD|240|1.013|0.6602524990542716|2016-09-12|4|2016-09-12|4
241|2012-12-18|39.27|39.93|39.0|39.48|1247827|USD|241|1.007|0.6451546094065939|2016-09-13|5|2016-09-13|5
242|2012-12-19|39.54|42.46|39.4|41.95|2576948|USD|242|1.055|0.6444143757484484|2016-09-14|3|2016-09-14|3
243|2012-12-20|41.71|41.93|41.05|41.78|1005535|USD|243|0.983|0.591300316022332|2016-09-15|2|2016-09-15|2
244|2012-12-21|41.02|42.05|40.62|42.02|1077893|USD|244|1.021|0.5979633810737544|2016-09-16|1|2016-09-16|1
245|2012-12-24|41.88|42.5|41.18|41.56|526659|USD|245|0.992|0.6110968632239839|2016-09-19|3|2016-09-19|3
246|2012-12-26|41.54|42.13|41.51|41.97|706548|USD|246|1.011|0.6227147980378712|2016-09-20|5|2016-09-20|5
247|2012-12-27|41.99|42.29|41.42|41.78|609631|USD|247|0.997|0.6326508802110948|2016-09-21|3|2016-09-21|3
248|2012-12-28|41.87|42.92|41.7|42.34|557912|USD|248|1.01|0.6319354460423078|2016-09-22|3|2016-09-22|3
249|2012-12-31|42.3|42.83|42.1|42.53|780494|USD|249|1.029|0.6235765104158073|2016-09-23|3|2016-09-23|3
250|2013-01-02|43.53|44.36|42.33|42.49|891296|USD|250|0.987|0.6063351985665989|2016-09-26|1|2016-09-26|1
251|2013-01-03|42.95|43.34|42.37|42.79|694833|USD|251|0.997|0.6206135030366642|2016-09-27|1|2016-09-27|1
252|2013-01-04|42.8|43.55|42.59|43.4|467104|USD|252|1.005|0.6286267501059011|2016-09-28|1|2016-09-28|1
253|2013-01-07|43.0|43.4|43.0|43.02|644571|USD|253|1.006|0.6406261848510544|2016-09-29|1|2016-09-29|1
254|2013-01-08|43.26|43.4|42.4|42.5|513316|USD|254|0.988|0.6285091677380801|2016-10-03|2|2016-10-03|2
255|2013-01-09|42.73|43.05|42.15|42.41|752943|USD|255|1.002|0.6331500220955468|2016-10-07|2|2016-10-07|2
256|2013-01-10|42.81|44.45|42.6|44.24|1246280|USD|256|1.003|0.6398583734593486|2016-10-10|1|2016-10-10|1
257|2013-01-11|42.94|44.63|42.84|44.59|968660|USD|257|1.024|0.6206864607273364|2016-10-12|3|2016-10-12|3
258|2013-01-14|43.96|44.94|43.93|44.23|846750|USD|258|1.003|0.6092132600908875|2016-10-13|1|2016-10-13|1
259|2013-01-15|44.08|44.37|43.29|43.63|320923|USD|259|0.992|0.6092132600908875|2016-10-14|1|2016-10-14|1
260|2013-01-16|43.74|44.33|43.6|43.77|394448|USD|260|1.002|0.5992633085266205|2016-10-18|3|2016-10-18|3
261|2013-01-17|43.81|44.42|43.45|44.0|746679|USD|261|1.011|0.5940040003488551|2016-10-19|1|2016-10-19|1
262|2013-01-18|44.3|44.5|43.83|44.32|424005|USD|262|1.002|0.6029652573030452|2016-10-21|2|2016-10-21|2
263|2013-01-22|44.41|44.6|43.55|44.21|596756|USD|263|0.998|0.6076822319010012|2016-10-26|1|2016-10-26|1
264|2013-01-23|44.3|45.09|43.89|44.88|755703|USD|264|1.012|0.6165866957886634|2016-10-27|2|2016-10-27|2
265|2013-01-24|44.85|45.76|44.3|45.21|925164|USD|265|1.045|0.6171245336976328|2016-10-28|2|2016-10-28|2
266|2013-01-25|46.88|47.13|46.14|46.88|1042545|USD|266|0.99|0.5988933463047732|2016-10-31|1|2016-10-31|1
267|2013-01-28|46.4|47.5|46.17|47.35|828642|USD|267|1.022|0.6105540261480544|2016-11-03|1|2016-11-03|1
268|2013-01-29|47.42|48.1|46.61|46.98|703406|USD|268|0.995|0.5835571014906659|2016-11-04|1|2016-11-04|1
269|2013-01-30|47.16|47.61|46.8|47.42|601723|USD|269|1.003|0.5908213548450584|2016-11-07|1|2016-11-07|1
270|2013-01-31|47.3|47.45|46.01|46.42|696706|USD|270|0.994|0.5714513433229875|2016-11-09|2|2016-11-09|2
271|2013-02-01|47.0|47.49|46.17|47.13|525252|USD|271|1.006|0.5581064548711889|2016-11-10|5|2016-11-10|5
272|2013-02-04|47.28|47.28|45.41|46.3|660625|USD|272|0.974|0.5704672198208584|2016-11-14|3|2016-11-14|3
273|2013-02-05|46.07|46.07|45.28|45.7|638544|USD|273|0.989|0.5961905596677881|2016-11-15|2|2016-11-15|2
274|2013-02-06|45.57|45.81|45.31|45.63|1065531|USD|274|1.082|0.6130051725022673|2016-11-18|1|2016-11-18|1
275|2013-02-07|49.31|49.62|47.83|48.75|2913331|USD|275|1.009|0.5861906558001312|2016-11-21|2|2016-11-21|2
276|2013-02-08|49.74|52.44|49.11|51.99|2481955|USD|276|1.032|0.5890864287372971|2016-11-22|1|2016-11-22|1
277|2013-02-11|51.31|51.81|50.85|51.21|673233|USD|277|0.996|0.5693775272218656|2016-11-25|2|2016-11-25|2
278|2013-02-12|51.1|51.21|50.74|50.88|501424|USD|278|0.997|0.5607941433009139|2016-11-28|3|2016-11-28|3
279|2013-02-13|50.93|51.47|50.93|51.22|278487|USD|279|0.998|0.5676934301100676|2016-12-09|1|2016-12-09|1
280|2013-02-14|50.84|51.22|50.84|51.04|439317|USD|280|1.007|0.5667976438573823|2016-12-15|1|2016-12-15|1
281|2013-02-15|51.19|51.49|50.86|51.41|476465|USD|281|1.009|0.5750206049544959|2016-12-16|1|2016-12-16|1
282|2013-02-19|51.66|54.24|51.42|53.22|1243808|USD|282|1.028|0.5659077751703914|2016-12-19|1|2016-12-19|1
283|2013-02-20|53.13|53.69|52.89|52.91|1036977|USD|283|0.989|0.5276901778052508|2016-12-20|1|2016-12-20|1
284|2013-02-21|52.52|52.52|51.12|51.72|770977|USD|284|0.994|0.5393246789732135|2016-12-21|1|2016-12-21|1
285|2013-02-22|52.21|52.21|51.35|51.89|475649|USD|285|1.013|0.5420461170029934|2016-12-23|1|2016-12-23|1
286|2013-02-25|52.88|53.16|51.68|51.74|706964|USD|286|0.978|0.5404215035557322|2016-12-28|2|2016-12-28|2
287|2013-02-26|51.74|52.15|51.15|51.64|518432|USD|287|1.003|0.5612907953497891|2016-12-31|1|2016-12-31|1
288|2013-02-27|51.91|52.34|51.43|51.87|471870|USD|288|1.003|0.5547730979157057|2017-01-05|2|2017-01-05|2
289|2013-02-28|52.08|52.1|50.99|51.28|597887|USD|289|0.979|0.5277915936650964|2017-01-09|2|2017-01-09|2
290|2013-03-01|50.97|52.22|50.53|50.65|1023354|USD|290|0.994|0.5344997737730566|2017-01-11|3|2017-01-11|3
291|2013-03-04|50.65|52.01|49.51|52.01|843409|USD|291|1.029|0.5363316404848962|2017-01-20|2|2017-01-20|2
292|2013-03-05|52.12|54.13|51.6|53.14|1333884|USD|292|1.01|0.5018714574448749|2017-01-23|1|2017-01-23|1
293|2013-03-06|52.62|53.51|52.22|52.99|500304|USD|293|1.013|0.4924514791202161|2017-01-27|1|2017-01-27|1
294|2013-03-07|53.29|54.3|52.52|53.84|930927|USD|294|1.013|0.4847138070070425|2017-01-31|1|2017-01-31|1
295|2013-03-08|54.0|54.62|53.76|54.23|531351|USD|295|1.005|0.4738110784481844|2017-02-02|1|2017-02-02|1
296|2013-03-11|54.25|55.05|53.4|54.68|575325|USD|296|1.007|0.4640667462094548|2017-02-03|1|2017-02-03|1
297|2013-03-12|54.63|54.63|53.86|53.92|705410|USD|297|0.981|0.4804472980459957|2017-02-06|1|2017-02-06|1
298|2013-03-13|53.57|53.88|53.19|53.41|230704|USD|298|1.006|0.5226205365770299|2017-02-13|1|2017-02-13|1
299|2013-03-14|53.87|53.87|52.25|53.0|509011|USD|299|0.976|0.5144979994873377|2017-02-14|2|2017-02-14|2
300|2013-03-15|52.57|52.71|49.85|51.66|1156789|USD|300|0.975|0.5538977365534639|2017-02-15|5|2017-02-15|5
301|2013-03-18|51.26|52.6|50.73|52.28|328342|USD|301|1.029|0.5877141327232012|2017-02-16|8|2017-02-16|8
302|2013-03-19|52.73|53.86|52.41|53.05|459353|USD|302|1.013|0.5687657953678799|2017-02-17|2|2017-02-17|2
303|2013-03-20|53.43|54.58|53.04|54.48|404626|USD|303|1.016|0.5513700455495298|2017-02-20|1|2017-02-20|1
304|2013-03-21|54.27|54.66|53.84|54.45|277076|USD|304|1.003|0.5548725961519047|2017-02-21|1|2017-02-21|1
305|2013-03-22|54.45|55.4|53.82|55.01|418164|USD|305|1.013|0.5579199973708261|2017-02-22|1|2017-02-22|1
306|2013-03-25|55.15|55.49|54.68|55.0|288378|USD|306|1.003|0.5605876497049328|2017-02-23|1|2017-02-23|1
307|2013-03-26|55.29|55.37|54.37|54.96|222505|USD|307|0.987|0.5553237928105709|2017-02-24|1|2017-02-24|1
308|2013-03-27|54.57|55.13|54.01|55.12|340697|USD|308|1.005|0.5600937400576296|2017-02-26|1|2017-02-26|1
309|2013-03-28|54.87|55.14|54.38|54.77|457128|USD|309|0.997|0.5667895044779392|2017-02-27|2|2017-02-27|2
310|2013-04-01|54.73|55.97|54.34|55.08|494483|USD|310|1.018|0.5529641015064438|2017-02-28|2|2017-02-28|2
311|2013-04-02|55.71|55.95|54.94|55.7|574359|USD|311|0.998|0.5503571306700213|2017-03-02|3|2017-03-02|3
312|2013-04-03|55.58|55.94|54.05|54.33|758855|USD|312|0.982|0.5706678486834876|2017-03-03|1|2017-03-03|1
313|2013-04-04|54.59|55.28|53.69|55.16|361488|USD|313|1.002|0.6104900376897342|2017-03-06|1|2017-03-06|1
314|2013-04-05|54.69|55.41|54.18|54.74|263546|USD|314|0.997|0.5608629164651509|2017-03-12|1|2017-03-12|1
315|2013-04-08|54.53|55.1|54.31|54.76|296988|USD|315|1.011|0.5941055458794885|2017-03-13|2|2017-03-13|2
316|2013-04-09|55.15|55.15|54.04|54.75|337122|USD|316|0.999|0.5954072249492719|2017-03-15|1|2017-03-15|1
317|2013-04-10|55.08|55.42|54.65|54.87|337357|USD|317|0.996|0.595407224949267|2017-03-16|2|2017-03-16|2
318|2013-04-11|54.87|54.98|52.94|53.34|869750|USD|318|0.975|0.5587609069819275|2017-03-17|1|2017-03-17|1
319|2013-04-12|53.48|53.59|52.72|53.32|690363|USD|319|0.986|0.5963982305679623|2017-03-24|2|2017-03-24|2
320|2013-04-15|52.71|53.07|51.7|51.75|506215|USD|320|0.996|0.6206648367025971|2017-03-27|1|2017-03-27|1
321|2013-04-16|52.5|52.72|51.49|52.23|388106|USD|321|0.99|0.6288939832540439|2017-03-31|1|2017-03-31|1
322|2013-04-17|51.99|52.62|51.95|52.05|474659|USD|322|1.0|0.6328691340945031|2017-04-03|1|2017-04-03|1
323|2013-04-18|52.0|52.2|51.33|51.95|309375|USD|323|1.005|0.6418047977208042|2017-04-06|1|2017-04-06|1
324|2013-04-19|52.28|53.15|52.05|52.28|281363|USD|324|1.002|0.6354000026343858|2017-04-10|1|2017-04-10|1
325|2013-04-22|52.38|52.63|51.43|52.37|262676|USD|325|0.995|0.6255819051737268|2017-04-11|1|2017-04-11|1
326|2013-04-23|52.13|53.75|51.76|53.49|466706|USD|326|1.023|0.6292246091720682|2017-04-19|2|2017-04-19|2
327|2013-04-24|53.34|54.63|53.22|54.56|643385|USD|327|1.027|0.6008931386809716|2017-04-21|1|2017-04-21|1
328|2013-04-25|54.78|55.16|54.3|55.04|308642|USD|328|0.997|0.5999485626522187|2017-04-25|1|2017-04-25|1
329|2013-04-26|54.63|55.2|54.12|54.9|179633|USD|329|1.018|0.6066512412680222|2017-04-27|1|2017-04-27|1
330|2013-04-29|55.59|56.48|55.31|55.81|380008|USD|330|1.006|0.5837577481673977|2017-04-28|1|2017-04-28|1
331|2013-04-30|55.92|56.39|55.06|56.39|236723|USD|331|1.005|0.5843872520418858|2017-05-05|1|2017-05-05|1
332|2013-05-01|56.21|56.28|55.72|55.8|247835|USD|332|0.996|0.5483376841510391|2017-05-08|1|2017-05-08|1
333|2013-05-02|56.0|57.27|55.97|56.88|261911|USD|333|1.02|0.5584365171396636|2017-05-10|2|2017-05-10|2
334|2013-05-03|57.1|57.43|56.52|57.33|220771|USD|334|1.006|0.5499409370446747|2017-05-11|4|2017-05-11|4
335|2013-05-06|57.46|58.38|57.2|58.03|236944|USD|335|1.016|0.5534361481211825|2017-05-12|2|2017-05-12|2
336|2013-05-07|58.39|58.39|57.75|58.08|117931|USD|336|0.998|0.5440258494774634|2017-05-17|3|2017-05-17|3
337|2013-05-08|58.27|58.93|57.6|58.54|270647|USD|337|0.991|0.5228242509494135|2017-05-22|1|2017-05-22|1
338|2013-05-09|57.76|59.84|57.25|58.57|554466|USD|338|1.012|0.5246199975025198|2017-05-23|1|2017-05-23|1
339|2013-05-10|58.46|59.31|57.75|57.97|298387|USD|339|0.985|0.4906491436977438|2017-05-25|1|2017-05-25|1
340|2013-05-13|57.61|58.83|57.61|58.16|632893|USD|340|1.015|0.4966804091214448|2017-05-30|1|2017-05-30|1
341|2013-05-14|58.49|59.95|58.19|59.8|355619|USD|341|1.02|0.4977910384231916|2017-05-31|1|2017-05-31|1
342|2013-05-15|59.66|61.43|59.55|60.42|848185|USD|342|1.022|0.5054065635675127|2017-06-02|1|2017-06-02|1
343|2013-05-16|61.0|61.0|55.88|58.07|969846|USD|343|0.961|0.5059399433767425|2017-06-05|2|2017-06-05|2
344|2013-05-17|58.65|59.75|58.45|59.42|303019|USD|344|1.054|0.5491681514839547|2017-06-06|2|2017-06-06|2
345|2013-05-20|61.8|63.37|60.78|62.91|576876|USD|345|1.013|0.5181608401819099|2017-06-07|2|2017-06-07|2
346|2013-05-21|62.63|62.84|61.76|62.49|286771|USD|346|0.999|0.5181608401819139|2017-06-08|1|2017-06-08|1
347|2013-05-22|62.54|63.61|60.91|60.97|424861|USD|347|0.955|0.5199191982108423|2017-06-09|1|2017-06-09|1
348|2013-05-23|59.72|61.62|59.12|61.53|368007|USD|348|1.032|0.5560323293875505|2017-06-10|1|2017-06-10|1
349|2013-05-24|61.66|62.09|61.31|62.06|196878|USD|349|1.023|0.5384910629922717|2017-06-14|1|2017-06-14|1
350|2013-05-28|63.05|63.88|63.04|63.79|457769|USD|350|1.008|0.5212704786116278|2017-06-19|1|2017-06-19|1
351|2013-05-29|63.56|63.56|62.52|62.86|471081|USD|351|0.995|0.5238560917139968|2017-06-22|1|2017-06-22|1
352|2013-05-30|63.26|64.16|62.59|63.92|415757|USD|352|1.014|0.5184368109318614|2017-06-26|2|2017-06-26|2
353|2013-05-31|64.13|65.08|63.93|63.93|767769|USD|353|0.996|0.5125939540973724|2017-06-29|1|2017-06-29|1
354|2013-06-03|63.88|64.01|62.43|63.4|395445|USD|354|0.989|0.5159211679760337|2017-06-30|1|2017-06-30|1
355|2013-06-04|63.18|64.34|63.05|63.37|583282|USD|355|1.0|0.5233495956077769|2017-07-02|1|2017-07-02|1
356|2013-06-05|63.21|64.0|62.34|62.39|653533|USD|356|0.981|0.530558867124702|2017-07-03|1|2017-07-03|1
357|2013-06-06|62.01|63.11|61.5|62.99|264859|USD|357|1.025|0.5498996821634939|2017-07-06|2|2017-07-06|2
358|2013-06-07|63.58|63.84|63.09|63.82|303000|USD|358|1.007|0.5372894548660689|2017-07-13|3|2017-07-13|3
359|2013-06-10|64.02|64.35|63.71|63.94|552102|USD|359|0.984|0.5418815429736531|2017-07-14|1|2017-07-14|1
360|2013-06-11|62.97|63.62|62.63|62.75|381203|USD|360|1.007|0.5388700137468082|2017-07-17|2|2017-07-17|2
361|2013-06-12|63.43|63.74|60.35|60.94|616437|USD|361|0.956|0.547092233251746|2017-07-19|1|2017-07-19|1
362|2013-06-13|60.61|61.69|59.83|61.3|651463|USD|362|1.013|0.5775051116693295|2017-07-20|2|2017-07-20|2
363|2013-06-14|61.39|61.53|60.49|61.0|291444|USD|363|1.005|0.5488405238606248|2017-07-21|1|2017-07-21|1
364|2013-06-17|61.69|62.49|61.68|62.08|600570|USD|364|1.012|0.5310134463776753|2017-07-26|1|2017-07-26|1
365|2013-06-18|62.44|62.67|62.16|62.43|458040|USD|365|1.0|0.5205471307389136|2017-07-27|1|2017-07-27|1
366|2013-06-19|62.44|63.0|61.02|61.11|324418|USD|366|0.965|0.52615089889408|2017-07-28|1|2017-07-28|1
367|2013-06-20|60.25|61.05|58.99|59.45|406736|USD|367|0.994|0.5488708365030395|2017-08-01|3|2017-08-01|3
368|2013-06-21|59.89|59.9|58.02|58.23|531900|USD|368|0.953|0.5519995455821698|2017-08-02|1|2017-08-02|1
369|2013-06-24|57.08|57.18|54.82|56.19|703930|USD|369|0.996|0.5956373564940416|2017-08-03|1|2017-08-03|1
370|2013-06-25|56.83|57.33|56.57|56.98|515708|USD|370|1.017|0.5792102562888111|2017-08-04|1|2017-08-04|1
371|2013-06-26|57.78|58.94|57.5|58.91|699058|USD|371|1.034|0.5463390912055227|2017-08-07|2|2017-08-07|2
372|2013-06-27|59.73|61.41|59.47|61.04|624981|USD|372|1.023|0.5151412998991174|2017-08-08|1|2017-08-08|1
373|2013-06-28|61.08|63.54|60.41|63.17|785211|USD|373|1.041|0.4925832927597806|2017-08-09|2|2017-08-09|2
374|2013-07-01|63.59|64.05|62.54|63.41|651288|USD|374|0.994|0.4568699733515805|2017-08-10|6|2017-08-10|6
375|2013-07-02|63.19|64.69|63.07|63.85|493826|USD|375|1.013|0.4676370230728949|2017-08-11|1|2017-08-11|1
376|2013-07-03|64.02|64.38|63.42|63.73|385727|USD|376|1.002|0.490160795552456|2017-08-14|1|2017-08-14|1
377|2013-07-05|64.16|64.65|63.77|64.52|314303|USD|377|1.01|0.491149033311311|2017-08-15|1|2017-08-15|1
378|2013-07-08|64.78|65.14|64.29|64.47|470356|USD|378|1.002|0.4980660145205985|2017-08-16|1|2017-08-16|1
379|2013-07-09|64.89|65.49|63.99|64.48|293279|USD|379|0.996|0.5435429142262027|2017-08-19|1|2017-08-19|1
380|2013-07-10|64.64|65.03|64.33|64.86|299630|USD|380|1.012|0.5823915664185578|2017-08-24|1|2017-08-24|1
381|2013-07-11|65.44|65.44|64.54|64.9|594097|USD|381|0.987|0.568976168993312|2017-08-25|1|2017-08-25|1
382|2013-07-12|64.61|64.8|64.39|64.55|467182|USD|382|1.005|0.5932904314259511|2017-08-28|1|2017-08-28|1
383|2013-07-15|64.96|65.18|64.59|64.85|487090|USD|383|1.001|0.6002954064779038|2017-08-29|1|2017-08-29|1
384|2013-07-16|65.0|65.72|64.88|65.01|545085|USD|384|1.0|0.5871587594852562|2017-08-31|1|2017-08-31|1
385|2013-07-17|65.0|65.97|64.54|65.55|472001|USD|385|1.011|0.5710157155853991|2017-09-05|1|2017-09-05|1
386|2013-07-18|65.73|67.13|65.65|66.28|575254|USD|386|1.009|0.5745986084092297|2017-09-07|2|2017-09-07|2
387|2013-07-19|66.35|67.11|66.13|66.79|597459|USD|387|1.005|0.5661100802451245|2017-09-13|1|2017-09-13|1
388|2013-07-22|66.69|67.37|66.41|66.61|454927|USD|388|1.014|0.544521841567645|2017-09-15|1|2017-09-15|1
389|2013-07-23|67.64|67.95|66.17|66.28|370896|USD|389|0.98|0.5470459878244905|2017-09-18|4|2017-09-18|4
390|2013-07-24|66.28|67.24|65.84|66.89|426423|USD|390|1.02|0.5564036347035229|2017-09-22|1|2017-09-22|1
391|2013-07-25|67.59|68.77|66.42|67.08|344781|USD|391|0.991|0.540183382257131|2017-09-27|1|2017-09-27|1
392|2013-07-26|66.99|67.31|65.25|65.73|896859|USD|392|0.976|0.5553255284187709|2017-09-29|1|2017-09-29|1
393|2013-07-29|65.41|65.41|63.5|63.92|417200|USD|393|0.981|0.5627720299304869|2017-10-05|1|2017-10-05|1
394|2013-07-30|64.18|64.33|63.49|63.5|450332|USD|394|0.997|0.5788038041788568|2017-10-10|2|2017-10-10|2
395|2013-07-31|63.99|64.25|63.02|63.71|737201|USD|395|1.008|0.5881750106184266|2017-10-11|2|2017-10-11|2
396|2013-08-01|64.48|64.55|63.63|64.07|734574|USD|396|0.993|0.5865373501616492|2017-10-12|2|2017-10-12|2
397|2013-08-02|64.01|64.01|62.56|63.84|446756|USD|397|0.998|0.5808419587966872|2017-10-13|1|2017-10-13|1
398|2013-08-05|63.9|64.1|63.45|63.65|332907|USD|398|0.994|0.5938217870578179|2017-10-23|1|2017-10-23|1
399|2013-08-06|63.53|63.93|61.87|62.56|594545|USD|399|0.98|0.5907453616720875|2017-10-29|1|2017-10-29|1
400|2013-08-07|62.23|62.38|60.83|60.93|384755|USD|400|0.979|0.6022121366336153|2017-10-30|1|2017-10-30|1
401|2013-08-08|60.93|61.16|60.39|60.59|523170|USD|401|0.995|0.6222611393993237|2017-10-31|1|2017-10-31|1
402|2013-08-09|60.6|61.11|60.27|60.4|357486|USD|402|0.998|0.6183031955122905|2017-11-01|1|2017-11-01|1
403|2013-08-12|60.47|61.02|60.08|60.59|497248|USD|403|1.009|0.6118698628505876|2017-11-02|1|2017-11-02|1
404|2013-08-13|61.0|62.3|60.32|60.89|795534|USD|404|1.004|0.6025621163941892|2017-11-06|5|2017-11-06|5
405|2013-08-14|61.23|62.1|61.01|61.45|944338|USD|405|1.033|0.5941803703117986|2017-11-07|1|2017-11-07|1
406|2013-08-15|63.25|63.95|62.01|63.16|1725852|USD|406|1.003|0.5777860554755092|2017-11-08|2|2017-11-08|2
407|2013-08-16|63.42|63.6|62.82|63.57|780254|USD|407|1.017|0.5760494266374353|2017-11-09|1|2017-11-09|1
408|2013-08-19|64.48|69.48|64.01|67.04|2007013|USD|408|1.062|0.573982961646132|2017-11-10|1|2017-11-10|1
409|2013-08-20|68.51|74.69|68.21|74.2|3011016|USD|409|1.075|0.5341302097587749|2017-11-13|2|2017-11-13|2
410|2013-08-21|73.66|74.5|71.72|72.45|1314892|USD|410|0.99|0.4898027991988896|2017-11-14|1|2017-11-14|1
411|2013-08-22|72.89|74.09|72.69|74.01|552067|USD|411|1.03|0.4974339951702324|2017-11-15|3|2017-11-15|3
412|2013-08-23|75.11|76.42|74.17|75.42|965614|USD|412|1.018|0.4698012538014586|2017-11-16|8|2017-11-16|8
413|2013-08-26|76.49|77.48|75.01|76.12|976684|USD|413|0.981|0.433538403194284|2017-11-17|7|2017-11-17|7
414|2013-08-27|75.07|75.79|73.0|73.36|1013220|USD|414|0.975|0.4141430699217046|2017-11-20|5|2017-11-20|5
415|2013-08-28|73.22|75.32|73.08|74.67|601761|USD|415|1.018|0.4709389545853935|2017-11-22|1|2017-11-22|1
416|2013-08-29|74.52|75.48|74.28|74.82|330080|USD|416|0.994|0.4527031116511823|2017-11-28|1|2017-11-28|1
417|2013-08-30|74.07|74.35|70.5|70.74|1078248|USD|417|0.969|0.4527031116511823|2017-11-29|1|2017-11-29|1
418|2013-09-03|71.8|73.74|71.03|73.5|918139|USD|418|1.019|0.4735849079755667|2017-11-30|1|2017-11-30|1
419|2013-09-04|73.2|73.5|71.75|72.92|656670|USD|419|0.996|0.465955266640375|2017-12-04|1|2017-12-04|1
420|2013-09-05|72.93|73.5|71.87|72.21|712156|USD|420|0.99|0.4703010014768862|2017-12-09|1|2017-12-09|1
421|2013-09-06|72.19|73.64|71.89|73.46|631592|USD|421|1.019|0.4731227498488185|2017-12-11|1|2017-12-11|1
422|2013-09-09|73.58|74.4|71.74|71.83|1066493|USD|422|0.988|0.4777800059160445|2017-12-12|3|2017-12-12|3
423|2013-09-10|72.69|73.3|72.22|73.29|586425|USD|423|1.008|0.4978633680857397|2017-12-13|2|2017-12-13|2
424|2013-09-11|73.25|74.76|73.07|74.03|798796|USD|424|1.014|0.499999999999997|2017-12-19|1|2017-12-19|1
425|2013-09-12|74.27|76.8|74.17|74.76|632736|USD|425|1.005|0.4747385931926651|2017-12-21|3|2017-12-21|3
426|2013-09-13|74.67|74.92|71.85|72.3|559506|USD|426|0.984|0.4876657810215916|2017-12-27|2|2017-12-27|2
427|2013-09-16|73.46|75.75|73.2|74.9|954669|USD|427|1.023|0.4856746869265905|2017-12-28|3|2017-12-28|3
428|2013-09-17|75.12|76.3|73.75|74.18|391589|USD|428|0.989|0.43083535341661217|2017-12-29|1|2017-12-29|1
429|2013-09-18|74.31|74.76|73.0|73.96|623841|USD|429|0.998|0.4693994784635282|2018-01-02|1|2018-01-02|1
430|2013-09-19|74.16|76.47|74.16|75.2|576975|USD|430|1.011|0.4531425932365147|2018-01-04|1|2018-01-04|1
431|2013-09-20|74.96|75.18|73.43|74.1|576020|USD|431|0.989|0.4558253062160282|2018-01-05|1|2018-01-05|1
432|2013-09-23|74.1|75.18|72.15|72.77|804066|USD|432|0.988|0.4572851296500538|2018-01-09|1|2018-01-09|1
433|2013-09-24|73.22|73.23|71.07|72.0|781126|USD|433|0.993|0.4597242395868061|2018-01-11|1|2018-01-11|1
434|2013-09-25|72.74|74.15|71.91|72.03|611157|USD|434|0.99|0.458253886286204|2018-01-16|1|2018-01-16|1
435|2013-09-26|71.98|72.9|71.98|72.24|439672|USD|435|1.0|0.4587417716790255|2018-01-18|1|2018-01-18|1
436|2013-09-27|72.0|72.2|71.32|71.69|396913|USD|436|1.0|0.4665076066541102|2018-01-19|1|2018-01-19|1
437|2013-09-30|72.0|73.52|71.03|72.6|1152013|USD|437|1.013|0.4660061217095812|2018-01-22|1|2018-01-22|1
438|2013-10-01|72.94|72.99|71.51|72.51|633024|USD|438|0.986|0.460319020839051|2018-02-02|1|2018-02-02|1
439|2013-10-02|71.94|72.85|71.74|72.5|608538|USD|439|1.01|0.4687584950482068|2018-02-05|1|2018-02-05|1
440|2013-10-03|72.65|72.88|71.66|72.51|1067379|USD|440|0.999|0.43838048962325976|2018-02-06|2|2018-02-06|2
441|2013-10-04|72.6|73.21|72.31|72.59|744933|USD|441|1.0|0.4658893638859107|2018-02-07|3|2018-02-07|3
442|2013-10-07|72.57|74.05|70.24|71.05|1805277|USD|442|0.978|0.4813756312577371|2018-02-08|4|2018-02-08|4
443|2013-10-08|71.0|71.26|66.24|66.37|1402283|USD|443|0.938|0.486917647693297|2018-02-09|1|2018-02-09|1
444|2013-10-09|66.6|69.8|66.56|69.07|1674014|USD|444|1.048|0.5103081855890047|2018-02-10|1|2018-02-10|1
445|2013-10-10|69.82|69.82|68.83|69.44|687996|USD|445|0.992|0.4847340237578446|2018-02-16|1|2018-02-16|1
446|2013-10-11|69.28|70.38|68.92|69.57|537841|USD|446|0.994|0.4945952078389034|2018-02-20|1|2018-02-20|1
447|2013-10-14|68.87|69.89|68.6|69.56|610548|USD|447|1.001|0.4897313516568051|2018-02-21|1|2018-02-21|1
448|2013-10-15|68.97|70.49|68.9|69.39|777341|USD|448|1.009|0.4921831503665062|2018-02-25|1|2018-02-25|1
449|2013-10-16|69.58|70.46|69.24|70.06|381282|USD|449|1.002|0.4926749451896222|2018-02-27|1|2018-02-27|1
450|2013-10-17|69.74|69.98|69.49|69.74|629652|USD|450|0.994|0.5148530857153599|2018-02-28|1|2018-02-28|1
451|2013-10-18|69.31|70.91|69.21|70.3|516893|USD|451|1.025|0.5190466027010645|2018-03-07|2|2018-03-07|2
452|2013-10-21|71.05|71.79|70.63|71.4|530746|USD|452|1.016|0.5103390220991628|2018-03-08|1|2018-03-08|1
453|2013-10-22|72.21|74.81|72.02|72.82|1220987|USD|453|1.011|0.4853164000646421|2018-03-12|1|2018-03-12|1
454|2013-10-23|73.02|73.25|70.59|70.87|652829|USD|454|0.978|0.4825266800003194|2018-03-13|1|2018-03-13|1
455|2013-10-24|71.41|72.41|70.5|71.93|549990|USD|455|1.023|0.4972214650841119|2018-03-15|4|2018-03-15|4
456|2013-10-25|73.07|73.38|72.0|72.85|769637|USD|456|0.981|0.4934760905777701|2018-03-22|1|2018-03-22|1
457|2013-10-28|71.7|71.99|65.05|65.36|2031703|USD|457|0.921|0.4995309193609632|2018-03-26|1|2018-03-26|1
458|2013-10-29|66.0|69.97|65.91|68.88|967895|USD|458|1.053|0.5582595241912103|2018-03-27|1|2018-03-27|1
459|2013-10-30|69.48|70.1|66.01|66.7|956934|USD|459|0.964|0.5082116829421847|2018-03-28|1|2018-03-28|1
460|2013-10-31|66.95|68.43|64.5|67.51|850647|USD|460|1.016|0.5379128284288239|2018-04-03|2|2018-04-03|2
461|2013-11-01|68.03|68.84|66.65|67.1|421551|USD|461|0.992|0.5290470745672601|2018-04-04|1|2018-04-04|1
462|2013-11-04|67.5|67.81|66.24|66.82|417380|USD|462|0.993|0.5387624997801629|2018-04-09|2|2018-04-09|2
463|2013-11-05|67.01|67.5|65.23|66.49|379576|USD|463|0.99|0.5411086342365187|2018-04-10|1|2018-04-10|1
464|2013-11-06|66.35|66.87|64.88|65.19|651109|USD|464|0.991|0.5531899613249244|2018-04-11|2|2018-04-11|2
465|2013-11-07|65.78|66.29|62.88|64.08|866290|USD|465|1.015|0.5647311036041844|2018-04-12|1|2018-04-12|1
466|2013-11-08|66.75|66.78|63.6|66.64|708879|USD|466|0.999|0.5724555240302563|2018-04-13|1|2018-04-13|1
467|2013-11-11|66.66|67.93|66.01|66.86|485707|USD|467|1.002|0.5780243708226803|2018-04-17|1|2018-04-17|1
468|2013-11-12|66.8|67.26|66.06|67.1|512464|USD|468|1.003|0.5768829742814223|2018-04-23|1|2018-04-23|1
469|2013-11-13|67.0|70.2|66.55|69.41|1238862|USD|469|0.941|0.5827679288586125|2018-04-24|1|2018-04-24|1
470|2013-11-14|63.02|67.93|63.0|66.35|1859365|USD|470|1.053|0.6437175201963644|2018-04-28|1|2018-04-28|1
471|2013-11-15|66.35|68.03|65.85|68.02|784950|USD|471|1.034|0.6242714278513931|2018-05-01|1|2018-05-01|1
472|2013-11-18|68.61|70.57|67.33|67.5|848386|USD|472|0.991|0.6010993873154019|2018-05-02|1|2018-05-02|1
473|2013-11-19|67.96|68.13|66.07|66.39|510598|USD|473|0.99|0.6106483061822692|2018-05-07|1|2018-05-07|1
474|2013-11-20|67.29|67.29|65.67|66.15|723599|USD|474|0.995|0.6123941738537027|2018-05-10|1|2018-05-10|1
475|2013-11-21|66.95|67.43|65.94|67.37|678375|USD|475|1.012|0.6156337044422732|2018-05-11|1|2018-05-11|1
476|2013-11-22|67.75|67.75|65.85|66.3|608795|USD|476|0.984|0.625752705734759|2018-05-15|2|2018-05-15|2
477|2013-11-25|66.66|67.67|65.68|67.27|743185|USD|477|1.006|0.6576036957240845|2018-05-16|2|2018-05-16|2
478|2013-11-26|67.05|68.3|66.03|67.39|802413|USD|478|1.01|0.6186371792917581|2018-05-17|6|2018-05-17|6
479|2013-11-27|67.71|70.96|67.08|70.53|896581|USD|479|1.0490000000000002|0.6250203027860793|2018-05-18|1|2018-05-18|1
480|2013-11-29|71.02|72.55|71.0|71.81|737020|USD|480|1.003|0.5685172701064602|2018-05-21|2|2018-05-21|2
481|2013-12-02|71.22|72.64|71.16|72.19|611491|USD|481|1.006|0.5796249707031851|2018-05-24|2|2018-05-24|2
482|2013-12-03|71.67|72.17|68.79|69.31|770660|USD|482|0.962|0.5676432811746968|2018-05-29|2|2018-05-29|2
483|2013-12-04|68.93|69.94|68.72|69.59|405051|USD|483|1.005|0.6069572345637203|2018-05-30|2|2018-05-30|2
484|2013-12-05|69.29|70.26|69.11|69.84|504381|USD|484|1.01|0.6021310235470351|2018-06-06|2|2018-06-06|2
485|2013-12-06|69.99|72.96|69.45|70.71|1104548|USD|485|1.015|0.6039322658495716|2018-06-07|1|2018-06-07|1
486|2013-12-09|71.04|71.71|70.5|71.27|484775|USD|486|0.994|0.5676870299767146|2018-06-12|2|2018-06-12|2
487|2013-12-10|70.63|72.65|70.06|72.56|548138|USD|487|1.031|0.5606881753692715|2018-06-20|1|2018-06-20|1
488|2013-12-11|72.8|74.55|69.54|69.76|1403491|USD|488|0.959|0.5179840428936117|2018-06-21|1|2018-06-21|1
489|2013-12-12|69.85|71.44|69.72|70.65|521504|USD|489|1.016|0.5517230092959394|2018-06-26|1|2018-06-26|1
490|2013-12-13|71.0|71.29|70.11|70.42|348681|USD|490|1.0|0.5473796612299598|2018-06-27|1|2018-06-27|1
491|2013-12-16|71.0|71.38|70.62|70.9|386488|USD|491|1.009|0.5513485453945064|2018-06-29|1|2018-06-29|1
492|2013-12-17|71.67|72.17|70.87|71.64|482953|USD|492|0.997|0.5307781036382649|2018-07-11|1|2018-07-11|1
493|2013-12-18|71.42|73.48|71.42|72.63|1109929|USD|493|1.011|0.5404402371376756|2018-07-16|1|2018-07-16|1
494|2013-12-19|72.2|73.95|71.5|73.09|721378|USD|494|1.011|0.5074004164417002|2018-07-17|1|2018-07-17|1
495|2013-12-20|73.0|75.0|72.66|74.51|825639|USD|495|1.031|0.4950596265923874|2018-08-03|1|2018-08-03|1
496|2013-12-23|75.25|76.14|73.81|75.52|470700|USD|496|1.009|0.4705634429824273|2018-08-07|1|2018-08-07|1
497|2013-12-24|75.89|77.1|74.61|75.77|457069|USD|497|1.0|0.4752219346525341|2018-08-08|2|2018-08-08|2
498|2013-12-26|75.91|76.79|75.83|76.18|475036|USD|498|1.014|0.4797154767571055|2018-08-09|6|2018-08-09|6
499|2013-12-27|76.99|79.86|75.78|78.46|705878|USD|499|1.02|0.4618839954377464|2018-08-13|2|2018-08-13|2
500|2013-12-30|78.55|79.5|77.13|78.27|426883|USD|500|1.004|0.4482628524522724|2018-08-14|2|2018-08-14|2
501|2013-12-31|78.86|79.26|77.98|78.6|357112|USD|501|0.995|0.4530272074647299|2018-08-15|1|2018-08-15|1
502|2014-01-02|78.5|79.34|77.02|78.31|632059|USD|502|1.003|0.4463502510920783|2018-08-17|1|2018-08-17|1
503|2014-01-03|78.71|78.71|77.58|78.21|662413|USD|503|0.992|0.4669647454281353|2018-08-20|2|2018-08-20|2
504|2014-01-06|78.08|78.46|76.73|78.03|1369108|USD|504|0.999|0.4687648106098317|2018-08-21|1|2018-08-21|1
505|2014-01-07|78.0|80.59|77.6|79.69|685916|USD|505|1.032|0.4604519439605356|2018-08-22|2|2018-08-22|2
506|2014-01-08|80.47|82.99|79.98|82.4|709011|USD|506|1.033|0.4271868915703496|2018-08-28|1|2018-08-28|1
507|2014-01-09|83.1|84.35|79.65|79.77|896042|USD|507|0.963|0.3901674442931027|2018-08-30|1|2018-08-30|1
508|2014-01-10|80.0|81.96|79.25|81.77|519213|USD|508|1.022|0.3920899135877977|2018-08-31|1|2018-08-31|1
509|2014-01-13|81.79|82.49|78.01|78.39|505433|USD|509|0.96|0.3661780057416354|2018-09-04|2|2018-09-04|2
510|2014-01-14|78.51|80.86|77.69|79.51|489777|USD|510|1.022|0.4028080319278217|2018-09-06|1|2018-09-06|1
511|2014-01-15|80.26|80.59|78.21|79.33|457274|USD|511|0.988|0.4028080319278195|2018-09-10|1|2018-09-10|1
512|2014-01-16|79.28|80.12|78.62|79.92|331266|USD|512|1.014|0.398146304426374|2018-09-13|1|2018-09-13|1
513|2014-01-17|80.38|80.72|78.62|79.45|625909|USD|513|0.998|0.39644283308436|2018-09-20|2|2018-09-20|2
514|2014-01-21|80.23|81.26|79.51|80.73|348210|USD|514|1.013|0.39644283308436|2018-09-25|1|2018-09-25|1
515|2014-01-22|81.28|81.93|80.02|81.24|710172|USD|515|0.966|0.41444581785488704|2018-09-27|2|2018-09-27|2
516|2014-01-23|78.49|79.79|76.82|77.87|1080395|USD|516|0.984|0.4564710710247718|2018-10-01|2|2018-10-01|2
517|2014-01-24|77.24|77.87|72.5|74.46|1441367|USD|517|0.964|0.4489234744685034|2018-10-02|2|2018-10-02|2
518|2014-01-27|74.45|74.8|72.33|74.38|593444|USD|518|1.008|0.4676380837731404|2018-10-10|1|2018-10-10|1
519|2014-01-28|75.01|77.54|74.91|76.26|566134|USD|519|1.009|0.4373727744164987|2018-10-11|1|2018-10-11|1
520|2014-01-29|75.72|76.6|74.34|75.27|668360|USD|520|1.006|0.4332403360457867|2018-10-17|1|2018-10-17|1
521|2014-01-30|76.2|77.11|75.33|75.98|278998|USD|521|0.979|0.41131282934209135|2018-10-19|1|2018-10-19|1
522|2014-01-31|74.59|75.83|73.96|74.97|298230|USD|522|1.012|0.428295582746858|2018-10-23|1|2018-10-23|1
523|2014-02-03|75.46|75.99|71.88|72.3|456056|USD|523|0.961|0.4087650655126141|2018-10-25|1|2018-10-25|1
524|2014-02-04|72.49|73.95|71.22|71.84|482415|USD|524|0.991|0.4355370842375727|2018-10-29|1|2018-10-29|1
525|2014-02-05|71.84|72.64|68.92|71.59|724757|USD|525|0.993|0.42685028428803706|2018-11-06|2|2018-11-06|2
526|2014-02-06|71.35|72.49|70.29|71.52|458075|USD|526|1.016|0.4418558251276679|2018-11-07|1|2018-11-07|1
527|2014-02-07|72.49|73.7|69.79|72.83|927868|USD|527|1.007|0.4347201197978586|2018-11-08|1|2018-11-08|1
528|2014-02-10|73.0|74.4|71.56|72.39|1073793|USD|528|0.986|0.4354231391280241|2018-11-10|2|2018-11-10|2
529|2014-02-11|71.99|73.68|71.59|71.69|684780|USD|529|1.0|0.43907677013073|2018-11-11|1|2018-11-11|1
530|2014-02-12|72.0|72.83|71.22|71.55|1317085|USD|530|1.011|0.45019015800983203|2018-11-13|1|2018-11-13|1
531|2014-02-13|72.76|74.93|71.01|72.4|1799200|USD|531|0.984|0.4345445065887863|2018-11-14|4|2018-11-14|4
532|2014-02-14|71.6|73.39|71.6|73.31|743942|USD|532|1.033|0.4812081063395341|2018-11-15|6|2018-11-15|6
533|2014-02-18|73.96|74.54|72.91|73.59|761996|USD|533|0.995|0.4508846986965064|2018-11-17|1|2018-11-17|1
534|2014-02-19|73.6|74.67|72.67|73.01|762757|USD|534|0.985|0.4749209345806786|2018-11-20|1|2018-11-20|1
535|2014-02-20|72.51|73.05|70.82|71.18|689455|USD|535|0.981|0.4573867938107405|2018-11-29|1|2018-11-29|1
536|2014-02-21|71.1|72.73|70.45|70.95|1121863|USD|536|0.981|0.4636621487012309|2018-12-07|1|2018-12-07|1
537|2014-02-24|69.74|69.98|67.99|67.99|773499|USD|537|0.968|0.4582029346991453|2018-12-08|1|2018-12-08|1
538|2014-02-25|67.54|68.27|66.46|66.57|1318153|USD|538|0.988|0.4839641415436667|2018-12-10|1|2018-12-10|1
539|2014-02-26|66.73|69.16|66.6|67.77|1368864|USD|539|1.019|0.5132194256930922|2018-12-12|3|2018-12-12|3
540|2014-02-27|68.01|71.06|68.01|68.7|879557|USD|540|1.022|0.5063984985670656|2018-12-13|1|2018-12-13|1
541|2014-02-28|69.51|69.97|68.26|69.17|771464|USD|541|0.98|0.4929783186721746|2018-12-17|1|2018-12-17|1
542|2014-03-03|68.13|69.0|66.58|67.82|1000887|USD|542|1.012|0.5060049267517669|2018-12-18|1|2018-12-18|1
543|2014-03-04|68.97|69.42|68.02|68.82|882617|USD|543|0.998|0.5032840060217588|2018-12-19|1|2018-12-19|1
544|2014-03-05|68.8|70.66|68.6|70.4|509633|USD|544|1.033|0.5135795983680156|2018-12-20|1|2018-12-20|1
545|2014-03-06|71.06|73.56|70.54|72.55|880783|USD|545|1.029|0.4955184337783879|2018-12-21|3|2018-12-21|3
546|2014-03-07|73.14|73.58|71.45|71.59|1027707|USD|546|0.971|0.4938073504218531|2018-12-26|1|2018-12-26|1
547|2014-03-10|71.0|71.0|69.1|70.0|694039|USD|547|0.995|0.5329566290624916|2018-12-28|2|2018-12-28|2
548|2014-03-11|70.61|70.79|68.26|68.31|575074|USD|548|0.958|0.5318316441781907|2019-01-06|1|2019-01-06|1
549|2014-03-12|67.61|68.11|66.18|67.6|540885|USD|549|1.003|0.5581225810086192|2019-01-07|1|2019-01-07|1
550|2014-03-13|67.8|68.28|65.51|66.12|909233|USD|550|0.968|0.5434526840038599|2019-01-11|1|2019-01-11|1
551|2014-03-14|65.65|66.06|64.85|65.1|675398|USD|551|1.007|0.546763182106012|2019-01-14|2|2019-01-14|2
552|2014-03-17|66.12|66.25|63.9|64.73|1082131|USD|552|0.981|0.5192675757144544|2019-01-15|1|2019-01-15|1
553|2014-03-18|64.86|66.31|64.44|65.93|661896|USD|553|1.008|0.5402915799313063|2019-01-23|1|2019-01-23|1
554|2014-03-19|65.38|65.66|63.47|63.97|1081268|USD|554|0.976|0.5297106432168072|2019-01-24|1|2019-01-24|1
555|2014-03-20|63.8|64.27|62.92|63.35|841112|USD|555|1.015|0.5518804075748942|2019-01-25|1|2019-01-25|1
556|2014-03-21|64.76|65.1|63.05|64.48|762553|USD|556|1.006|0.5408748983323524|2019-02-05|1|2019-02-05|1
557|2014-03-24|65.18|65.37|63.8|64.89|1273514|USD|557|1.008|0.5446506791353809|2019-02-13|1|2019-02-13|1
558|2014-03-25|65.72|65.97|64.32|64.75|778397|USD|558|0.992|0.5362433147657505|2019-02-14|1|2019-02-14|1
559|2014-03-26|65.19|66.46|64.65|66.31|1133327|USD|559|1.016|0.5204683861555233|2019-02-15|2|2019-02-15|2
560|2014-03-27|66.25|67.2|63.46|65.0|1553294|USD|560|0.987|0.5135510161786216|2019-02-19|1|2019-02-19|1
561|2014-03-28|65.4|68.19|65.01|68.13|1183183|USD|561|1.053|0.5244944388117311|2019-02-20|4|2019-02-20|4
562|2014-03-31|68.87|69.96|67.17|67.3|681995|USD|562|0.984|0.5230573430956235|2019-02-21|9|2019-02-21|9
563|2014-04-01|67.77|70.06|67.77|69.82|572902|USD|563|1.033|0.5298711372649759|2019-02-22|2|2019-02-22|2
564|2014-04-02|70.0|71.49|66.0|66.23|978079|USD|564|0.95|0.5022611119552496|2019-03-04|1|2019-03-04|1
565|2014-04-03|66.5|67.37|64.55|65.53|978598|USD|565|0.993|0.5471049520410539|2019-03-05|1|2019-03-05|1
566|2014-04-04|66.02|66.02|63.78|64.45|658677|USD|566|0.97|0.5419831937844558|2019-03-06|2|2019-03-06|2
567|2014-04-07|64.01|65.09|63.27|64.7|717598|USD|567|1.016|0.564635810611866|2019-03-08|2|2019-03-08|2
568|2014-04-08|65.06|67.28|64.71|67.2|569408|USD|568|1.042|0.5629393657113948|2019-03-11|1|2019-03-11|1
569|2014-04-09|67.8|68.5|67.09|67.91|709419|USD|569|1.006|0.54244621096313|2019-03-12|1|2019-03-12|1
570|2014-04-10|68.24|68.97|67.51|68.28|787195|USD|570|0.997|0.5330744270041268|2019-03-18|1|2019-03-18|1
571|2014-04-11|68.01|69.96|67.88|68.22|946667|USD|571|1.004|0.5383713640935656|2019-03-19|1|2019-03-19|1
572|2014-04-14|68.31|69.8|67.87|69.15|589072|USD|572|1.007|0.5343981544518008|2019-03-21|1|2019-03-21|1
573|2014-04-15|68.8|69.79|68.59|69.53|778754|USD|573|1.017|0.5291432662495847|2019-03-23|1|2019-03-23|1
574|2014-04-16|70.0|70.49|68.77|69.77|316550|USD|574|1.0|0.5194180227275641|2019-03-26|1|2019-03-26|1
575|2014-04-17|69.97|71.3|68.9|71.19|431518|USD|575|1.026|0.514695682568797|2019-03-30|2|2019-03-30|2
576|2014-04-21|71.78|75.1|71.3|74.04|779504|USD|576|1.042|0.4850823540699505|2019-04-17|2|2019-04-17|2
577|2014-04-22|74.8|74.81|73.59|74.14|854142|USD|577|0.993|0.4454664661618745|2019-04-18|2|2019-04-18|2
578|2014-04-23|74.26|74.26|72.66|73.7|545474|USD|578|1.0|0.4684609442315893|2019-04-26|1|2019-04-26|1
579|2014-04-24|74.25|74.25|72.66|73.39|623384|USD|579|0.979|0.4699058964039647|2019-05-02|1|2019-05-02|1
580|2014-04-25|72.7|74.15|70.41|71.12|907892|USD|580|0.973|0.4846450196656441|2019-05-10|1|2019-05-10|1
581|2014-04-28|70.74|71.81|66.99|67.98|1305106|USD|581|0.961|0.5113401548974731|2019-05-15|2|2019-05-15|2
582|2014-04-29|67.98|69.53|67.35|69.46|690288|USD|582|1.019|0.5520696612406822|2019-05-16|5|2019-05-16|5
583|2014-04-30|69.24|69.31|67.51|68.09|431643|USD|583|0.989|0.5437373264997806|2019-05-17|2|2019-05-17|2
584|2014-05-01|68.5|71.04|68.05|70.01|354968|USD|584|1.015|0.5799924950878665|2019-05-29|1|2019-05-29|1
585|2014-05-02|69.54|71.07|69.33|69.85|530723|USD|585|0.995|0.556322051629875|2019-06-12|1|2019-06-12|1
586|2014-05-05|69.16|70.41|69.03|70.15|207531|USD|586|1.013|0.5656466367106104|2019-06-20|1|2019-06-20|1
587|2014-05-06|70.08|70.51|69.19|69.38|248097|USD|587|0.993|0.5590969934452064|2019-06-25|1|2019-06-25|1
588|2014-05-07|69.56|70.28|66.64|67.07|440178|USD|588|0.965|0.5716506254930824|2019-07-10|1|2019-07-10|1
589|2014-05-08|67.16|68.92|67.0|67.63|462096|USD|589|1.003|0.6194682321341288|2019-07-19|1|2019-07-19|1
590|2014-05-09|67.35|67.86|64.92|67.15|650860|USD|590|1.007|0.6159749106169672|2019-07-26|1|2019-07-26|1
591|2014-05-12|67.84|72.33|67.15|71.47|958477|USD|591|1.05|0.5986929126352913|2019-07-30|1|2019-07-30|1
592|2014-05-13|71.25|71.75|70.14|71.43|571203|USD|592|0.996|0.5757639345301304|2019-08-07|1|2019-08-07|1
593|2014-05-14|71.0|71.88|70.0|71.04|901920|USD|593|0.983|0.5847987181204057|2019-08-08|2|2019-08-08|2
594|2014-05-15|69.8|72.72|69.1|71.25|1094298|USD|594|1.024|0.6129027228995685|2019-08-09|1|2019-08-09|1
595|2014-05-16|71.49|71.76|69.75|70.67|529317|USD|595|0.985|0.590528883743385|2019-08-12|1|2019-08-12|1
596|2014-05-19|70.43|71.48|70.27|70.7|962958|USD|596|1.004|0.6201106580396949|2019-08-13|1|2019-08-13|1
597|2014-05-20|70.7|71.7|70.7|71.01|997637|USD|597|1.013|0.6221576461254376|2019-08-14|1|2019-08-14|1
598|2014-05-21|71.64|72.3|71.13|71.67|519171|USD|598|1.005|0.6147690509537567|2019-08-15|1|2019-08-15|1
599|2014-05-22|72.01|72.03|71.11|71.44|249605|USD|599|0.992|0.61264910720756|2019-08-20|3|2019-08-20|3
600|2014-05-23|71.4|71.4|70.11|71.04|361571|USD|600|1.005|0.5833527006781266|2019-08-28|1|2019-08-28|1
601|2014-05-27|71.76|71.76|70.26|71.16|375049|USD|601|0.998|0.5473280743912096|2019-09-03|1|2019-09-03|1
602|2014-05-28|71.64|71.64|70.68|71.05|364128|USD|602|0.999|0.5413987855199637|2019-09-04|1|2019-09-04|1
603|2014-05-29|71.56|71.56|70.8|71.47|336244|USD|603|1.002|0.5587222963684102|2019-09-05|2|2019-09-05|2
604|2014-05-30|71.68|71.82|70.55|71.16|310619|USD|604|0.993|0.5688997305509901|2019-09-06|2|2019-09-06|2
605|2014-06-02|71.18|71.4|69.38|70.2|250207|USD|605|0.982|0.5851902749441651|2019-09-07|1|2019-09-07|1
606|2014-06-03|69.9|70.07|69.13|69.64|197280|USD|606|0.99|0.6152814346324087|2019-09-09|1|2019-09-09|1
607|2014-06-04|69.23|71.68|69.23|71.04|373357|USD|607|1.023|0.6470180735402021|2019-09-10|1|2019-09-10|1
608|2014-06-05|70.85|71.39|70.32|71.03|251981|USD|608|1.002|0.6312872889735858|2019-09-12|1|2019-09-12|1
609|2014-06-06|71.0|71.26|70.04|70.85|548551|USD|609|1.0|0.6348453939611846|2019-09-18|2|2019-09-18|2
610|2014-06-09|71.02|71.99|70.88|71.42|296659|USD|610|1.009|0.6499859564739948|2019-09-20|1|2019-09-20|1
611|2014-06-10|71.65|72.49|71.65|72.39|690939|USD|611|1.009|0.6565299968911447|2019-09-26|2|2019-09-26|2
612|2014-06-11|72.33|72.85|71.9|72.53|950286|USD|612|1.008|0.6264790870651594|2019-09-30|1|2019-09-30|1
613|2014-06-12|72.89|76.18|72.58|75.84|2048482|USD|613|1.04|0.6313903591006339|2019-10-09|1|2019-10-09|1
614|2014-06-13|75.77|75.99|74.19|75.42|1878562|USD|614|0.985|0.5997864468912909|2019-10-11|2|2019-10-11|2
615|2014-06-16|74.67|75.42|73.67|75.12|388610|USD|615|1.007|0.6331269785748953|2019-10-15|1|2019-10-15|1
616|2014-06-17|75.21|77.16|75.18|75.7|638486|USD|616|1.004|0.6139668838252685|2019-10-21|1|2019-10-21|1
617|2014-06-18|75.49|76.5|75.07|76.28|467636|USD|617|1.009|0.6064409723149783|2019-10-23|1|2019-10-23|1
618|2014-06-19|76.14|77.06|75.5|77.03|270799|USD|618|1.015|0.590788475976921|2019-10-24|1|2019-10-24|1
619|2014-06-20|77.3|77.3|76.28|77.19|460827|USD|619|0.999|0.5645787744478813|2019-10-25|1|2019-10-25|1
620|2014-06-23|77.19|77.19|76.0|76.71|324729|USD|620|0.988|0.571547628044199|2019-10-31|1|2019-10-31|1
621|2014-06-24|76.3|78.17|76.1|77.62|464056|USD|621|1.008|0.5684420724766241|2019-11-07|1|2019-11-07|1
622|2014-06-25|76.88|77.6|76.6|77.09|507431|USD|622|1.005|0.5633602622084912|2019-11-09|1|2019-11-09|1
623|2014-06-26|77.25|78.73|77.03|78.29|445456|USD|623|1.008|0.5674751157268071|2019-11-13|2|2019-11-13|2
624|2014-06-27|77.88|78.75|76.97|77.69|303237|USD|624|0.998|0.565823091149402|2019-11-14|1|2019-11-14|1
625|2014-06-30|77.7|78.68|77.41|78.36|353256|USD|625|1.01|0.5553810752930177|2019-11-20|3|2019-11-20|3
626|2014-07-01|78.5|79.1|78.4|78.9|214728|USD|626|1.006|0.556959370681222|2019-11-21|2|2019-11-21|2
627|2014-07-02|79.0|79.67|78.3|78.8|374026|USD|627|1.005|0.5654647047826626|2019-11-22|2|2019-11-22|2
628|2014-07-03|79.43|79.7|78.3|79.38|121219|USD|628|1.003|0.5654647047826626|2019-11-25|1|2019-11-25|1
629|2014-07-07|79.69|79.69|77.32|77.94|185495|USD|629|0.972|0.5824491468522738|2019-11-27|1|2019-11-27|1
630|2014-07-08|77.42|77.86|73.59|75.74|467198|USD|630|0.973|0.6210494264744076|2019-12-01|1|2019-12-01|1
631|2014-07-09|75.33|76.39|74.89|76.05|310274|USD|631|0.992|0.6545586700807723|2019-12-02|1|2019-12-02|1
632|2014-07-10|74.71|76.5|74.02|76.12|259378|USD|632|1.019|0.6614654004116914|2019-12-03|2|2019-12-03|2
633|2014-07-11|76.15|77.27|75.52|76.35|283507|USD|633|1.014|0.6443179156485093|2019-12-05|1|2019-12-05|1
634|2014-07-14|77.21|79.0|77.13|78.0|330283|USD|634|1.011|0.6332328712400408|2019-12-06|1|2019-12-06|1
635|2014-07-15|78.03|78.6|76.79|78.41|268159|USD|635|1.012|0.6374571547043572|2019-12-11|1|2019-12-11|1
636|2014-07-16|79.0|82.19|78.83|81.68|882680|USD|636|1.033|0.6258076148014958|2019-12-16|1|2019-12-16|1
637|2014-07-17|81.59|82.37|80.57|80.75|646059|USD|637|1.001|0.59346754122434|2019-12-18|1|2019-12-18|1
638|2014-07-18|81.68|82.67|80.99|81.99|341790|USD|638|1.006|0.5869036500264503|2019-12-19|1|2019-12-19|1
639|2014-07-21|82.19|83.5|81.8|82.94|380129|USD|639|1.02|0.5709080078725354|2019-12-21|1|2019-12-21|1
640|2014-07-22|83.85|85.19|83.43|84.91|489539|USD|640|1.019|0.5605144179749233|2019-12-22|1|2019-12-22|1
641|2014-07-23|85.46|85.46|83.19|84.12|305490|USD|641|0.98|0.546337618739028|2019-12-26|1|2019-12-26|1
642|2014-07-24|83.76|85.0|82.42|84.63|258773|USD|642|1.015|0.5829900241815898|2020-01-02|3|2020-01-02|3
643|2014-07-25|85.0|85.42|83.45|83.63|373967|USD|643|0.992|0.5640240305504661|2020-01-07|1|2020-01-07|1
644|2014-07-28|84.29|86.47|82.95|85.89|724258|USD|644|1.022|0.5614383098694037|2020-01-10|1|2020-01-10|1
645|2014-07-29|86.11|86.75|84.81|85.02|546188|USD|645|0.988|0.5248105597884903|2020-01-14|1|2020-01-14|1
646|2014-07-30|85.05|86.43|84.07|85.79|322112|USD|646|0.996|0.5348703514503164|2020-01-21|1|2020-01-21|1
647|2014-07-31|84.7|85.57|83.34|84.04|368725|USD|647|0.992|0.556427245954495|2020-01-22|1|2020-01-22|1
648|2014-08-01|84.0|84.0|80.77|82.21|396082|USD|648|0.986|0.5665226498713702|2020-01-23|1|2020-01-23|1
649|2014-08-04|82.81|83.62|81.86|83.41|401587|USD|649|1.007|0.5449393676990529|2020-01-24|1|2020-01-24|1
650|2014-08-05|83.43|83.88|82.44|82.75|282403|USD|650|0.985|0.5671632356506839|2020-01-29|2|2020-01-29|2
651|2014-08-06|82.16|82.82|81.5|82.58|325472|USD|651|1.002|0.5819865819153923|2020-01-30|1|2020-01-30|1
652|2014-08-07|82.35|83.96|81.84|82.95|329142|USD|652|1.01|0.587745896956193|2020-01-31|1|2020-01-31|1
653|2014-08-08|83.16|83.91|82.08|82.9|387053|USD|653|1.006|0.5636775074585985|2020-02-09|1|2020-02-09|1
654|2014-08-11|83.63|84.06|82.95|83.48|296037|USD|654|0.987|0.5396890242131887|2020-02-10|2|2020-02-10|2
655|2014-08-12|82.57|83.81|81.61|82.65|429603|USD|655|1.012|0.5660464956012737|2020-02-11|1|2020-02-11|1
656|2014-08-13|83.6|85.0|82.4|84.06|639643|USD|656|1.017|0.5529250311958336|2020-02-16|1|2020-02-16|1
657|2014-08-14|85.0|85.87|81.68|85.41|694609|USD|657|1.005|0.5093880935500199|2020-02-26|2|2020-02-26|2
658|2014-08-15|85.4|87.42|85.01|86.96|560711|USD|658|1.027|0.4981264000430294|2020-02-27|1|2020-02-27|1
659|2014-08-18|87.67|89.67|87.19|89.1|625905|USD|659|1.011|0.480169984317079|2020-03-02|1|2020-03-02|1
660|2014-08-19|88.62|89.55|88.05|88.58|316097|USD|660|1.0|0.4760373334191941|2020-03-03|1|2020-03-03|1
661|2014-08-20|88.58|89.35|88.05|88.1|190461|USD|661|0.998|0.4447381343089607|2020-03-05|1|2020-03-05|1
662|2014-08-21|88.4|89.24|87.82|88.2|300027|USD|662|0.998|0.45111932358687995|2020-03-06|1|2020-03-06|1
663|2014-08-22|88.2|88.83|87.25|87.73|149150|USD|663|1.001|0.4621241370650565|2020-03-10|1|2020-03-10|1
664|2014-08-25|88.31|89.64|88.04|89.54|369741|USD|664|1.017|0.4568758611771306|2020-03-11|1|2020-03-11|1
665|2014-08-26|89.79|91.06|89.1|90.12|456469|USD|665|0.999|0.4451374675565679|2020-03-16|1|2020-03-16|1
666|2014-08-27|89.66|90.77|88.65|89.54|395619|USD|666|0.992|0.4593311257956321|2020-03-19|1|2020-03-19|1
667|2014-08-28|88.93|89.89|87.79|88.29|229699|USD|667|0.995|0.46807454969618106|2020-03-24|1|2020-03-24|1
668|2014-08-29|88.49|88.97|87.86|88.04|247473|USD|668|0.991|0.4515700149318032|2020-03-25|1|2020-03-25|1
669|2014-09-02|87.72|88.58|87.51|87.9|312643|USD|669|1.008|0.4660589846133858|2020-04-03|1|2020-04-03|1
670|2014-09-03|88.45|88.91|87.73|88.26|461761|USD|670|1.004|0.4723184512186861|2020-04-07|1|2020-04-07|1
671|2014-09-04|88.79|90.7|88.79|89.78|303147|USD|671|1.011|0.4861031250488975|2020-04-17|1|2020-04-17|1
672|2014-09-05|89.79|89.91|89.24|89.67|318294|USD|672|0.997|0.4984197078691482|2020-04-20|1|2020-04-20|1
673|2014-09-08|89.51|90.33|88.66|88.93|290767|USD|673|0.99|0.4937048298932997|2020-04-27|1|2020-04-27|1
674|2014-09-09|88.61|89.8|87.88|88.16|316347|USD|674|0.989|0.5286956238998348|2020-05-04|1|2020-05-04|1
675|2014-09-10|87.67|88.6|87.13|87.91|236442|USD|675|0.996|0.5407370885097615|2020-05-05|3|2020-05-05|3
676|2014-09-11|87.31|88.74|87.19|88.63|139149|USD|676|1.015|0.5509872143444426|2020-05-13|2|2020-05-13|2
677|2014-09-12|88.6|88.72|88.09|88.32|183737|USD|677|1.0|0.5271477185119671|2020-05-15|1|2020-05-15|1
678|2014-09-15|88.62|88.62|85.93|86.62|239480|USD|678|0.971|0.5300688195418084|2020-05-18|1|2020-05-18|1
679|2014-09-16|86.01|88.52|85.56|88.14|256914|USD|679|1.034|0.5554261385855942|2020-05-19|1|2020-05-19|1
680|2014-09-17|88.92|88.92|87.6|88.17|260854|USD|680|0.998|0.5458371449272295|2020-05-20|3|2020-05-20|3
681|2014-09-18|88.72|89.55|88.29|89.45|209256|USD|681|1.008|0.5348582341699645|2020-05-22|5|2020-05-22|5
682|2014-09-19|89.4|90.08|87.55|88.84|406064|USD|682|0.987|0.5500330394313946|2020-05-26|2|2020-05-26|2
683|2014-09-22|88.24|88.98|86.44|87.01|301462|USD|683|0.983|0.5643904732470921|2020-05-27|2|2020-05-27|2
684|2014-09-23|86.7|88.48|86.51|87.31|174100|USD|684|1.014|0.5571212971922396|2020-05-28|1|2020-05-28|1
685|2014-09-24|87.92|88.77|87.31|88.32|265745|USD|685|0.998|0.5616659864341802|2020-05-29|1|2020-05-29|1
686|2014-09-25|87.74|87.98|84.6|84.97|334185|USD|686|0.973|0.551307090944049|2020-05-31|1|2020-05-31|1
687|2014-09-26|85.36|86.83|85.1|85.7|286387|USD|687|0.993|0.5644039164852904|2020-06-01|2|2020-06-01|2
688|2014-09-29|84.75|86.73|83.87|84.99|364247|USD|688|1.009|0.5707695128780068|2020-06-02|2|2020-06-02|2
689|2014-09-30|85.5|85.79|84.32|85.66|362319|USD|689|1.007|0.5741967910363603|2020-06-04|3|2020-06-04|3
690|2014-10-01|86.06|86.09|81.78|82.95|358998|USD|690|0.962|0.5727429032053108|2020-06-08|2|2020-06-08|2
691|2014-10-02|82.82|83.95|81.42|82.41|286445|USD|691|1.005|0.614447404588003|2020-06-09|2|2020-06-09|2
692|2014-10-03|83.2|84.33|83.0|83.37|260114|USD|692|1.01|0.6342478946194305|2020-06-10|3|2020-06-10|3
