Date|OPEN|HIGH|LOW|CLOSE|VOLUME|CURRENCY|INDEX
2012-01-03|58.8|60.6|57.0|60.0|9680|USD|0
2012-01-04|59.6|66.2|57.6|65.6|10615|USD|1
2012-01-05|64.4|68.8|62.0|67.8|16682|USD|2
2012-01-06|67.8|68.2|65.4|67.4|9934|USD|3
2012-01-09|67.4|76.8|66.8|74.8|18127|USD|4
2012-01-10|76.4|76.4|69.0|72.2|11182|USD|5
2012-01-11|71.6|73.2|71.0|72.8|3817|USD|6
2012-01-12|72.8|73.8|70.0|71.0|7296|USD|7
2012-01-13|69.8|69.984|64.4|65.0|7619|USD|8
2012-01-17|66.0|67.8|63.0|63.8|8588|USD|9
2012-01-18|63.8|64.42|62.0|64.2|8891|USD|10
2012-01-19|64.6|64.6|62.4|63.2|2528|USD|11
2012-01-20|63.0|66.2|60.0|66.0|4608|USD|12
2012-01-23|65.6|67.4|64.6|67.0|3394|USD|13
2012-01-24|66.4|67.6|64.6|65.8|11752|USD|14
2012-01-25|65.8|65.8|62.2|63.4|6398|USD|15
2012-01-26|64.2|64.8|60.0|62.4|12337|USD|16
2012-01-27|62.0|64.4|61.798|64.2|5632|USD|17
2012-01-30|63.6|64.798|62.0|62.4|2465|USD|18
2012-01-31|63.0|63.8|62.4|62.8|2807|USD|19
2012-02-01|63.2|67.6|62.6|66.6|6114|USD|20
2012-02-02|67.0|67.0|64.6|65.2|5964|USD|21
2012-02-03|66.0|66.6|64.4|66.4|5362|USD|22
2012-02-06|66.2|66.3|63.4|65.0|4763|USD|23
2012-02-07|65.0|66.2|64.0|65.0|1741|USD|24
2012-02-08|65.0|66.4|61.8|65.6|6587|USD|25
2012-02-09|65.8|66.38|62.0|62.8|3792|USD|26
2012-02-10|62.0|63.0|61.0|61.8|4715|USD|27
2012-02-13|62.6|63.388|61.8|62.8|3711|USD|28
2012-02-14|62.4|63.162|60.0|61.4|3901|USD|29
2012-02-15|61.4|62.6|60.202|62.2|5954|USD|30
2012-02-16|62.0|64.0|62.0|63.8|3995|USD|31
2012-02-17|64.0|64.0|62.4|63.0|2622|USD|32
2012-02-21|62.6|64.0|62.0|63.2|3791|USD|33
2012-02-22|63.48|64.4|62.8|63.8|3003|USD|34
2012-02-23|64.2|64.2|62.8|64.2|2396|USD|35
2012-02-24|65.2|68.4|63.8|68.0|11619|USD|36
2012-02-27|67.6|81.2|66.6|78.0|28250|USD|37
2012-02-28|77.8|79.8|72.8|73.6|9058|USD|38
2012-02-29|74.2|75.6|71.8|73.4|5238|USD|39
2012-03-01|74.2|76.38|69.6|70.4|6354|USD|40
2012-03-02|70.2|70.2|66.4|67.8|5648|USD|41
2012-03-05|67.6|68.6|65.8|68.0|3145|USD|42
2012-03-06|67.0|67.0|64.8|65.4|5213|USD|43
2012-03-07|65.4|67.2|65.4|65.6|4093|USD|44
2012-03-08|66.6|66.8|65.4|66.2|2422|USD|45
2012-03-09|66.0|70.0|65.6|69.4|4985|USD|46
2012-03-12|69.6|70.598|67.0|67.4|3118|USD|47
2012-03-13|67.8|69.1|65.6|68.0|5026|USD|48
2012-03-14|68.97|68.97|62.0|62.4|23999|USD|49
2012-03-15|62.4|62.8|60.6|62.2|7102|USD|50
2012-03-16|62.6|63.2|61.0|61.2|10379|USD|51
2012-03-19|61.0|61.82|60.2|60.8|7805|USD|52
2012-03-20|60.0|60.4|57.0|58.4|14858|USD|53
2012-03-21|58.6|58.9|56.8|57.4|8515|USD|54
2012-03-22|57.4|58.0|56.2|57.0|6213|USD|55
2012-03-23|57.4|59.6|57.0|59.0|4502|USD|56
2012-03-26|59.6|59.6|57.402|58.8|5342|USD|57
2012-03-27|59.2|59.4|57.6|58.4|3641|USD|58
2012-03-28|58.4|59.0|54.0|55.6|8588|USD|59
2012-03-29|55.0|56.0|53.2|53.8|5454|USD|60
2012-03-30|54.4|54.4|49.0|49.2|15342|USD|61
2012-04-02|49.4|51.4|48.8|50.0|8943|USD|62
2012-04-03|49.8|50.58|47.2|47.8|6573|USD|63
2012-04-04|34.2|36.6|29.6|36.4|67185|USD|64
2012-04-05|38.4|38.4|30.0|31.2|24567|USD|65
2012-04-09|30.0|31.2|30.0|31.0|22118|USD|66
2012-04-10|31.2|32.2|30.0|30.0|15189|USD|67
2012-04-11|31.2|33.0|30.4|32.4|15086|USD|68
2012-04-12|33.6|33.802|32.0|32.4|10337|USD|69
2012-04-13|32.4|32.4|31.2|31.6|3845|USD|70
2012-04-16|32.8|33.8|30.8|31.0|9453|USD|71
2012-04-17|32.0|32.8|30.2|30.4|9135|USD|72
2012-04-18|30.4|31.4|29.4|29.4|9463|USD|73
2012-04-19|29.6|30.4|28.0|28.0|8593|USD|74
2012-04-20|28.0|28.8|23.0|27.0|29148|USD|75
2012-04-23|26.2|30.8|24.5|30.0|10012|USD|76
2012-04-24|30.2|31.8|29.604|31.4|13115|USD|77
2012-04-25|31.8|33.8|31.6|32.2|7518|USD|78
2012-04-26|32.0|33.4|31.8|32.2|3807|USD|79
2012-04-27|33.0|35.4|33.0|35.0|6906|USD|80
2012-04-30|35.4|41.8|35.02|38.8|19748|USD|81
2012-05-01|39.4|40.0|35.0|35.2|14538|USD|82
2012-05-02|34.8|35.0|31.4|32.6|9081|USD|83
2012-05-03|34.0|34.202|29.3|30.2|6560|USD|84
2012-05-04|30.4|31.2|29.2|31.0|4785|USD|85
2012-05-07|30.8|31.6|30.4|31.2|5925|USD|86
2012-05-08|31.0|31.4|30.2|31.0|4680|USD|87
2012-05-09|30.6|30.8|30.0|30.6|3503|USD|88
2012-05-10|31.2|32.6|31.0|32.4|2454|USD|89
2012-05-11|32.0|32.8|30.8|32.2|3610|USD|90
2012-05-14|30.8|32.2|30.6|30.8|2734|USD|91
2012-05-15|30.6|31.2|30.218|30.6|3930|USD|92
2012-05-16|31.8|31.8|30.6|30.6|3695|USD|93
2012-05-17|30.6|30.6|28.0|28.0|6780|USD|94
2012-05-18|27.6|28.2|26.4|26.4|7228|USD|95
2012-05-21|27.0|27.542|24.0|25.6|11796|USD|96
2012-05-22|25.6|26.0|25.2|25.4|5224|USD|97
2012-05-23|24.8|25.4|24.4|24.6|5681|USD|98
2012-05-24|24.6|24.8|24.2|24.2|3271|USD|99
2012-05-25|24.0|26.4|24.0|26.0|7361|USD|100
2012-05-29|26.0|27.1|26.0|26.8|2783|USD|101
2012-05-30|26.2|27.0|26.0|26.0|2470|USD|102
2012-05-31|26.0|26.2|25.4|26.0|7733|USD|103
2012-06-01|25.4|26.4|25.2|25.4|4454|USD|104
2012-06-04|26.0|48.0|26.0|41.4|212750|USD|105
2012-06-05|41.4|43.4|32.8|36.0|64770|USD|106
2012-06-06|36.6|37.2|32.8|36.8|21707|USD|107
2012-06-07|37.2|40.0|34.0|35.2|16292|USD|108
2012-06-08|35.4|36.6|34.0|36.4|7165|USD|109
2012-06-11|37.4|41.4|36.8|38.8|29128|USD|110
2012-06-12|39.0|40.19|34.2|37.6|13570|USD|111
2012-06-13|37.6|37.6|35.0|35.8|12979|USD|112
2012-06-14|36.0|36.0|34.0|35.2|9122|USD|113
2012-06-15|35.2|37.6|34.2|37.6|14625|USD|114
2012-06-18|37.2|37.598|34.0|35.4|7462|USD|115
2012-06-19|36.0|37.0|34.4|34.6|8173|USD|116
2012-06-20|34.4|36.6|34.2|34.6|6816|USD|117
2012-06-21|35.4|40.0|32.8|33.2|41340|USD|118
2012-06-22|33.6|36.0|33.4|34.8|185689|USD|119
2012-06-25|34.4|36.6|33.0|33.0|13760|USD|120
2012-06-26|33.2|34.2|32.0|32.0|8424|USD|121
2012-06-27|32.2|34.64|32.0|32.8|3582|USD|122
2012-06-28|32.0|32.8|30.6|30.6|6992|USD|123
2012-06-29|31.6|34.0|30.0|31.4|15484|USD|124
2012-07-02|32.2|34.6|32.2|32.8|9010|USD|125
2012-07-03|33.2|35.4|32.8|32.8|6898|USD|126
2012-07-05|33.4|35.4|33.0|34.8|5418|USD|127
2012-07-06|34.6|34.8|33.2|34.8|6807|USD|128
2012-07-09|34.8|35.2|33.21|35.0|3264|USD|129
2012-07-10|35.0|35.0|34.0|34.2|3732|USD|130
2012-07-11|34.6|34.6|33.4|33.4|4726|USD|131
2012-07-12|33.4|34.0|32.2|33.2|3350|USD|132
2012-07-13|33.8|34.398|33.2|33.4|2374|USD|133
2012-07-16|33.0|34.398|33.0|33.4|1661|USD|134
2012-07-17|34.2|34.2|33.2|33.8|2397|USD|135
2012-07-18|33.0|33.6|32.6|33.0|1466|USD|136
2012-07-19|33.2|34.0|33.0|33.0|1966|USD|137
2012-07-20|32.6|33.2|32.6|32.8|1168|USD|138
2012-07-23|32.4|33.2|32.2|32.4|5639|USD|139
2012-07-24|32.4|32.8|30.2|30.4|3836|USD|140
2012-07-25|31.0|31.196|30.0|30.6|2199|USD|141
2012-07-26|31.2|33.8|31.0|31.0|2603|USD|142
2012-07-27|30.6|32.6|30.6|31.1|1292|USD|143
2012-07-30|32.4|33.0|31.6|31.6|1668|USD|144
2012-07-31|32.0|33.4|30.0|30.4|5802|USD|145
2012-08-01|31.4|32.6|30.2|30.2|2148|USD|146
2012-08-02|30.0|31.0|29.2|29.6|5349|USD|147
2012-08-03|29.4|32.4|29.39|29.8|2244|USD|148
2012-08-06|30.0|31.6|28.2|29.2|2869|USD|149
2012-08-07|30.2|30.2|26.2|28.6|3335|USD|150
2012-08-08|29.0|30.4|28.0|30.0|3460|USD|151
2012-08-09|30.598|31.0|28.6|28.6|6434|USD|152
2012-08-10|28.6|29.798|27.8|27.8|1652|USD|153
2012-08-13|28.0|30.0|28.0|29.0|1721|USD|154
2012-08-14|29.4|29.7|27.0|27.2|2528|USD|155
2012-08-15|28.0|29.2|27.0|28.0|5689|USD|156
2012-08-16|28.4|28.4|27.4|27.8|2404|USD|157
2012-08-17|28.0|30.8|28.0|30.6|8130|USD|158
2012-08-20|30.6|30.6|29.02|29.8|2795|USD|159
2012-08-21|30.2|32.0|30.002|31.8|5334|USD|160
2012-08-22|32.0|35.0|31.6|34.4|6396|USD|161
2012-08-23|35.0|38.002|33.5|36.6|7412|USD|162
2012-08-24|37.0|37.2|35.0|35.02|3798|USD|163
2012-08-27|35.4|36.6|33.6|33.8|2482|USD|164
2012-08-28|33.6|35.4|33.4|33.4|1886|USD|165
2012-08-29|33.8|35.0|32.0|32.6|3014|USD|166
2012-08-30|32.002|33.6|32.002|32.6|1087|USD|167
2012-08-31|32.8|34.2|32.2|33.0|2052|USD|168
2012-09-04|33.0|37.2|33.0|36.0|3688|USD|169
2012-09-05|36.0|39.2|34.804|38.4|8806|USD|170
2012-09-06|38.6|38.6|36.2|37.6|3036|USD|171
2012-09-07|38.6|39.8|37.2|39.8|8545|USD|172
2012-09-10|43.0|43.0|40.4|41.4|11065|USD|173
2012-09-11|41.4|41.4|38.836|40.2|5120|USD|174
2012-09-12|41.0|41.2|38.6|40.4|3115|USD|175
2012-09-13|41.2|48.6|40.798|44.6|26911|USD|176
2012-09-14|44.8|45.202|40.6|42.4|14136|USD|177
2012-09-17|42.6|44.4|41.244|41.6|11879|USD|178
2012-09-18|41.6|41.966|40.6|41.6|1567|USD|179
2012-09-19|41.2|43.2|40.0|42.6|6845|USD|180
2012-09-20|42.8|50.8|42.8|50.2|13397|USD|181
2012-09-21|51.8|59.0|51.2|58.2|30504|USD|182
2012-09-24|58.0|58.4|56.0|57.4|6600|USD|183
2012-09-25|57.8|58.4|56.0|57.4|5504|USD|184
2012-09-26|57.6|59.0|54.4|57.6|7311|USD|185
2012-09-27|57.8|58.0|54.2|54.6|4992|USD|186
2012-09-28|55.0|57.0|51.0|53.6|8227|USD|187
2012-10-01|54.6|55.2|51.0|52.4|9479|USD|188
2012-10-02|53.4|54.4|50.0|50.8|4879|USD|189
2012-10-03|51.8|51.8|47.4|50.2|9425|USD|190
2012-10-04|50.2|50.8|47.6|48.8|4136|USD|191
2012-10-05|48.2|48.598|46.8|47.0|7361|USD|192
2012-10-08|47.2|54.6|46.8|52.8|17459|USD|193
2012-10-09|52.0|53.8|49.4|53.8|8259|USD|194
2012-10-10|54.2|54.6|47.0|51.2|9809|USD|195
2012-10-11|51.6|52.4|50.2|51.2|4010|USD|196
2012-10-12|51.0|53.6|50.0|51.0|5591|USD|197
2012-10-15|52.0|53.0|51.036|53.0|2104|USD|198
2012-10-16|52.8|52.8|49.2|50.2|6566|USD|199
2012-10-17|50.4|52.598|48.0|48.4|6858|USD|200
2012-10-18|50.6|52.8|47.8|49.6|7712|USD|201
2012-10-19|39.6|39.6|36.4|36.6|135998|USD|202
2012-10-22|36.6|37.2|35.6|36.0|22169|USD|203
2012-10-23|35.4|35.6|33.6|33.6|32629|USD|204
2012-10-24|34.0|35.0|33.2|33.8|18136|USD|205
2012-10-25|35.0|36.0|34.4|35.2|18131|USD|206
2012-10-26|35.8|35.8|34.0|34.6|7010|USD|207
2012-10-31|35.4|35.4|30.2|32.0|14387|USD|208
2012-11-01|32.6|33.6|31.4|32.6|24436|USD|209
2012-11-02|33.0|33.202|31.8|32.0|5829|USD|210
2012-11-05|31.6|32.182|30.8|30.8|14102|USD|211
2012-11-06|31.4|32.2|31.2|31.2|6397|USD|212
2012-11-07|30.8|31.6|30.5|31.2|5109|USD|213
2012-11-08|30.8|31.998|30.0|30.0|13357|USD|214
2012-11-09|30.2|30.2|28.8|28.8|12584|USD|215
2012-11-12|29.4|29.4|25.2|25.8|33495|USD|216
2012-11-13|26.2|27.6|25.0|25.6|18110|USD|217
2012-11-14|25.4|25.8|24.8|25.2|22378|USD|218
2012-11-15|25.2|26.6|24.6|25.6|5737|USD|219
2012-11-16|25.6|27.0|25.2|26.8|10168|USD|220
2012-11-19|28.0|29.4|28.0|28.0|5611|USD|221
2012-11-20|28.0|28.8|27.4|27.8|5068|USD|222
2012-11-21|27.4|28.8|27.0|28.4|4590|USD|223
2012-11-23|28.002|29.0|28.0|28.8|785|USD|224
2012-11-26|28.6|28.6|27.65|28.0|2504|USD|225
2012-11-27|28.6|29.6|28.6|29.2|8577|USD|226
2012-11-28|29.2|29.2|28.2|28.2|1693|USD|227
2012-11-29|29.0|29.598|28.0|29.0|5278|USD|228
2012-11-30|28.2|29.0|26.4|27.2|8710|USD|229
2012-12-03|27.2|27.2|25.6|26.2|7326|USD|230
2012-12-04|27.2|28.0|27.0|27.2|7004|USD|231
2012-12-05|27.6|29.0|26.8|28.0|9085|USD|232
2012-12-06|31.0|31.598|29.4|29.8|18224|USD|233
2012-12-07|30.2|30.4|28.4|28.6|9181|USD|234
2012-12-10|29.0|29.4|28.2|28.4|5345|USD|235
2012-12-11|28.4|29.6|28.2|28.8|9186|USD|236
2012-12-12|29.0|31.0|29.0|29.2|7826|USD|237
2012-12-13|29.2|29.8|28.2|28.6|4744|USD|238
2012-12-14|28.6|29.0|28.2|28.202|3429|USD|239
2012-12-17|24.6|27.0|24.6|26.8|35721|USD|240
2012-12-18|26.0|27.0|25.4|26.2|20034|USD|241
2012-12-19|26.0|26.4|25.6|26.2|5458|USD|242
2012-12-20|25.2|27.8|25.2|26.8|19457|USD|243
2012-12-21|27.0|27.6|26.6|27.0|8132|USD|244
2012-12-24|26.6|26.8|26.0|26.4|10212|USD|245
2012-12-26|26.0|26.8|25.6|26.0|16835|USD|246
2012-12-27|25.6|26.2|25.0|26.2|18667|USD|247
2012-12-28|26.0|29.0|26.0|26.6|30782|USD|248
2012-12-31|27.0|27.6|26.0|26.6|22523|USD|249
2013-01-02|27.2|27.522|26.6|27.0|36649|USD|250
2013-01-03|26.4|28.6|26.0|28.6|15803|USD|251
2013-01-04|29.0|31.2|29.0|30.8|21862|USD|252
2013-01-07|31.2|33.8|30.8|32.8|34753|USD|253
2013-01-08|32.8|33.0|30.0|31.0|22838|USD|254
2013-01-09|31.6|31.6|30.4|30.6|4603|USD|255
2013-01-10|30.798|31.2|30.6|30.8|5152|USD|256
2013-01-11|32.2|32.2|30.4|31.0|12066|USD|257
2013-01-14|30.6|31.4|30.0|31.2|5782|USD|258
2013-01-15|31.8|32.0|30.402|31.6|7142|USD|259
2013-01-16|31.6|31.8|30.8|30.8|1783|USD|260
2013-01-17|30.8|30.802|29.2|29.4|6126|USD|261
2013-01-18|29.4|30.8|29.4|29.7|6138|USD|262
2013-01-22|29.8|30.6|29.4|30.2|6031|USD|263
2013-01-23|29.624|31.2|29.4|29.8|2718|USD|264
2013-01-24|30.2|30.2|29.4|30.0|3970|USD|265
2013-01-25|29.6|30.0|29.2|29.8|6364|USD|266
2013-01-28|30.0|30.2|29.4|29.8|2857|USD|267
2013-01-29|30.002|31.2|30.0|30.5|10708|USD|268
2013-01-30|31.0|32.8|30.8|31.4|19585|USD|269
2013-01-31|31.2|31.6|30.2|31.0|10719|USD|270
2013-02-01|31.8|32.0|30.6|31.8|9567|USD|271
2013-02-04|32.2|36.8|31.998|35.8|49609|USD|272
2013-02-05|36.0|36.8|34.4|35.8|23462|USD|273
2013-02-06|35.0|38.8|35.0|37.2|21270|USD|274
2013-02-07|37.0|38.38|35.2|35.6|19688|USD|275
2013-02-08|35.8|36.6|35.4|36.2|9749|USD|276
2013-02-11|36.2|36.4|35.4|35.8|9335|USD|277
2013-02-12|35.4|35.6|33.8|34.2|11663|USD|278
2013-02-13|34.2|36.2|34.2|35.6|18058|USD|279
2013-02-14|35.2|35.6|34.4|35.6|3648|USD|280
2013-02-15|35.2|35.916|33.8|34.2|6007|USD|281
2013-02-19|34.0|36.0|34.0|34.6|6712|USD|282
2013-02-20|34.4|34.8|33.6|33.6|5731|USD|283
2013-02-21|34.2|34.398|31.6|33.0|7444|USD|284
2013-02-22|33.0|33.0|31.4|31.8|9439|USD|285
2013-02-25|31.4|33.0|31.4|32.4|4392|USD|286
2013-02-26|33.0|33.0|31.8|32.2|5539|USD|287
2013-02-27|31.8|32.0|31.4|31.6|4000|USD|288
2013-02-28|32.0|32.0|31.0|31.0|5363|USD|289
2013-03-01|31.0|31.4|30.2|30.2|6964|USD|290
2013-03-04|30.6|31.202|30.4|30.6|4222|USD|291
2013-03-05|30.6|32.2|30.6|31.4|4277|USD|292
2013-03-06|31.8|32.2|31.6|31.6|5888|USD|293
2013-03-07|32.0|32.0|31.0|31.2|1205|USD|294
2013-03-08|31.6|32.0|30.4|30.8|5796|USD|295
2013-03-11|31.2|31.2|30.8|31.1|1619|USD|296
2013-03-12|31.6|33.0|31.0|32.6|6115|USD|297
2013-03-13|33.0|33.8|30.4|31.938|7700|USD|298
2013-03-14|31.6|31.798|29.8|30.2|4849|USD|299
2013-03-15|31.2|33.2|30.0|32.8|7230|USD|300
2013-03-18|33.4|34.2|31.826|33.8|7542|USD|301
2013-03-19|33.8|35.2|33.0|35.2|11426|USD|302
2013-03-20|35.8|39.398|35.4|35.8|25393|USD|303
2013-03-21|39.4|39.4|37.2|39.0|46882|USD|304
2013-03-22|39.6|45.6|39.6|42.8|83583|USD|305
2013-03-25|44.8|45.6|38.8|40.0|38611|USD|306
2013-03-26|40.2|40.2|37.0|40.0|39667|USD|307
2013-03-27|40.0|41.392|37.4|38.0|14513|USD|308
2013-03-28|38.2|41.0|38.0|39.2|16803|USD|309
2013-04-01|40.0|40.2|37.8|38.6|7701|USD|310
2013-04-02|39.398|40.0|38.8|39.8|5445|USD|311
2013-04-03|39.8|41.8|39.0|40.8|15055|USD|312
2013-04-04|42.2|45.0|39.4|40.0|37091|USD|313
2013-04-05|39.0|41.8|39.0|39.4|12555|USD|314
2013-04-08|39.8|42.2|39.6|40.8|8499|USD|315
2013-04-09|41.6|43.8|40.6|43.2|13264|USD|316
2013-04-10|43.8|45.2|41.8|42.6|27584|USD|317
2013-04-11|42.8|43.8|40.8|41.0|22231|USD|318
2013-04-12|41.2|41.6|39.4|40.2|19496|USD|319
2013-04-15|39.6|39.998|37.0|37.8|18542|USD|320
2013-04-16|38.4|39.8|38.2|38.8|6469|USD|321
2013-04-17|39.0|39.242|37.4|37.8|9400|USD|322
2013-04-18|38.6|38.8|37.4|37.8|5825|USD|323
2013-04-19|37.8|39.0|37.2|37.2|8001|USD|324
2013-04-22|37.8|39.4|37.4|39.2|14308|USD|325
2013-04-23|39.0|41.2|38.31|38.6|31158|USD|326
2013-04-24|39.0|39.4|37.204|37.6|13043|USD|327
2013-04-25|38.2|38.2|36.6|36.8|13890|USD|328
2013-04-26|37.2|38.0|34.82|36.0|17700|USD|329
2013-04-29|35.8|36.8|35.0|36.8|12565|USD|330
2013-04-30|36.8|36.8|35.0|35.6|7398|USD|331
2013-05-01|35.6|36.198|33.4|33.4|15320|USD|332
2013-05-02|34.31|35.2|33.6|34.2|3580|USD|333
2013-05-03|34.2|35.8|34.07|35.4|5185|USD|334
2013-05-06|36.0|37.4|35.984|36.6|12454|USD|335
2013-05-07|36.4|37.0|36.0|36.4|4437|USD|336
2013-05-08|36.4|36.8|36.0|36.4|5185|USD|337
2013-05-09|36.0|36.4|33.4|34.2|16633|USD|338
2013-05-10|34.4|34.4|32.2|32.4|13099|USD|339
2013-05-13|32.0|32.0|30.4|30.8|14421|USD|340
2013-05-14|32.6|34.2|31.6|31.6|6431|USD|341
2013-05-15|31.2|33.0|31.0|32.2|4588|USD|342
2013-05-16|32.2|32.2|31.2|31.2|4857|USD|343
2013-05-17|31.0|33.4|31.0|32.6|5469|USD|344
2013-05-20|33.2|33.4|31.8|32.2|4417|USD|345
2013-05-21|31.6|32.4|31.6|31.8|5440|USD|346
2013-05-22|32.2|33.4|31.8|32.0|5512|USD|347
2013-05-23|32.4|33.0|31.2|32.8|5464|USD|348
2013-05-24|32.8|33.2|32.0|33.2|3681|USD|349
2013-05-28|33.0|33.4|32.0|32.4|5454|USD|350
2013-05-29|32.4|32.928|32.0|32.2|4219|USD|351
2013-05-30|31.8|32.2|31.4|31.4|5786|USD|352
2013-05-31|31.6|31.6|30.602|31.4|4740|USD|353
2013-06-03|31.8|32.0|30.6|30.8|10255|USD|354
2013-06-04|30.6|31.2|30.4|30.508|3074|USD|355
2013-06-05|30.6|31.0|29.6|30.0|15605|USD|356
2013-06-06|29.8|32.0|29.6|31.8|3766|USD|357
2013-06-07|31.8|32.2|31.0|32.0|2012|USD|358
2013-06-10|32.2|33.0|31.0|32.6|4904|USD|359
2013-06-11|31.8|32.6|31.2|31.4|4110|USD|360
2013-06-12|33.0|33.0|30.8|31.8|4461|USD|361
2013-06-13|32.8|32.8|31.4|32.2|3737|USD|362
2013-06-14|31.8|32.6|31.0|31.6|1638|USD|363
2013-06-17|31.6|32.0|30.6|31.6|6134|USD|364
2013-06-18|31.8|31.8|30.2|30.2|7555|USD|365
2013-06-19|30.8|32.2|29.8|29.8|14207|USD|366
2013-06-20|29.8|30.0|28.6|29.8|16400|USD|367
2013-06-21|29.8|31.4|29.6|29.6|3370|USD|368
2013-06-24|29.8|30.754|29.4|30.0|3688|USD|369
2013-06-25|31.4|32.6|30.2|31.2|2607|USD|370
2013-06-26|31.0|31.8|30.2|31.0|2425|USD|371
2013-06-27|32.0|32.6|30.0|30.6|2303|USD|372
2013-06-28|31.2|31.6|30.0|31.6|5311|USD|373
2013-07-01|31.6|31.6|29.6|30.2|5798|USD|374
2013-07-02|29.8|30.834|29.8|30.8|961|USD|375
2013-07-03|31.2|32.6|30.0|30.0|2095|USD|376
2013-07-05|30.2|30.8|29.2|30.2|3180|USD|377
2013-07-08|31.6|32.598|30.2|31.2|4789|USD|378
2013-07-09|32.2|32.2|30.4|31.6|2208|USD|379
2013-07-10|32.0|32.6|31.4|32.0|3295|USD|380
2013-07-11|32.0|32.2|31.4|31.6|1297|USD|381
2013-07-12|32.6|33.4|31.0|32.2|4597|USD|382
2013-07-15|32.6|33.2|32.2|33.0|3599|USD|383
2013-07-16|33.6|33.6|32.6|32.6|1937|USD|384
2013-07-17|32.4|32.8|32.202|32.6|1953|USD|385
2013-07-18|32.6|33.07|32.0|32.4|1636|USD|386
2013-07-19|32.4|33.0|31.2|32.0|4805|USD|387
2013-07-22|32.0|33.4|32.0|33.2|5138|USD|388
2013-07-23|32.0|33.0|31.8|32.0|4688|USD|389
2013-07-24|32.3|33.58|31.6|32.0|1754|USD|390
2013-07-25|31.6|34.2|31.6|33.4|7337|USD|391
2013-07-26|33.4|33.4|32.2|33.2|2690|USD|392
2013-07-29|32.6|33.4|32.4|33.0|2229|USD|393
2013-07-30|33.0|33.4|32.0|32.0|4812|USD|394
2013-07-31|32.6|34.2|32.2|33.4|12627|USD|395
2013-08-01|33.8|35.0|33.4|34.4|9806|USD|396
2013-08-02|34.0|34.48|33.0|33.2|5427|USD|397
2013-08-05|33.6|35.2|33.0|33.4|4765|USD|398
2013-08-06|33.8|34.0|33.0|33.8|1043|USD|399
2013-08-07|34.2|35.0|34.0|34.0|7578|USD|400
2013-08-08|34.6|35.6|34.0|34.6|6752|USD|401
2013-08-09|35.2|35.2|34.6|35.0|3252|USD|402
2013-08-12|35.2|35.2|34.0|34.0|7645|USD|403
2013-08-13|34.6|35.2|33.2|33.4|7401|USD|404
2013-08-14|33.57|34.4|32.0|32.8|5593|USD|405
2013-08-15|33.2|33.8|32.2|33.4|2757|USD|406
2013-08-16|32.8|33.74|32.402|33.6|1597|USD|407
2013-08-19|34.2|34.2|32.4|32.8|2245|USD|408
2013-08-20|32.6|33.6|32.2|32.6|1374|USD|409
2013-08-21|32.96|35.2|31.4|32.8|12402|USD|410
2013-08-22|32.8|33.4|32.0|33.2|1520|USD|411
2013-08-23|33.398|33.8|32.0|33.002|3543|USD|412
2013-08-26|33.6|35.18|33.2|34.9|9068|USD|413
2013-08-27|34.6|35.2|34.202|34.6|4161|USD|414
2013-08-28|34.6|35.6|34.0|35.4|2757|USD|415
2013-08-29|35.6|36.4|34.8|35.8|6030|USD|416
2013-08-30|36.0|36.8|34.4|34.4|3265|USD|417
2013-09-03|34.6|34.8|33.2|34.2|2280|USD|418
2013-09-04|33.8|34.4|33.0|33.0|1962|USD|419
2013-09-05|33.2|35.0|33.0|34.4|2700|USD|420
2013-09-06|34.8|36.0|34.0|34.0|3482|USD|421
2013-09-09|34.2|35.8|34.2|35.0|2919|USD|422
2013-09-10|35.2|35.2|34.0|34.6|3447|USD|423
2013-09-11|34.6|34.8|34.2|34.4|1512|USD|424
2013-09-12|34.2|34.596|33.4|33.4|3576|USD|425
2013-09-13|33.4|35.446|33.4|34.6|6922|USD|426
2013-09-16|35.0|35.6|33.4|33.4|3359|USD|427
2013-09-17|33.4|34.4|33.4|34.4|2195|USD|428
2013-09-18|33.8|33.802|33.0|33.0|4496|USD|429
2013-09-19|33.002|33.6|33.0|33.4|399|USD|430
2013-09-20|33.8|33.8|32.6|32.8|2774|USD|431
2013-09-23|32.8|33.8|32.0|33.0|3726|USD|432
2013-09-24|32.4|33.0|31.4|32.0|1870|USD|433
2013-09-25|32.308|32.4|32.0|32.2|1005|USD|434
2013-09-26|31.956|32.2|31.4|32.0|1615|USD|435
2013-09-27|32.4|32.8|31.418|32.0|2513|USD|436
2013-09-30|31.4|32.0|31.0|31.4|2883|USD|437
2013-10-01|31.6|32.294|30.8|31.2|9568|USD|438
2013-10-02|31.4|33.4|31.0|33.4|6943|USD|439
2013-10-03|33.6|33.6|32.2|32.4|1541|USD|440
2013-10-04|32.2|32.4|31.4|32.0|1102|USD|441
2013-10-07|31.4|32.78|31.4|32.2|2534|USD|442
2013-10-08|31.6|33.6|31.2|32.4|3856|USD|443
2013-10-09|32.0|32.38|30.6|31.2|13702|USD|444
2013-10-10|32.0|32.2|30.8|32.0|4572|USD|445
2013-10-11|32.4|32.6|31.402|32.0|791|USD|446
2013-10-14|31.8|31.8|31.0|31.0|2315|USD|447
2013-10-15|31.77|31.77|30.8|30.8|1801|USD|448
2013-10-16|30.8|32.6|30.4|32.6|5640|USD|449
2013-10-17|32.6|32.6|31.0|31.4|2485|USD|450
2013-10-18|31.0|31.6|30.8|31.0|2276|USD|451
2013-10-21|31.2|31.394|30.6|30.6|3505|USD|452
2013-10-22|30.0|30.72|28.2|29.2|9617|USD|453
2013-10-23|28.6|28.8|27.1|28.4|15094|USD|454
2013-10-24|28.6|28.6|27.2|27.8|8069|USD|455
2013-10-25|27.2|28.598|27.2|28.0|3862|USD|456
2013-10-28|28.2|29.0|28.2|28.6|1941|USD|457
2013-10-29|28.6|28.994|28.4|28.6|1825|USD|458
2013-10-30|28.4|28.78|27.4|27.4|1775|USD|459
2013-10-31|27.2|28.0|27.2|27.6|1852|USD|460
2013-11-01|29.0|29.0|27.2|28.0|2777|USD|461
2013-11-04|27.6|28.2|27.6|28.2|1496|USD|462
2013-11-05|27.4|28.0|27.4|27.4|1895|USD|463
2013-11-06|27.4|28.2|27.4|27.4|1780|USD|464
2013-11-07|27.4|27.6|25.8|26.6|11992|USD|465
2013-11-08|26.6|27.2|26.002|27.0|5507|USD|466
2013-11-11|26.0|29.4|25.6|29.2|6484|USD|467
2013-11-12|28.6|29.6|28.2|28.8|3337|USD|468
2013-11-13|29.2|29.8|28.564|29.2|3704|USD|469
2013-11-14|29.4|29.6|28.4|28.8|795|USD|470
2013-11-15|28.0|29.4|28.0|28.8|1772|USD|471
2013-11-18|29.0|29.0|28.2|28.4|2657|USD|472
2013-11-19|28.6|29.0|27.2|27.6|3371|USD|473
2013-11-20|27.2|29.0|27.2|28.6|3425|USD|474
2013-11-21|29.0|29.0|27.044|28.0|2834|USD|475
2013-11-22|27.4|28.202|27.2|27.6|1676|USD|476
2013-11-25|27.2|27.4|26.2|26.8|4260|USD|477
2013-11-26|27.8|28.0|26.6|26.8|2704|USD|478
2013-11-27|26.6|27.6|26.0|27.2|2844|USD|479
2013-11-29|26.2|27.2|26.2|26.6|534|USD|480
2013-12-02|26.4|27.0|25.8|25.8|6473|USD|481
2013-12-03|25.8|26.098|24.8|25.2|6224|USD|482
2013-12-04|25.8|26.0|24.4|24.8|7529|USD|483
2013-12-05|24.0|24.0|22.4|23.8|18438|USD|484
2013-12-06|24.0|24.602|23.2|24.6|14361|USD|485
2013-12-09|25.2|25.2|23.8|24.0|6000|USD|486
2013-12-10|24.4|24.4|23.4|23.8|4865|USD|487
2013-12-11|23.2|23.8|22.798|23.8|7264|USD|488
2013-12-12|23.6|23.608|22.6|22.6|9865|USD|489
2013-12-13|23.0|23.2|22.4|22.798|5006|USD|490
2013-12-16|22.4|22.8|21.6|22.2|15772|USD|491
2013-12-17|21.8|22.0|21.0|21.4|13719|USD|492
2013-12-18|21.0|21.812|19.402|19.8|49018|USD|493
2013-12-19|20.0|22.2|19.6|21.2|17170|USD|494
2013-12-20|21.2|21.4|20.8|21.0|6179|USD|495
2013-12-23|21.0|22.6|21.0|21.6|18781|USD|496
2013-12-24|21.6|22.2|21.6|22.0|7324|USD|497
2013-12-26|21.7|22.8|21.6|22.6|14106|USD|498
2013-12-27|22.6|24.4|22.6|22.6|20958|USD|499
2013-12-30|23.0|23.4|22.0|22.4|13266|USD|500
2013-12-31|22.0|23.784|22.0|23.4|11749|USD|501
2014-01-02|23.6|24.0|23.2|23.6|7612|USD|502
2014-01-03|24.0|24.4|23.6|24.0|6026|USD|503
2014-01-06|24.4|24.4|23.6|23.6|6537|USD|504
2014-01-07|24.4|24.998|23.6|24.8|11538|USD|505
2014-01-08|25.0|25.4|23.804|24.4|16468|USD|506
2014-01-09|24.6|25.4|24.0|24.6|14171|USD|507
2014-01-10|24.4|24.6|24.0|24.4|6753|USD|508
2014-01-13|24.6|25.0|24.0|24.6|9226|USD|509
2014-01-14|25.0|25.0|24.0|24.2|19013|USD|510
2014-01-15|24.0|24.4|24.0|24.2|9956|USD|511
2014-01-16|23.8|24.572|23.0|23.8|18312|USD|512
2014-01-17|22.8|23.4|22.23|23.0|10738|USD|513
2014-01-21|22.6|23.0|22.6|22.8|14253|USD|514
2014-01-22|23.2|23.2|22.0|22.6|25368|USD|515
2014-01-23|12.8|16.8|12.6|15.0|264107|USD|516
2014-01-24|15.0|15.0|13.594|13.798|118003|USD|517
2014-01-27|14.8|14.8|13.2|13.6|69466|USD|518
2014-01-28|13.2|13.6|13.0|13.4|39112|USD|519
2014-01-29|13.0|14.0|12.802|13.8|19303|USD|520
2014-01-30|13.4|14.2|13.4|13.6|22822|USD|521
2014-01-31|13.6|13.7|13.0|13.22|29335|USD|522
2014-02-03|13.6|13.6|12.84|13.202|26261|USD|523
2014-02-04|12.9|13.2|12.8|12.8|22161|USD|524
2014-02-05|12.8|13.198|12.722|13.192|13322|USD|525
2014-02-06|13.4|13.4|12.604|13.296|13494|USD|526
2014-02-07|13.2|13.8|12.8|13.62|13529|USD|527
2014-02-10|13.8|14.8|13.602|14.4|75882|USD|528
2014-02-11|15.0|15.0|14.206|14.9|55798|USD|529
2014-02-12|15.0|15.0|14.402|14.74|19256|USD|530
2014-02-13|15.0|15.0|13.802|14.3|42778|USD|531
2014-02-14|14.28|14.6|13.802|13.92|29283|USD|532
2014-02-18|13.8|14.5|13.8|14.5|24651|USD|533
2014-02-19|14.4|14.496|14.2|14.362|5011|USD|534
2014-02-20|14.2|14.2|13.61|13.796|15915|USD|535
2014-02-21|13.666|14.0|13.66|13.7|5122|USD|536
2014-02-24|13.798|14.0|13.41|13.598|19558|USD|537
2014-02-25|13.6|13.8|13.6|13.6|15075|USD|538
2014-02-26|13.62|14.0|13.212|13.878|18046|USD|539
2014-02-27|14.0|14.8|14.0|14.6|33694|USD|540
2014-02-28|14.6|15.2|14.0|14.058|55598|USD|541
2014-03-03|14.0|14.008|13.8|13.82|10615|USD|542
2014-03-04|14.0|15.0|14.0|14.462|19663|USD|543
2014-03-05|14.4|15.68|14.0|15.0|84709|USD|544
2014-03-06|15.4|15.578|14.602|14.78|38301|USD|545
2014-03-07|14.78|15.2|14.24|14.3|13146|USD|546
2014-03-10|14.8|14.998|14.0|14.4|29817|USD|547
2014-03-11|15.2|15.4|13.6|13.666|49620|USD|548
2014-03-12|13.614|14.0|13.4|13.8|13655|USD|549
2014-03-13|14.0|14.0|13.502|13.698|18283|USD|550
2014-03-14|13.51|13.8|13.2|13.4|10288|USD|551
2014-03-17|13.2|14.794|13.2|13.796|11009|USD|552
2014-03-18|13.798|14.398|13.444|14.3|33867|USD|553
2014-03-19|14.4|14.78|14.0|14.4|30824|USD|554
2014-03-20|14.8|17.46|14.6|16.15|276458|USD|555
2014-03-21|17.0|17.2|15.0|15.0|75882|USD|556
2014-03-24|15.4|15.406|14.02|14.332|35886|USD|557
2014-03-25|14.2|14.59|13.8|13.8|27627|USD|558
2014-03-26|13.832|14.8|13.8|13.82|21684|USD|559
2014-03-27|13.824|14.2|13.8|13.998|10504|USD|560
2014-03-28|14.0|14.4|13.4|13.4|6845|USD|561
2014-03-31|13.6|13.998|13.55|13.62|6736|USD|562
2014-04-01|14.4|15.0|14.0|14.6|40975|USD|563
2014-04-02|14.4|15.798|14.4|15.5|65157|USD|564
2014-04-03|16.0|16.2|14.22|14.6|49434|USD|565
2014-04-04|14.8|14.8|13.672|14.4|32234|USD|566
2014-04-07|14.4|14.59|13.7|14.0|13842|USD|567
2014-04-08|13.85|14.334|13.8|14.002|12285|USD|568
2014-04-09|13.84|14.4|13.834|14.19|7544|USD|569
2014-04-10|14.2|14.2|13.6|13.6|20908|USD|570
2014-04-11|13.8|14.0|13.4|13.6|9287|USD|571
2014-04-14|13.6|13.948|13.4|13.4|8528|USD|572
2014-04-15|13.416|13.594|10.8|12.0|56230|USD|573
2014-04-16|12.4|13.2|12.1|12.6|28154|USD|574
2014-04-17|12.6|13.2|11.624|12.002|11153|USD|575
2014-04-21|12.0|13.2|12.0|12.6|8769|USD|576
2014-04-22|12.8|13.2|12.042|13.0|18652|USD|577
2014-04-23|12.8|13.598|12.2|12.6|10720|USD|578
2014-04-24|13.0|13.0|12.4|12.806|4492|USD|579
2014-04-25|13.0|13.0|12.422|12.44|11346|USD|580
2014-04-28|12.6|12.7|12.222|12.6|11359|USD|581
2014-04-29|12.512|13.0|12.4|12.6|5865|USD|582
2014-04-30|12.26|13.012|12.26|12.4|19828|USD|583
2014-05-01|12.6|12.6|12.28|12.28|5071|USD|584
2014-05-02|12.4|12.4|11.65|12.0|13771|USD|585
2014-05-05|12.0|12.4|12.0|12.296|3580|USD|586
2014-05-06|12.2|12.204|11.6|11.6|5585|USD|587
2014-05-07|11.6|12.198|11.0|11.202|7761|USD|588
2014-05-08|11.2|12.0|11.2|11.2|3337|USD|589
2014-05-09|11.204|12.0|11.0|11.2|8552|USD|590
2014-05-12|11.4|11.8|10.92|11.1|8021|USD|591
2014-05-13|10.92|11.1|10.602|10.902|10039|USD|592
2014-05-14|11.1|11.2|10.904|11.006|7787|USD|593
2014-05-15|11.2|12.356|10.636|12.0|29675|USD|594
2014-05-16|11.4|11.778|11.002|11.242|12957|USD|595
2014-05-19|11.2|11.58|11.0|11.018|7052|USD|596
2014-05-20|11.2|11.76|10.896|11.31|5534|USD|597
2014-05-21|11.2|11.94|10.96|11.12|8143|USD|598
2014-05-22|10.9|11.658|10.82|11.34|4068|USD|599
2014-05-23|11.002|11.8|11.002|11.44|6287|USD|600
2014-05-27|11.6|12.0|11.202|11.816|17216|USD|601
2014-05-28|11.6|12.4|11.34|11.456|26201|USD|602
2014-05-29|11.6|11.794|11.4|11.6|9146|USD|603
2014-05-30|11.8|12.0|11.28|11.6|5304|USD|604
2014-06-02|11.4|11.402|10.82|11.002|8498|USD|605
2014-06-03|11.4|11.4|10.604|11.2|8591|USD|606
2014-06-04|11.388|11.388|10.4|10.4|9145|USD|607
2014-06-05|10.4|10.718|9.8|9.924|64027|USD|608
2014-06-06|9.8|9.924|9.1|9.422|19767|USD|609
2014-06-09|9.236|10.2|9.236|9.742|20512|USD|610
2014-06-10|9.8|10.0|9.39|9.804|16071|USD|611
2014-06-11|9.6|10.54|9.6|9.8|27180|USD|612
2014-06-12|10.218|10.6|10.0|10.4|16890|USD|613
2014-06-13|10.6|10.8|10.202|10.69|4628|USD|614
2014-06-16|10.6|10.604|10.0|10.4|9500|USD|615
2014-06-17|10.4|10.614|10.034|10.6|5896|USD|616
2014-06-18|10.8|10.8|10.448|10.6|5201|USD|617
2014-06-19|10.4|10.8|10.0|10.6|6230|USD|618
2014-06-20|10.79|10.796|10.246|10.6|7144|USD|619
2014-06-23|10.8|10.8|10.466|10.702|2328|USD|620
2014-06-24|10.642|10.8|10.198|10.4|9112|USD|621
2014-06-25|10.24|10.78|10.1|10.4|2689|USD|622
2014-06-26|10.4|10.4|10.1|10.4|971|USD|623
2014-06-27|10.23|10.4|9.2|9.2|18024|USD|624
2014-06-30|10.2|10.6|9.2|9.61|16157|USD|625
2014-07-01|9.6|9.998|9.4|9.8|3838|USD|626
2014-07-02|9.4|9.802|9.4|9.466|32576|USD|627
2014-07-03|9.432|10.0|9.4|9.94|1739|USD|628
2014-07-07|9.94|10.198|9.702|10.198|5456|USD|629
2014-07-08|10.0|10.2|9.8|9.85|6409|USD|630
2014-07-09|10.0|10.14|9.442|10.14|8656|USD|631
2014-07-10|10.2|10.2|9.4|10.0|6691|USD|632
2014-07-11|10.0|10.0|9.6|9.96|9785|USD|633
2014-07-14|9.8|10.4|9.6|10.0|21351|USD|634
2014-07-15|9.9|10.0|9.6|9.798|8037|USD|635
2014-07-16|9.702|10.0|9.4|9.6|13319|USD|636
2014-07-17|9.4|9.998|9.2|9.472|7292|USD|637
2014-07-18|9.2|9.6|9.2|9.2|6611|USD|638
2014-07-21|9.2|9.4|9.006|9.246|1811|USD|639
2014-07-22|9.4|9.794|9.302|9.46|6647|USD|640
2014-07-23|9.6|9.788|9.22|9.438|29743|USD|641
2014-07-24|9.586|9.6|8.624|9.378|16253|USD|642
2014-07-25|9.2|9.4|8.8|9.01|8156|USD|643
2014-07-28|9.2|9.2|8.4|8.6|9795|USD|644
2014-07-29|8.62|9.19|8.6|9.102|9565|USD|645
2014-07-30|8.8|9.2|8.8|8.824|1708|USD|646
2014-07-31|8.9|9.0|8.512|8.7|6268|USD|647
2014-08-01|8.7|8.998|8.5|8.602|4003|USD|648
2014-08-04|8.5|8.8|8.2|8.79|6987|USD|649
2014-08-05|8.472|8.798|8.4|8.402|2138|USD|650
2014-08-06|8.2|8.2|8.0|8.0|16574|USD|651
2014-08-07|8.2|8.2|6.668|7.658|11518|USD|652
2014-08-08|8.0|8.17|7.4|7.998|13395|USD|653
2014-08-11|7.998|8.6|7.998|8.6|6770|USD|654
2014-08-12|8.6|8.6|8.214|8.4|1596|USD|655
2014-08-13|8.214|8.784|8.214|8.784|4628|USD|656
2014-08-14|8.7|8.8|8.234|8.4|3679|USD|657
2014-08-15|8.216|8.798|8.214|8.39|2426|USD|658
2014-08-18|8.64|8.64|8.254|8.52|997|USD|659
2014-08-19|8.6|8.64|8.02|8.298|4794|USD|660
2014-08-20|8.2|8.6|7.96|8.338|10031|USD|661
2014-08-21|8.2|8.2|8.002|8.006|2248|USD|662
2014-08-22|8.004|8.576|8.004|8.3|3145|USD|663
2014-08-25|8.052|8.59|8.014|8.2|1758|USD|664
2014-08-26|8.1|8.574|8.1|8.4|2482|USD|665
2014-08-27|8.2|8.5|8.2|8.404|1282|USD|666
2014-08-28|8.5|8.5|8.3|8.498|2573|USD|667
2014-08-29|8.4|8.4|8.0|8.0|7341|USD|668
2014-09-02|8.01|8.392|8.01|8.04|2373|USD|669
2014-09-03|9.8|13.8|9.652|11.22|227248|USD|670
2014-09-04|12.0|12.8|10.52|11.2|79057|USD|671
2014-09-05|12.8|12.8|11.1|11.6|33939|USD|672
2014-09-08|12.2|12.2|11.4|11.6|17580|USD|673
2014-09-09|11.45|11.602|10.6|10.6|12290|USD|674
2014-09-10|10.0|10.568|9.8|10.2|12155|USD|675
2014-09-11|9.42|9.998|8.626|9.398|14728|USD|676
2014-09-12|9.1|9.38|9.1|9.122|5235|USD|677
2014-09-15|8.42|9.2|8.42|8.7|6436|USD|678
2014-09-16|8.452|10.4|8.1|8.4|6758|USD|679
2014-09-17|8.6|9.0|8.4|8.6|3135|USD|680
2014-09-18|9.558|9.596|8.558|8.574|6302|USD|681
2014-09-19|8.4|9.4|8.4|9.4|28406|USD|682
2014-09-22|9.104|9.4|9.0|9.398|14019|USD|683
2014-09-23|9.956|9.982|9.212|9.5|3827|USD|684
2014-09-24|9.46|9.8|9.202|9.598|3707|USD|685
2014-09-25|9.42|9.9|9.4|9.87|6075|USD|686
2014-09-26|10.0|10.0|9.134|9.16|10969|USD|687
2014-09-29|9.42|9.78|9.0|9.122|3776|USD|688
2014-09-30|9.1|9.6|9.0|9.18|3586|USD|689
2014-10-01|9.2|9.4|9.0|9.19|4296|USD|690
2014-10-02|9.1|9.4|8.9|9.0|3075|USD|691
2014-10-03|8.9|9.2|8.46|8.76|2550|USD|692
2014-10-06|8.4|9.19|8.2|8.2|7290|USD|693
2014-10-07|8.0|8.4|8.0|8.2|2878|USD|694
2014-10-08|8.6|9.0|8.2|8.81|3049|USD|695
2014-10-09|8.552|9.0|8.3|8.314|2686|USD|696
2014-10-10|8.3|8.4|8.0|8.3|2348|USD|697
2014-10-13|8.1|8.4|6.6|8.0|6973|USD|698
2014-10-14|7.8|8.18|7.2|7.404|5020|USD|699
2014-10-15|7.4|8.0|7.4|7.636|2526|USD|700
2014-10-16|7.606|8.388|7.2|8.0|4064|USD|701
2014-10-17|7.802|8.394|7.42|7.42|1584|USD|702
2014-10-20|8.0|8.0|7.46|7.52|1607|USD|703
2014-10-21|7.52|8.2|7.52|7.7|3260|USD|704
2014-10-22|7.7|9.8|7.7|9.4|14459|USD|705
2014-10-23|9.98|10.0|8.406|9.2|8138|USD|706
2014-10-24|9.2|9.2|8.408|8.798|5826|USD|707
2014-10-27|8.49|9.0|8.3|8.364|6915|USD|708
2014-10-28|8.6|9.4|8.6|9.2|3243|USD|709
2014-10-29|8.8|10.2|8.8|9.8|17348|USD|710
2014-10-30|10.0|10.0|9.7|9.8|7835|USD|711
2014-10-31|10.0|10.2|9.6|10.1|9934|USD|712
2014-11-03|10.1|10.19|9.0|10.174|8876|USD|713
2014-11-04|9.4|10.0|9.4|9.4|3423|USD|714
2014-11-05|9.8|9.98|9.04|9.068|11378|USD|715
2014-11-06|9.004|9.698|8.412|8.414|7714|USD|716
2014-11-07|8.286|9.0|8.016|8.7|4551|USD|717
2014-11-10|9.0|9.0|8.2|8.5|6393|USD|718
2014-11-11|8.2|8.38|7.422|7.6|18231|USD|719
2014-11-12|7.602|8.4|7.43|7.6|9809|USD|720
2014-11-13|8.0|8.4|7.62|8.0|17724|USD|721
2014-11-14|7.64|8.0|7.64|8.0|22663|USD|722
2014-11-17|8.0|8.6|7.798|7.83|10452|USD|723
2014-11-18|7.43|7.98|7.43|7.624|7122|USD|724
2014-11-19|7.6|8.0|7.6|7.694|5201|USD|725
2014-11-20|7.798|7.994|7.6|7.98|3267|USD|726
2014-11-21|8.0|8.0|7.628|7.8|4734|USD|727
2014-11-24|7.6|7.8|7.6|7.738|2149|USD|728
2014-11-25|7.8|7.8|7.432|7.6|13738|USD|729
2014-11-26|7.6|7.998|7.432|7.516|5288|USD|730
2014-11-28|7.43|7.8|7.0|7.0|7967|USD|731
2014-12-01|7.2|7.6|7.0|7.008|3914|USD|732
2014-12-02|7.2|7.4|7.16|7.16|4019|USD|733
2014-12-03|7.596|7.8|7.0|7.7|28035|USD|734
2014-12-04|7.6|8.134|7.5|7.6|18073|USD|735
2014-12-05|7.2|7.8|7.2|7.768|7465|USD|736
2014-12-08|7.8|8.0|7.0|7.29|9717|USD|737
2014-12-09|7.05|7.07|6.63|6.98|17358|USD|738
2014-12-10|7.0|7.098|6.7|6.7|5530|USD|739
2014-12-11|6.7|7.6|6.6|6.6|24413|USD|740
2014-12-12|7.0|7.59|6.66|6.866|4827|USD|741
2014-12-15|6.7|7.59|6.7|7.0|4654|USD|742
2014-12-16|7.0|7.534|6.614|7.534|10601|USD|743
2014-12-17|6.8|7.2|6.8|7.192|6911|USD|744
2014-12-18|6.8|7.2|6.8|7.2|15785|USD|745
2014-12-19|6.83|7.4|6.8|6.802|14131|USD|746
2014-12-22|6.81|7.3|6.7|6.9|14712|USD|747
2014-12-23|6.8|6.996|5.2|5.398|90124|USD|748
2014-12-24|5.4|5.8|5.4|5.56|16119|USD|749
2014-12-26|5.6|5.87|5.4|5.85|20879|USD|750
2014-12-29|5.85|6.0|5.6|5.65|17373|USD|751
2014-12-30|5.6|7.6|5.6|6.72|122592|USD|752
2014-12-31|6.3|6.78|5.666|5.7|39583|USD|753
2015-01-02|6.0|6.306|5.8|6.16|8318|USD|754
2015-01-05|6.0|6.134|5.84|6.06|7188|USD|755
2015-01-06|6.9|6.9|5.844|6.0|24533|USD|756
2015-01-07|5.65|6.2|5.65|6.0|5216|USD|757
2015-01-08|6.55|6.55|5.6|6.0|9282|USD|758
2015-01-09|5.996|6.0|5.56|5.938|7954|USD|759
2015-01-12|6.8|6.8|5.874|6.2|34424|USD|760
2015-01-13|6.2|6.3|5.7|5.7|13849|USD|761
2015-01-14|6.0|6.0|5.2|5.52|36430|USD|762
2015-01-15|5.66|5.66|5.224|5.4|9123|USD|763
2015-01-16|5.5|5.898|5.4|5.46|8986|USD|764
2015-01-20|5.2|5.6|5.2|5.496|9486|USD|765
2015-01-21|5.206|5.56|5.2|5.5|1357|USD|766
2015-01-22|5.49|5.58|3.8|4.62|34906|USD|767
2015-01-23|5.16|5.16|4.62|5.0|13033|USD|768
2015-01-26|5.0|5.0|4.602|5.0|19113|USD|769
2015-01-27|4.634|5.2|4.6|4.802|12814|USD|770
2015-01-28|6.0|6.0|3.6|3.71|90530|USD|771
2015-01-29|3.98|4.39|3.8|4.21|69025|USD|772
2015-01-30|4.21|4.279|3.8|3.93|27612|USD|773
2015-02-02|3.83|4.0|3.57|3.8|24433|USD|774
2015-02-03|4.15|4.15|3.55|3.64|11978|USD|775
2015-02-04|3.5|3.5|3.14|3.16|105960|USD|776
2015-02-05|3.25|3.25|3.12|3.15|95156|USD|777
2015-02-06|3.1|3.199|3.1|3.16|26944|USD|778
2015-02-09|3.25|3.25|3.12|3.12|52062|USD|779
2015-02-10|3.11|3.19|3.08|3.11|77908|USD|780
2015-02-11|3.16|3.35|3.07|3.23|144096|USD|781
2015-02-12|3.25|3.25|3.11|3.19|42005|USD|782
2015-02-13|3.21|3.26|3.12|3.24|39101|USD|783
2015-02-17|3.25|3.39|3.21|3.29|123645|USD|784
2015-02-18|3.35|3.6|3.25|3.55|178420|USD|785
2015-02-19|3.5|3.55|3.276|3.462|79007|USD|786
2015-02-20|3.316|3.79|3.316|3.7|117832|USD|787
2015-02-23|3.71|3.73|3.53|3.61|48075|USD|788
2015-02-24|3.9|4.16|3.31|3.31|749290|USD|789
2015-02-25|3.32|3.45|3.32|3.33|87416|USD|790
2015-02-26|3.35|3.41|3.24|3.29|67418|USD|791
2015-02-27|3.29|3.45|3.283|3.38|62821|USD|792
2015-03-02|3.44|3.56|3.44|3.54|83343|USD|793
2015-03-03|3.51|3.66|3.47|3.59|46977|USD|794
2015-03-04|3.54|3.63|3.49|3.49|45193|USD|795
2015-03-05|3.427|3.57|3.427|3.53|25184|USD|796
2015-03-06|3.58|3.59|3.45|3.5|21148|USD|797
2015-03-09|3.56|3.6|3.479|3.51|17532|USD|798
2015-03-10|3.55|3.61|3.461|3.57|47043|USD|799
2015-03-11|3.53|3.63|3.47|3.595|41624|USD|800
2015-03-12|3.6|3.61|3.5|3.6|33885|USD|801
2015-03-13|3.64|3.95|3.591|3.81|112675|USD|802
2015-03-16|3.9|4.19|3.899|4.05|177671|USD|803
2015-03-17|3.98|4.14|3.72|3.76|80052|USD|804
2015-03-18|3.8|3.8|3.646|3.69|29424|USD|805
2015-03-19|3.72|3.87|3.71|3.82|30059|USD|806
2015-03-20|3.83|3.944|3.7|3.7|58150|USD|807
2015-03-23|3.76|3.8|3.67|3.69|22829|USD|808
2015-03-24|3.66|3.8|3.6|3.64|24469|USD|809
2015-03-25|3.7|3.75|3.52|3.53|20194|USD|810
2015-03-26|3.51|3.57|3.51|3.55|4373|USD|811
2015-03-27|3.57|3.57|3.54|3.56|1999|USD|812
2015-03-30|3.57|3.585|3.53|3.55|3011|USD|813
2015-03-31|3.55|3.66|3.52|3.56|10789|USD|814
2015-04-01|3.52|3.54|3.31|3.48|30012|USD|815
2015-04-02|3.65|3.68|3.515|3.63|33695|USD|816
2015-04-06|3.653|3.653|3.5|3.59|25262|USD|817
2015-04-07|3.5|3.65|3.5|3.59|12882|USD|818
2015-04-08|3.56|3.68|3.52|3.68|5018|USD|819
2015-04-09|3.69|3.715|3.591|3.69|10016|USD|820
2015-04-10|3.84|3.85|3.57|3.67|10218|USD|821
2015-04-13|3.58|3.69|3.4|3.55|59459|USD|822
2015-04-14|3.82|3.84|3.39|3.45|94222|USD|823
2015-04-15|3.37|3.44|3.33|3.38|142206|USD|824
2015-04-16|3.37|3.5|3.21|3.24|70625|USD|825
2015-04-17|3.2|3.257|3.2|3.24|22089|USD|826
2015-04-20|3.27|3.27|3.2|3.23|20006|USD|827
2015-04-21|3.21|3.25|3.16|3.19|12496|USD|828
2015-04-22|3.174|3.25|3.05|3.2|230154|USD|829
2015-04-23|3.25|3.35|3.17|3.3|70129|USD|830
2015-04-24|3.37|3.57|3.354|3.4|77546|USD|831
2015-04-27|3.4|3.6|3.2|3.2|94067|USD|832
2015-04-28|3.25|3.279|3.11|3.125|5336|USD|833
2015-04-29|3.16|3.29|3.02|3.06|59924|USD|834
2015-04-30|3.2|3.2|3.01|3.021|57120|USD|835
2015-05-01|3.01|3.09|3.01|3.04|9176|USD|836
2015-05-04|3.05|3.05|2.88|3.0|31634|USD|837
2015-05-05|3.0|3.04|2.63|2.74|277365|USD|838
2015-05-06|2.88|2.88|2.13|2.4|130274|USD|839
2015-05-07|2.35|2.452|2.2|2.41|33893|USD|840
2015-05-08|2.43|2.476|1.98|2.04|140877|USD|841
2015-05-11|2.13|2.25|1.95|1.98|203327|USD|842
2015-05-12|2.04|2.04|1.899|2.0|31971|USD|843
2015-05-13|1.92|2.09|1.92|1.95|45984|USD|844
2015-05-14|2.02|2.05|1.93|1.99|26928|USD|845
2015-05-15|1.99|2.03|1.93|1.99|15350|USD|846
2015-05-18|1.975|2.01|1.9|1.97|33189|USD|847
2015-05-19|1.94|1.995|1.92|1.93|9863|USD|848
2015-05-20|1.9|2.38|1.838|2.15|228418|USD|849
2015-05-21|2.2|2.24|2.05|2.09|40354|USD|850
2015-05-22|2.092|2.092|1.92|1.93|43928|USD|851
2015-05-26|1.94|3.52|1.913|3.25|2816493|USD|852
2015-05-27|3.91|4.137|2.96|3.23|6366445|USD|853
2015-05-28|3.19|3.6|2.89|3.05|932766|USD|854
2015-05-29|3.21|3.21|2.77|2.89|307248|USD|855
2015-06-01|2.78|2.84|2.69|2.82|265212|USD|856
2015-06-02|3.13|3.2|2.73|2.93|215606|USD|857
2015-06-03|3.07|3.07|2.88|2.93|68390|USD|858
2015-06-04|2.86|2.87|2.75|2.79|74899|USD|859
2015-06-05|2.77|3.05|2.75|3.04|88009|USD|860
2015-06-08|3.09|3.09|2.87|2.93|86359|USD|861
2015-06-09|3.04|3.04|2.72|2.76|63522|USD|862
2015-06-10|3.04|3.04|2.7|2.71|67209|USD|863
2015-06-11|2.83|2.83|2.46|2.52|90161|USD|864
2015-06-12|2.45|3.39|2.45|3.3|1063245|USD|865
2015-06-15|3.3|3.3|2.73|2.92|210635|USD|866
2015-06-16|2.9|3.09|2.802|2.88|84570|USD|867
2015-06-17|2.91|2.95|2.82|2.83|54879|USD|868
2015-06-18|2.81|2.89|2.67|2.74|84574|USD|869
2015-06-19|2.71|2.811|2.65|2.65|46382|USD|870
2015-06-22|2.74|2.74|2.63|2.73|28272|USD|871
2015-06-23|2.7|2.88|2.649|2.86|50762|USD|872
2015-06-24|2.88|2.88|2.75|2.83|79629|USD|873
2015-06-25|5.62|7.24|5.38|5.38|21853778|USD|874
2015-06-26|5.7|6.03|5.07|5.31|4512135|USD|875
2015-06-29|5.18|5.229|4.459|4.59|672451|USD|876
2015-06-30|4.61|4.84|3.95|4.34|415540|USD|877
2015-07-01|4.24|4.5|3.88|3.94|431095|USD|878
2015-07-02|3.92|4.19|3.87|3.9|312375|USD|879
2015-07-06|3.89|4.0|3.53|3.7|243109|USD|880
2015-07-07|3.67|3.75|3.43|3.74|211764|USD|881
2015-07-08|3.71|3.74|3.5|3.53|140005|USD|882
2015-07-09|3.5|3.97|3.5|3.61|212704|USD|883
2015-07-10|3.71|3.99|3.569|3.78|127059|USD|884
2015-07-13|3.66|4.23|3.66|4.11|267228|USD|885
2015-07-14|4.09|4.1|3.76|3.78|130388|USD|886
2015-07-15|3.86|4.03|3.72|3.77|132913|USD|887
2015-07-16|3.73|4.01|3.64|3.89|116337|USD|888
2015-07-17|3.91|4.02|3.66|3.69|106539|USD|889
2015-07-20|3.74|3.75|3.38|3.414|163984|USD|890
2015-07-21|3.44|4.7|3.44|4.0|1905111|USD|891
2015-07-22|4.05|4.27|3.6|3.66|610754|USD|892
2015-07-23|4.06|4.06|3.58|3.58|321344|USD|893
2015-07-24|3.54|3.8|3.54|3.71|146653|USD|894
2015-07-27|3.68|3.9|3.57|3.8|77070|USD|895
2015-07-28|3.78|4.05|3.674|3.92|171250|USD|896
2015-07-29|3.88|4.15|3.85|3.89|117748|USD|897
2015-07-30|4.01|4.09|3.79|4.03|90645|USD|898
2015-07-31|3.99|4.238|3.94|3.96|108795|USD|899
2015-08-03|3.88|4.03|3.76|3.85|75259|USD|900
2015-08-04|3.82|4.01|3.8|3.91|32200|USD|901
2015-08-05|4.0|4.0|3.83|3.88|33829|USD|902
2015-08-06|3.88|3.93|3.81|3.87|31526|USD|903
2015-08-07|3.94|4.2|3.89|4.14|119754|USD|904
2015-08-10|4.2|4.9|4.15|4.74|400512|USD|905
2015-08-11|4.92|4.94|4.53|4.66|211458|USD|906
2015-08-12|3.9|4.29|3.57|3.81|320155|USD|907
2015-08-13|3.79|3.79|3.51|3.62|142342|USD|908
2015-08-14|3.53|3.61|3.52|3.54|76016|USD|909
2015-08-17|3.54|3.88|3.54|3.72|60279|USD|910
2015-08-18|3.72|3.85|3.64|3.75|20650|USD|911
2015-08-19|3.7|3.87|3.64|3.86|26052|USD|912
2015-08-20|3.84|4.31|3.79|4.05|74914|USD|913
2015-08-21|4.04|4.065|3.76|3.81|65562|USD|914
2015-08-24|3.51|3.69|3.43|3.53|107345|USD|915
2015-08-25|3.7|3.81|3.605|3.71|51238|USD|916
2015-08-26|3.78|3.81|3.57|3.67|55161|USD|917
2015-08-27|3.69|3.77|3.6|3.74|24906|USD|918
2015-08-28|3.75|3.9|3.71|3.8|47796|USD|919
2015-08-31|3.81|4.12|3.76|4.06|39825|USD|920
2015-09-01|4.06|4.18|3.88|3.98|50967|USD|921
2015-09-02|4.03|4.77|3.93|4.295|366139|USD|922
2015-09-03|4.26|4.4|4.08|4.13|71128|USD|923
2015-09-04|4.11|4.18|4.02|4.15|22768|USD|924
2015-09-08|4.22|4.39|4.143|4.37|51433|USD|925
2015-09-09|4.4|4.43|4.07|4.34|121502|USD|926
2015-09-10|4.285|4.44|4.285|4.38|6449|USD|927
2015-09-11|4.42|4.482|4.28|4.44|186445|USD|928
2015-09-14|4.4|4.6|4.33|4.54|65968|USD|929
2015-09-15|4.6|4.63|4.38|4.63|74470|USD|930
2015-09-16|5.15|5.29|4.67|4.96|497573|USD|931
2015-09-17|4.99|5.07|4.84|4.9|90611|USD|932
2015-09-18|4.85|5.016|4.85|4.93|110903|USD|933
2015-09-21|5.04|5.14|4.9|5.03|59203|USD|934
2015-09-22|5.05|5.23|4.875|5.0|153221|USD|935
2015-09-23|5.035|5.035|4.84|4.969|49889|USD|936
2015-09-24|4.92|4.93|4.83|4.87|30396|USD|937
2015-09-25|4.88|4.89|4.25|4.46|108254|USD|938
2015-09-28|4.45|4.45|4.101|4.28|61381|USD|939
2015-09-29|4.25|4.324|4.15|4.22|19898|USD|940
2015-09-30|4.23|4.47|4.18|4.34|40163|USD|941
2015-10-01|4.39|4.43|4.29|4.37|24766|USD|942
2015-10-02|4.36|4.54|4.3|4.48|24921|USD|943
2015-10-05|4.51|4.85|4.43|4.633|77986|USD|944
2015-10-06|4.663|4.75|4.4|4.45|94065|USD|945
2015-10-07|4.38|4.54|4.38|4.45|12807|USD|946
2015-10-08|4.43|4.49|4.291|4.46|19165|USD|947
2015-10-09|4.34|4.54|4.319|4.53|42927|USD|948
2015-10-12|4.56|4.71|4.36|4.565|49206|USD|949
2015-10-13|4.5|4.7|4.37|4.45|86903|USD|950
2015-10-14|4.4|4.49|4.25|4.43|32651|USD|951
2015-10-15|4.37|4.5|4.315|4.48|24197|USD|952
2015-10-16|4.48|4.48|4.35|4.39|5677|USD|953
2015-10-19|4.34|4.54|4.3|4.45|10316|USD|954
2015-10-20|4.37|4.46|4.21|4.34|55751|USD|955
2015-10-21|4.259|4.32|4.18|4.18|21706|USD|956
2015-10-22|4.39|4.39|4.2|4.21|41261|USD|957
2015-10-23|4.28|4.38|4.045|4.13|61334|USD|958
2015-10-26|4.33|4.33|4.0|4.08|17582|USD|959
2015-10-27|4.01|4.07|3.954|4.02|19318|USD|960
2015-10-28|3.98|4.15|3.92|4.14|23861|USD|961
2015-10-29|4.1|4.179|4.08|4.11|17478|USD|962
2015-10-30|4.0|4.03|3.92|4.02|28676|USD|963
2015-11-02|3.98|4.07|3.94|4.07|11627|USD|964
2015-11-03|4.04|4.1|3.96|4.09|14789|USD|965
2015-11-04|3.95|4.12|3.95|4.1|14280|USD|966
2015-11-05|4.15|4.15|3.93|3.98|29319|USD|967
2015-11-06|3.7|4.0|3.7|3.89|24791|USD|968
2015-11-09|4.0|4.0|3.8|3.93|54236|USD|969
2015-11-10|3.87|3.99|3.72|3.775|21952|USD|970
2015-11-11|3.77|3.87|3.73|3.77|24481|USD|971
2015-11-12|3.77|3.875|3.72|3.72|20511|USD|972
2015-11-13|3.73|3.87|3.73|3.82|24756|USD|973
2015-11-16|3.86|3.86|3.75|3.83|5408|USD|974
2015-11-17|3.87|3.87|3.78|3.79|13681|USD|975
2015-11-18|3.81|3.9|3.81|3.82|5223|USD|976
2015-11-19|3.85|3.955|3.77|3.8|19034|USD|977
2015-11-20|3.84|3.93|3.82|3.89|4015|USD|978
2015-11-23|3.89|4.48|3.78|4.08|385627|USD|979
2015-11-24|4.1|4.12|4.001|4.04|31136|USD|980
2015-11-25|4.08|4.15|4.03|4.03|52776|USD|981
2015-11-27|4.124|4.2|4.09|4.13|34758|USD|982
2015-11-30|4.13|4.58|4.11|4.21|236725|USD|983
2015-12-01|4.29|4.29|4.06|4.12|40136|USD|984
2015-12-02|4.01|4.128|4.01|4.01|37966|USD|985
2015-12-03|4.04|4.18|3.89|3.97|28286|USD|986
2015-12-04|3.97|4.199|3.97|4.06|17546|USD|987
2015-12-07|4.08|4.39|4.01|4.06|62693|USD|988
2015-12-08|4.05|4.17|4.05|4.06|8118|USD|989
2015-12-09|4.07|4.07|3.96|4.0|17982|USD|990
2015-12-10|4.0|4.08|3.96|3.98|28991|USD|991
2015-12-11|4.01|4.04|3.77|3.86|31852|USD|992
2015-12-14|3.86|3.88|3.57|3.68|42571|USD|993
2015-12-15|3.68|3.9|3.66|3.69|19184|USD|994
2015-12-16|3.698|3.77|3.67|3.74|16129|USD|995
2015-12-17|3.726|3.74|3.66|3.68|16590|USD|996
2015-12-18|3.68|3.788|3.68|3.73|22987|USD|997
2015-12-21|3.71|3.84|3.68|3.84|17916|USD|998
2015-12-22|3.72|3.85|3.71|3.726|21196|USD|999
2015-12-23|3.8|3.8|3.62|3.72|37093|USD|1000
2015-12-24|3.71|3.77|3.66|3.718|20283|USD|1001
2015-12-28|3.72|3.721|3.58|3.59|36131|USD|1002
2015-12-29|3.59|3.646|3.51|3.58|28367|USD|1003
2015-12-30|3.53|3.58|3.484|3.5|70445|USD|1004
2015-12-31|3.51|3.6|3.38|3.49|121703|USD|1005
2016-01-04|3.45|3.49|3.3|3.32|23028|USD|1006
2016-01-05|3.331|3.44|3.33|3.38|11098|USD|1007
2016-01-06|3.69|4.0|3.6|3.73|76385|USD|1008
2016-01-07|3.65|3.919|3.3|3.37|44090|USD|1009
2016-01-08|3.42|3.635|3.4|3.61|38642|USD|1010
2016-01-11|3.537|3.54|3.41|3.51|33958|USD|1011
2016-01-12|3.45|3.687|3.45|3.51|10342|USD|1012
2016-01-13|3.52|3.54|3.28|3.425|19030|USD|1013
2016-01-14|3.48|3.51|3.39|3.45|13195|USD|1014
2016-01-15|3.36|3.4|3.33|3.38|14809|USD|1015
2016-01-19|3.41|3.42|3.28|3.32|8400|USD|1016
2016-01-20|3.3|3.57|3.25|3.57|31755|USD|1017
2016-01-21|3.61|3.82|3.42|3.6|40020|USD|1018
2016-01-22|3.71|3.83|3.63|3.81|17952|USD|1019
2016-01-25|3.81|3.81|3.7|3.8|4242|USD|1020
2016-01-26|3.8|3.89|3.76|3.84|15146|USD|1021
2016-01-27|3.85|3.94|3.721|3.75|12948|USD|1022
2016-01-28|3.75|3.793|3.64|3.69|18215|USD|1023
2016-01-29|3.85|3.88|3.791|3.791|3402|USD|1024
2016-02-01|3.7|3.9|3.447|3.9|11433|USD|1025
2016-02-02|3.54|3.75|3.54|3.7|4741|USD|1026
2016-02-03|3.75|3.75|3.5|3.54|27414|USD|1027
2016-02-04|3.545|3.64|3.545|3.57|10776|USD|1028
2016-02-05|3.51|3.55|3.4|3.41|47389|USD|1029
2016-02-08|3.4|3.6|3.4|3.47|20416|USD|1030
2016-02-09|3.57|3.7|3.52|3.59|9967|USD|1031
2016-02-10|3.52|3.63|3.51|3.521|18515|USD|1032
2016-02-11|3.421|3.45|3.32|3.42|23855|USD|1033
2016-02-12|3.45|3.53|3.44|3.45|9886|USD|1034
2016-02-16|3.62|3.62|3.454|3.5|7337|USD|1035
2016-02-17|3.6|3.61|3.52|3.6|5714|USD|1036
2016-02-18|3.6|3.62|3.52|3.52|24662|USD|1037
2016-02-19|3.496|3.54|3.49|3.5|4999|USD|1038
2016-02-22|3.6|3.6|3.45|3.52|40257|USD|1039
2016-02-23|3.55|3.55|3.47|3.47|22998|USD|1040
2016-02-24|3.43|3.59|3.41|3.43|48852|USD|1041
2016-02-25|3.44|3.47|3.38|3.47|4069|USD|1042
2016-02-26|3.459|3.51|3.38|3.44|7368|USD|1043
2016-02-27|3.44|3.44|3.44|3.44|0|USD|1044
2016-02-29|3.424|3.426|3.22|3.25|142196|USD|1045
2016-03-01|3.23|3.39|3.18|3.35|75119|USD|1046
2016-03-02|3.29|3.425|3.29|3.36|38389|USD|1047
2016-03-03|3.36|3.45|3.33|3.43|18247|USD|1048
2016-03-04|3.48|3.48|3.4|3.45|6611|USD|1049
2016-03-07|3.46|3.57|3.421|3.53|28009|USD|1050
2016-03-08|3.5|3.64|3.5|3.6|17930|USD|1051
2016-03-09|3.53|3.66|3.5|3.5|8748|USD|1052
2016-03-10|3.55|3.625|3.53|3.54|5495|USD|1053
2016-03-11|3.59|3.64|3.574|3.63|4577|USD|1054
2016-03-14|3.67|3.68|3.63|3.63|10934|USD|1055
2016-03-15|3.63|3.66|3.6|3.66|3817|USD|1056
2016-03-16|3.635|3.635|2.42|2.95|290266|USD|1057
2016-03-17|2.91|2.91|2.52|2.54|139189|USD|1058
2016-03-18|2.55|2.68|2.53|2.53|31021|USD|1059
2016-03-21|2.55|2.79|2.5|2.56|22307|USD|1060
2016-03-22|2.58|2.71|2.55|2.57|18554|USD|1061
2016-03-23|2.65|2.76|2.55|2.55|9332|USD|1062
2016-03-24|2.55|2.604|2.5|2.56|22259|USD|1063
2016-03-28|2.55|2.55|2.51|2.53|17402|USD|1064
2016-03-29|2.5|2.59|2.42|2.59|15930|USD|1065
2016-03-30|2.59|2.59|2.47|2.58|2674|USD|1066
2016-03-31|2.52|2.56|2.45|2.53|39340|USD|1067
2016-04-01|2.48|2.56|2.47|2.47|8947|USD|1068
2016-04-04|2.49|2.52|2.45|2.47|4444|USD|1069
2016-04-05|2.462|2.49|2.45|2.45|8182|USD|1070
2016-04-06|2.475|2.5|2.42|2.49|10289|USD|1071
2016-04-07|2.484|2.484|2.46|2.48|4302|USD|1072
2016-04-08|2.454|2.455|2.39|2.43|11734|USD|1073
2016-04-11|2.41|2.59|2.37|2.44|49488|USD|1074
2016-04-12|2.44|2.44|2.35|2.398|12499|USD|1075
2016-04-13|2.39|2.475|2.39|2.42|3118|USD|1076
2016-04-14|2.4|2.45|2.4|2.45|609|USD|1077
2016-04-15|2.436|2.45|2.31|2.34|13816|USD|1078
2016-04-18|2.347|2.4|2.347|2.37|6590|USD|1079
2016-04-19|2.34|2.34|2.2|2.24|17668|USD|1080
2016-04-20|2.19|2.19|2.056|2.18|25145|USD|1081
2016-04-21|2.2|2.38|2.19|2.38|25576|USD|1082
2016-04-22|2.406|2.43|2.31|2.37|23560|USD|1083
2016-04-25|2.406|2.406|2.35|2.35|3184|USD|1084
2016-04-26|2.3|2.33|2.248|2.31|9685|USD|1085
2016-04-27|2.35|2.379|2.32|2.36|4260|USD|1086
2016-04-28|2.38|2.41|2.31|2.41|23736|USD|1087
2016-04-29|2.34|2.37|2.21|2.29|13331|USD|1088
2016-05-02|2.21|2.29|2.2|2.2|2672|USD|1089
2016-05-03|2.24|2.25|1.95|1.95|103848|USD|1090
2016-05-04|2.1|2.24|1.99|2.001|19052|USD|1091
2016-05-05|2.03|2.115|1.92|2.06|10827|USD|1092
2016-05-06|2.06|2.06|1.96|2.05|5137|USD|1093
2016-05-09|2.1|2.1|2.051|2.09|1778|USD|1094
2016-05-10|2.11|2.11|2.033|2.08|3648|USD|1095
2016-05-11|2.07|2.095|1.995|2.09|8210|USD|1096
2016-05-12|2.11|2.249|2.09|2.1|11312|USD|1097
2016-05-13|2.13|2.307|2.08|2.1|8664|USD|1098
2016-05-16|2.21|2.21|2.13|2.13|7406|USD|1099
2016-05-17|2.19|2.19|2.13|2.13|2085|USD|1100
2016-05-18|2.12|2.305|2.1|2.1|5296|USD|1101
2016-05-19|2.1|2.117|1.97|2.1|10672|USD|1102
2016-05-20|2.1|2.311|2.06|2.14|81125|USD|1103
2016-05-23|2.18|2.18|2.02|2.07|4508|USD|1104
2016-05-24|2.07|2.15|1.955|2.15|14456|USD|1105
2016-05-25|2.11|2.189|2.11|2.14|9112|USD|1106
2016-05-26|2.14|2.26|2.1|2.22|11660|USD|1107
2016-05-27|2.23|2.24|2.17|2.21|4155|USD|1108
2016-05-31|2.205|2.24|2.17|2.24|2949|USD|1109
2016-06-01|2.2|2.293|2.15|2.18|7896|USD|1110
2016-06-02|2.17|2.24|2.17|2.19|6661|USD|1111
2016-06-03|2.2|2.2|2.11|2.13|1868|USD|1112
2016-06-06|2.12|2.172|2.08|2.1|14262|USD|1113
2016-06-07|2.13|2.24|2.12|2.23|27765|USD|1114
2016-06-08|2.25|2.69|2.181|2.587|96301|USD|1115
2016-06-09|2.62|2.62|2.266|2.6|42402|USD|1116
2016-06-10|2.62|2.62|2.5|2.61|9298|USD|1117
2016-06-13|2.53|2.64|2.452|2.47|8544|USD|1118
2016-06-14|2.41|2.57|2.25|2.57|6956|USD|1119
2016-06-15|2.54|2.647|2.54|2.61|5340|USD|1120
2016-06-16|2.54|2.65|2.5|2.58|6198|USD|1121
2016-06-17|2.6|2.6|2.51|2.51|2962|USD|1122
2016-06-20|2.59|2.887|2.48|2.5|12279|USD|1123
2016-06-21|2.526|2.58|2.49|2.57|14108|USD|1124
2016-06-22|2.599|2.63|2.5|2.63|29770|USD|1125
2016-06-23|2.56|2.6|2.551|2.57|4359|USD|1126
2016-06-24|2.51|2.56|2.49|2.52|6445|USD|1127
2016-06-27|2.49|2.64|2.49|2.63|8768|USD|1128
2016-06-28|2.61|3.305|2.61|3.14|135874|USD|1129
2016-06-29|3.14|3.256|2.905|2.98|24733|USD|1130
2016-06-30|2.96|2.98|2.67|2.98|11902|USD|1131
2016-07-01|2.84|3.12|2.82|3.12|9384|USD|1132
2016-07-05|3.24|3.25|3.11|3.13|8241|USD|1133
2016-07-06|3.19|3.19|3.01|3.11|8404|USD|1134
2016-07-07|3.06|3.163|2.94|3.03|7314|USD|1135
2016-07-08|3.06|3.086|2.94|3.02|10944|USD|1136
2016-07-11|2.99|3.05|2.95|2.95|3741|USD|1137
2016-07-12|2.94|2.94|2.65|2.65|26521|USD|1138
2016-07-13|2.62|2.639|2.45|2.474|23835|USD|1139
2016-07-14|2.47|2.58|2.42|2.47|14982|USD|1140
2016-07-15|2.42|2.55|2.41|2.55|13391|USD|1141
2016-07-18|2.5|2.669|2.5|2.59|9719|USD|1142
2016-07-19|2.61|2.63|2.52|2.61|4925|USD|1143
2016-07-20|2.61|2.61|2.46|2.57|6481|USD|1144
2016-07-21|2.53|2.53|2.37|2.405|35156|USD|1145
2016-07-22|2.43|2.5|2.43|2.473|799|USD|1146
2016-07-25|2.52|2.52|2.27|2.34|20574|USD|1147
2016-07-26|2.41|2.45|2.31|2.38|7189|USD|1148
2016-07-27|2.407|2.49|2.35|2.49|2541|USD|1149
2016-07-28|2.4|2.52|2.4|2.52|4270|USD|1150
2016-07-29|2.45|2.471|2.41|2.47|6259|USD|1151
2016-08-01|2.4|2.5|2.4|2.48|5825|USD|1152
2016-08-02|2.425|2.46|2.2|2.402|60582|USD|1153
2016-08-03|2.388|2.4|2.375|2.375|783|USD|1154
2016-08-04|2.37|2.37|2.32|2.34|1867|USD|1155
2016-08-05|2.262|2.44|2.262|2.38|20605|USD|1156
2016-08-08|2.3|2.68|2.3|2.51|68283|USD|1157
2016-08-09|2.56|2.64|2.46|2.49|36502|USD|1158
2016-08-10|2.553|2.553|2.34|2.4|15533|USD|1159
2016-08-11|2.48|2.48|2.38|2.41|4050|USD|1160
2016-08-12|2.524|2.6|2.41|2.599|5611|USD|1161
2016-08-15|2.54|2.638|2.32|2.32|13266|USD|1162
2016-08-16|2.33|2.35|2.06|2.14|76711|USD|1163
2016-08-17|2.24|2.24|2.13|2.19|2830|USD|1164
2016-08-18|2.187|2.299|2.14|2.14|15958|USD|1165
2016-08-19|2.32|2.32|2.13|2.176|6407|USD|1166
2016-08-22|2.128|2.17|2.059|2.07|50639|USD|1167
2016-08-23|2.096|2.241|2.05|2.119|5436|USD|1168
2016-08-24|2.06|2.238|2.06|2.1|8423|USD|1169
2016-08-25|2.189|2.189|1.99|2.093|72175|USD|1170
2016-08-26|2.03|2.089|1.79|1.92|71678|USD|1171
2016-08-29|1.94|1.992|1.9|1.9|8346|USD|1172
2016-08-30|1.96|1.98|1.85|1.909|38323|USD|1173
2016-08-31|1.979|1.979|1.83|1.964|9704|USD|1174
2016-09-01|1.91|1.99|1.84|1.99|30279|USD|1175
2016-09-02|1.989|1.989|1.85|1.86|49737|USD|1176
2016-09-06|1.89|1.895|1.67|1.68|94740|USD|1177
2016-09-07|1.76|1.79|1.634|1.69|45914|USD|1178
2016-09-08|1.7|1.79|1.7|1.76|31413|USD|1179
2016-09-09|1.79|1.838|1.748|1.78|8289|USD|1180
2016-09-12|1.81|1.87|1.637|1.7|53927|USD|1181
2016-09-13|1.69|1.858|1.64|1.702|20370|USD|1182
2016-09-14|1.75|1.75|1.64|1.71|23994|USD|1183
2016-09-15|1.7|1.71|1.62|1.652|12849|USD|1184
2016-09-16|1.64|1.68|1.6|1.63|19988|USD|1185
2016-09-19|1.65|1.69|1.65|1.67|5213|USD|1186
2016-09-20|1.714|1.72|1.65|1.7|12905|USD|1187
2016-09-21|1.7|1.722|1.67|1.67|9718|USD|1188
2016-09-22|1.653|1.7|1.55|1.61|146235|USD|1189
2016-09-23|1.62|1.75|1.6|1.7|69296|USD|1190
2016-09-26|1.73|1.763|1.65|1.68|34626|USD|1191
2016-09-27|1.68|1.7|1.63|1.69|82964|USD|1192
2016-09-28|1.7|1.72|1.67|1.69|57863|USD|1193
2016-09-29|1.65|1.68|1.62|1.62|15511|USD|1194
2016-09-30|1.69|1.75|1.58|1.65|59698|USD|1195
2016-10-03|1.68|1.68|1.59|1.68|12057|USD|1196
2016-10-04|1.66|1.66|1.56|1.58|8685|USD|1197
2016-10-05|1.57|1.64|1.55|1.63|5546|USD|1198
2016-10-06|1.58|1.62|1.58|1.6|2769|USD|1199
2016-10-07|1.58|1.6|1.549|1.59|8451|USD|1200
2016-10-10|1.62|1.64|1.6|1.63|5535|USD|1201
2016-10-11|1.575|1.575|1.575|1.575|714|USD|1202
2016-10-12|1.65|1.68|1.59|1.59|12278|USD|1203
2016-10-13|1.654|1.706|1.63|1.64|6396|USD|1204
2016-10-14|1.61|1.686|1.59|1.6|5098|USD|1205
2016-10-17|1.59|1.59|1.52|1.53|13889|USD|1206
2016-10-18|1.55|1.573|1.53|1.53|3424|USD|1207
2016-10-19|1.55|1.564|1.48|1.53|3888|USD|1208
2016-10-20|1.623|1.623|1.52|1.56|8990|USD|1209
2016-10-21|1.52|1.62|1.5|1.56|22178|USD|1210
2016-10-24|1.553|1.6|1.47|1.6|11928|USD|1211
2016-10-25|1.55|1.552|1.48|1.5|54880|USD|1212
2016-10-26|1.5|1.57|1.5|1.56|77165|USD|1213
2016-10-27|1.59|1.68|1.541|1.68|5600|USD|1214
2016-10-28|1.64|1.679|1.55|1.57|5696|USD|1215
2016-10-31|1.56|1.71|1.5|1.56|162331|USD|1216
2016-11-01|1.59|1.64|1.49|1.49|13901|USD|1217
2016-11-02|1.51|1.599|1.48|1.52|29831|USD|1218
2016-11-03|1.6|1.6|1.45|1.47|10919|USD|1219
2016-11-04|1.47|1.576|1.47|1.49|16675|USD|1220
2016-11-07|1.5|1.53|1.472|1.49|6994|USD|1221
2016-11-08|1.5|1.55|1.5|1.53|19620|USD|1222
2016-11-09|1.52|1.56|1.51|1.55|12792|USD|1223
2016-11-10|1.53|1.617|1.53|1.55|37889|USD|1224
2016-11-11|1.55|1.62|1.53|1.53|10629|USD|1225
2016-11-14|1.557|1.64|1.53|1.56|81631|USD|1226
2016-11-15|1.59|1.71|1.525|1.67|287071|USD|1227
2016-11-16|1.7|1.75|1.55|1.66|178852|USD|1228
2016-11-17|1.625|1.705|1.62|1.65|82871|USD|1229
2016-11-18|1.666|1.69|1.59|1.69|25261|USD|1230
2016-11-21|1.693|1.7|1.556|1.56|61290|USD|1231
2016-11-22|1.56|1.68|1.53|1.62|118718|USD|1232
2016-11-23|1.62|1.62|1.54|1.58|36362|USD|1233
2016-11-25|1.57|1.64|1.56|1.583|2096|USD|1234
2016-11-28|1.61|1.66|1.55|1.6|45026|USD|1235
2016-11-29|1.621|1.96|1.56|1.61|363472|USD|1236
2016-11-30|1.69|1.69|1.583|1.6|52537|USD|1237
2016-12-01|1.59|1.65|1.57|1.59|12384|USD|1238
2016-12-02|1.6|1.63|1.572|1.6|6410|USD|1239
2016-12-05|1.614|1.63|1.54|1.62|49477|USD|1240
2016-12-06|1.58|1.766|1.58|1.73|68946|USD|1241
2016-12-07|1.72|1.773|1.58|1.601|72849|USD|1242
2016-12-08|1.6|1.63|1.6|1.6|16482|USD|1243
2016-12-09|1.648|1.677|1.6|1.61|12218|USD|1244
2016-12-12|1.613|1.62|1.585|1.62|28799|USD|1245
2016-12-13|1.6|1.61|1.557|1.6|8625|USD|1246
2016-12-14|1.59|1.6|1.55|1.55|12209|USD|1247
2016-12-15|1.58|1.6|1.56|1.59|9605|USD|1248
2016-12-16|1.58|1.65|1.58|1.6|8131|USD|1249
2016-12-19|1.6|1.637|1.56|1.6|14512|USD|1250
2016-12-20|1.6|1.67|1.58|1.59|33003|USD|1251
2016-12-21|1.6|1.62|1.56|1.59|27416|USD|1252
2016-12-22|1.59|1.62|1.56|1.56|20606|USD|1253
2016-12-23|1.584|1.679|1.56|1.6|56990|USD|1254
2016-12-27|1.63|1.651|1.55|1.57|27308|USD|1255
2016-12-28|1.57|1.591|1.523|1.53|31419|USD|1256
2016-12-29|1.52|1.56|1.22|1.37|166170|USD|1257
2016-12-30|1.38|1.422|1.35|1.42|61309|USD|1258
2017-01-03|1.388|1.57|1.388|1.45|36281|USD|1259
2017-01-04|1.44|1.65|1.42|1.55|84898|USD|1260
2017-01-05|1.57|1.57|1.4|1.46|10396|USD|1261
2017-01-06|1.435|1.485|1.43|1.485|6581|USD|1262
2017-01-09|1.51|1.53|1.4|1.45|12739|USD|1263
2017-01-10|1.48|1.6|1.45|1.532|57424|USD|1264
2017-01-11|1.549|1.647|1.5|1.63|101435|USD|1265
2017-01-12|1.57|1.61|1.5|1.597|27903|USD|1266
2017-01-13|1.56|1.58|1.536|1.55|9274|USD|1267
2017-01-17|1.56|1.614|1.55|1.55|27582|USD|1268
2017-01-18|1.54|1.565|1.52|1.55|38110|USD|1269
2017-01-19|1.52|1.59|1.513|1.52|12929|USD|1270
2017-01-20|1.561|1.561|1.5|1.53|10949|USD|1271
2017-01-23|1.53|1.56|1.51|1.537|19744|USD|1272
2017-01-24|1.51|1.64|1.51|1.64|32037|USD|1273
2017-01-25|1.64|1.8|1.6|1.74|134867|USD|1274
2017-01-26|1.717|1.717|1.64|1.66|12873|USD|1275
2017-01-27|1.67|1.77|1.67|1.7|19243|USD|1276
2017-01-30|1.68|1.765|1.68|1.69|9864|USD|1277
2017-01-31|1.75|1.75|1.68|1.72|6292|USD|1278
2017-02-01|1.74|1.75|1.71|1.73|9556|USD|1279
2017-02-02|1.75|1.766|1.64|1.73|16384|USD|1280
2017-02-03|1.76|1.99|1.71|1.83|232600|USD|1281
2017-02-06|1.82|2.05|1.82|1.88|146443|USD|1282
2017-02-07|1.9|1.9|1.75|1.75|54668|USD|1283
2017-02-08|1.77|1.89|1.77|1.89|51017|USD|1284
2017-02-09|1.92|1.92|1.8|1.87|6196|USD|1285
2017-02-10|1.83|1.847|1.79|1.79|9505|USD|1286
2017-02-13|1.77|1.89|1.77|1.81|11919|USD|1287
2017-02-14|1.783|1.99|1.783|1.91|201392|USD|1288
2017-02-15|1.92|2.0|1.833|1.939|58074|USD|1289
2017-02-16|1.9|1.95|1.79|1.86|16727|USD|1290
2017-02-17|1.87|2.05|1.87|2.0|127869|USD|1291
2017-02-21|2.06|2.06|1.91|1.96|45394|USD|1292
2017-02-22|1.96|1.96|1.71|1.77|39336|USD|1293
2017-02-23|1.75|1.762|1.55|1.62|139935|USD|1294
2017-02-24|1.69|1.7|1.6|1.65|29069|USD|1295
2017-02-27|1.67|1.74|1.61|1.7|36285|USD|1296
2017-02-28|1.694|1.74|1.58|1.7|88633|USD|1297
2017-03-01|1.7|1.72|1.62|1.63|15466|USD|1298
2017-03-02|1.67|1.7|1.64|1.67|18347|USD|1299
2017-03-03|1.723|1.723|1.65|1.67|19984|USD|1300
2017-03-06|1.68|1.72|1.62|1.67|20607|USD|1301
2017-03-07|1.75|1.8|1.66|1.66|27639|USD|1302
2017-03-08|1.71|1.75|1.62|1.68|20516|USD|1303
2017-03-09|1.623|1.73|1.62|1.69|14630|USD|1304
2017-03-10|1.73|1.73|1.63|1.63|5805|USD|1305
2017-03-13|1.66|1.72|1.61|1.63|19320|USD|1306
2017-03-14|1.601|1.689|1.6|1.62|22899|USD|1307
2017-03-15|1.65|1.66|1.57|1.57|22204|USD|1308
2017-03-16|1.618|1.651|1.53|1.57|62615|USD|1309
2017-03-17|1.53|1.639|1.35|1.6|54474|USD|1310
2017-03-20|1.59|1.6|1.51|1.599|8292|USD|1311
2017-03-21|1.511|1.552|1.46|1.461|25749|USD|1312
2017-03-22|1.48|1.67|1.457|1.55|79498|USD|1313
2017-03-23|1.53|1.562|1.51|1.54|19509|USD|1314
2017-03-24|1.55|1.55|1.49|1.52|11915|USD|1315
2017-03-27|1.598|1.64|1.5|1.56|15558|USD|1316
2017-03-28|1.56|1.639|1.54|1.62|28108|USD|1317
2017-03-29|1.615|1.64|1.54|1.615|12784|USD|1318
2017-03-30|1.6|1.6|1.57|1.59|3027|USD|1319
2017-03-31|1.58|1.65|1.58|1.6|5744|USD|1320
2017-04-03|1.59|1.6|1.56|1.575|9702|USD|1321
2017-04-04|1.55|1.63|1.52|1.59|35417|USD|1322
2017-04-05|1.627|1.627|1.54|1.56|5709|USD|1323
2017-04-06|1.54|1.58|1.52|1.58|2788|USD|1324
2017-04-07|1.521|1.66|1.52|1.621|54123|USD|1325
2017-04-10|1.59|1.65|1.56|1.57|6838|USD|1326
2017-04-11|1.55|1.602|1.5|1.5|22549|USD|1327
2017-04-12|1.5|1.53|1.42|1.53|67826|USD|1328
2017-04-13|1.491|1.63|1.49|1.56|38456|USD|1329
2017-04-17|2.05|4.88|2.03|4.8|39044536|USD|1330
2017-04-18|4.02|4.8|3.3|3.49|7389390|USD|1331
2017-04-19|3.27|5.55|3.26|5.1|18642396|USD|1332
2017-04-20|4.63|5.2|4.1|4.27|5563564|USD|1333
2017-04-21|4.25|4.41|3.83|4.0|2680596|USD|1334
2017-04-24|3.89|4.47|3.82|3.94|3608158|USD|1335
2017-04-25|3.94|3.95|3.65|3.75|1087227|USD|1336
2017-04-26|3.75|3.78|3.45|3.64|763884|USD|1337
2017-04-27|3.33|3.74|3.33|3.61|808523|USD|1338
2017-04-28|3.5|3.77|3.4|3.53|606200|USD|1339
2017-05-01|3.74|3.744|3.42|3.6|203246|USD|1340
2017-05-02|3.56|3.6|3.25|3.33|225911|USD|1341
2017-05-03|3.31|3.36|2.85|3.07|491409|USD|1342
2017-05-04|3.09|3.17|2.87|3.03|142975|USD|1343
2017-05-05|3.01|3.16|2.95|3.09|101823|USD|1344
2017-05-08|2.85|3.036|2.79|2.87|174709|USD|1345
2017-05-09|2.8|3.149|2.8|3.01|234975|USD|1346
2017-05-10|3.0|3.43|2.889|3.36|767095|USD|1347
2017-05-11|3.08|3.35|3.08|3.16|247073|USD|1348
2017-05-12|3.19|3.6|3.19|3.47|532083|USD|1349
2017-05-15|3.44|3.62|3.3|3.39|131993|USD|1350
2017-05-16|3.32|3.46|3.23|3.42|74135|USD|1351
2017-05-17|3.37|3.64|3.29|3.52|154004|USD|1352
2017-05-18|3.39|3.615|3.272|3.35|116831|USD|1353
2017-05-19|3.3|3.53|3.29|3.43|131028|USD|1354
2017-05-22|3.41|3.6|3.388|3.55|52399|USD|1355
2017-05-23|3.53|4.36|3.41|4.14|756697|USD|1356
2017-05-24|4.07|4.11|3.72|3.75|446153|USD|1357
2017-05-25|3.57|3.9|3.401|3.81|174392|USD|1358
2017-05-26|3.83|3.87|3.611|3.72|62133|USD|1359
2017-05-30|3.7|3.771|3.59|3.66|34742|USD|1360
2017-05-31|3.67|4.24|3.67|4.12|403846|USD|1361
2017-06-01|3.95|4.36|3.9|4.04|281896|USD|1362
2017-06-02|3.95|4.2|3.94|3.95|70083|USD|1363
2017-06-05|3.93|3.956|3.51|3.82|227217|USD|1364
2017-06-06|3.82|3.85|3.661|3.8|28715|USD|1365
2017-06-07|3.85|3.85|3.58|3.66|52189|USD|1366
2017-06-08|3.65|3.788|3.55|3.56|93292|USD|1367
2017-06-09|3.56|3.79|3.49|3.51|65306|USD|1368
2017-06-12|3.47|3.606|3.4|3.4|111932|USD|1369
2017-06-13|3.41|3.58|3.35|3.374|38012|USD|1370
2017-06-14|3.35|3.431|3.27|3.39|20204|USD|1371
2017-06-15|3.345|3.39|3.26|3.33|39067|USD|1372
2017-06-16|3.26|3.38|3.25|3.27|34813|USD|1373
2017-06-19|3.38|3.38|3.29|3.32|28832|USD|1374
2017-06-20|3.296|3.49|3.261|3.36|39620|USD|1375
2017-06-21|3.32|3.37|3.276|3.33|36509|USD|1376
2017-06-22|3.31|3.4|3.27|3.359|16357|USD|1377
2017-06-23|3.32|3.4|3.27|3.38|32931|USD|1378
2017-06-26|3.38|3.49|3.3|3.33|45768|USD|1379
2017-06-27|3.33|3.43|3.31|3.33|50192|USD|1380
2017-06-28|3.3|3.458|3.27|3.29|39341|USD|1381
2017-06-29|3.25|3.3|2.95|3.0|135456|USD|1382
2017-06-30|2.983|3.21|2.95|2.95|90306|USD|1383
2017-07-03|2.95|2.995|2.8|2.84|42625|USD|1384
2017-07-05|2.9|2.92|2.758|2.81|49940|USD|1385
2017-07-06|2.81|3.01|2.75|2.9|62151|USD|1386
2017-07-07|2.88|2.9|2.809|2.81|14860|USD|1387
2017-07-10|2.79|2.876|2.5|2.53|48212|USD|1388
2017-07-11|2.6|2.75|2.55|2.7|31693|USD|1389
2017-07-12|2.69|2.9|2.689|2.71|29330|USD|1390
2017-07-13|2.69|2.78|2.63|2.7|11305|USD|1391
2017-07-14|2.687|2.802|2.66|2.73|13776|USD|1392
2017-07-17|2.7|2.85|2.64|2.7|30252|USD|1393
2017-07-18|2.78|2.859|2.78|2.818|10948|USD|1394
2017-07-19|2.82|2.83|2.75|2.76|10366|USD|1395
2017-07-20|2.73|2.827|2.73|2.78|13456|USD|1396
2017-07-21|2.75|2.81|2.51|2.63|85997|USD|1397
2017-07-24|2.59|2.78|2.59|2.65|28212|USD|1398
2017-07-25|2.68|2.73|2.64|2.65|16043|USD|1399
2017-07-26|2.661|2.8|2.65|2.74|10171|USD|1400
2017-07-27|2.78|2.81|2.58|2.63|22759|USD|1401
2017-07-28|2.73|2.73|2.5|2.55|20618|USD|1402
2017-07-31|2.5|2.805|2.5|2.62|42241|USD|1403
2017-08-01|2.62|2.76|2.55|2.55|31687|USD|1404
2017-08-02|2.55|2.58|2.347|2.41|26936|USD|1405
2017-08-03|2.423|2.49|2.396|2.48|35033|USD|1406
2017-08-04|2.45|2.48|2.32|2.46|19657|USD|1407
2017-08-07|2.5|2.74|2.48|2.52|37987|USD|1408
2017-08-08|2.55|2.64|2.52|2.6|11330|USD|1409
2017-08-09|2.63|3.582|2.6|2.99|1526955|USD|1410
2017-08-10|2.77|3.1|2.75|2.99|282068|USD|1411
2017-08-11|2.95|2.95|2.65|2.83|130406|USD|1412
2017-08-14|2.7|2.83|2.68|2.7|70940|USD|1413
2017-08-15|2.65|2.9|2.65|2.73|42105|USD|1414
2017-08-16|2.7|2.86|2.7|2.79|15748|USD|1415
2017-08-17|2.8|2.85|2.66|2.72|19751|USD|1416
2017-08-18|2.7|2.76|2.65|2.73|30433|USD|1417
2017-08-21|2.66|2.73|2.66|2.67|15642|USD|1418
2017-08-22|2.7|2.79|2.65|2.75|75053|USD|1419
2017-08-23|2.73|2.77|2.654|2.74|16573|USD|1420
2017-08-24|2.7|2.76|2.65|2.74|23180|USD|1421
2017-08-25|2.7|2.76|2.6|2.73|53557|USD|1422
2017-08-28|2.68|2.77|2.6|2.61|36323|USD|1423
2017-08-29|2.671|2.74|2.64|2.71|27506|USD|1424
2017-08-30|2.67|2.84|2.67|2.808|37974|USD|1425
2017-08-31|2.75|2.8|2.7|2.7|11411|USD|1426
2017-09-01|2.73|2.795|2.65|2.65|18814|USD|1427
2017-09-05|2.95|3.0|2.811|2.85|93990|USD|1428
2017-09-06|2.95|3.0|2.845|2.86|23518|USD|1429
2017-09-07|2.92|2.92|2.8|2.88|26060|USD|1430
2017-09-08|2.98|3.0|2.77|3.0|21531|USD|1431
2017-09-11|2.88|3.05|2.81|2.97|52979|USD|1432
2017-09-12|2.94|3.07|2.94|3.05|13216|USD|1433
2017-09-13|3.07|3.13|2.902|3.08|63220|USD|1434
2017-09-14|3.13|3.13|2.96|3.05|16135|USD|1435
2017-09-15|3.036|3.12|2.9|2.9|10991|USD|1436
2017-09-18|2.9|3.05|2.9|3.04|30024|USD|1437
2017-09-19|3.0|3.1|2.981|3.04|40121|USD|1438
2017-09-20|3.05|3.3|3.05|3.25|49948|USD|1439
2017-09-21|3.28|3.3|3.18|3.23|39332|USD|1440
2017-09-22|3.2|3.28|3.181|3.28|22727|USD|1441
2017-09-25|3.28|3.694|3.2|3.46|212692|USD|1442
2017-09-26|3.49|3.572|3.291|3.44|48036|USD|1443
2017-09-27|3.4|3.49|3.25|3.41|39112|USD|1444
2017-09-28|3.35|3.43|3.22|3.22|23636|USD|1445
2017-09-29|3.24|3.525|3.21|3.44|52585|USD|1446
2017-10-02|3.5|3.53|3.42|3.48|36070|USD|1447
2017-10-03|3.54|3.54|3.35|3.35|22036|USD|1448
2017-10-04|3.33|3.48|3.33|3.39|14135|USD|1449
2017-10-05|3.36|3.48|3.36|3.37|10065|USD|1450
2017-10-06|3.37|3.49|3.341|3.49|19695|USD|1451
2017-10-09|3.48|3.49|3.428|3.46|14708|USD|1452
2017-10-10|3.47|3.65|3.46|3.52|54956|USD|1453
2017-10-11|3.44|3.56|3.44|3.485|34112|USD|1454
2017-10-12|3.45|3.507|3.31|3.31|29853|USD|1455
2017-10-13|3.343|3.35|3.12|3.19|35299|USD|1456
2017-10-16|3.16|3.38|3.16|3.17|13113|USD|1457
2017-10-17|3.23|3.26|3.15|3.19|8612|USD|1458
2017-10-18|3.34|3.34|3.21|3.27|1290|USD|1459
2017-10-19|3.26|3.333|3.16|3.19|14722|USD|1460
2017-10-20|3.176|3.216|3.07|3.103|41491|USD|1461
2017-10-23|3.147|3.25|3.109|3.13|4838|USD|1462
2017-10-24|3.186|3.23|3.07|3.07|20300|USD|1463
2017-10-25|3.05|3.6|3.0|3.22|203786|USD|1464
2017-10-26|3.163|3.31|3.127|3.18|29249|USD|1465
2017-10-27|3.13|3.15|2.91|2.95|66034|USD|1466
2017-10-30|3.143|3.18|2.85|3.15|14768|USD|1467
2017-10-31|3.22|3.22|2.919|2.98|22469|USD|1468
2017-11-01|3.0|3.0|2.9|2.95|18004|USD|1469
2017-11-02|2.95|2.95|2.908|2.92|7602|USD|1470
2017-11-03|2.99|3.0|2.84|2.84|15466|USD|1471
2017-11-06|2.825|2.87|2.7|2.75|38376|USD|1472
2017-11-07|2.73|2.95|2.7|2.71|29537|USD|1473
2017-11-08|2.768|2.89|2.74|2.76|19946|USD|1474
2017-11-09|2.73|2.865|2.69|2.74|18087|USD|1475
2017-11-10|2.713|2.846|2.65|2.73|13293|USD|1476
2017-11-13|2.7|2.809|2.65|2.66|24965|USD|1477
2017-11-14|2.73|2.73|2.39|2.39|119680|USD|1478
2017-11-15|2.39|2.39|2.27|2.34|24213|USD|1479
2017-11-16|2.3|2.373|2.25|2.26|18225|USD|1480
2017-11-17|2.24|2.38|2.24|2.347|26454|USD|1481
2017-11-20|2.35|2.61|2.35|2.51|28807|USD|1482
2017-11-21|2.617|2.73|2.51|2.53|54540|USD|1483
2017-11-22|2.54|2.71|2.458|2.51|25494|USD|1484
2017-11-24|2.5|2.66|2.5|2.63|2542|USD|1485
2017-11-27|2.57|2.594|2.45|2.46|22859|USD|1486
2017-11-28|2.44|2.58|2.42|2.51|7326|USD|1487
2017-11-29|2.56|2.65|2.559|2.6|7466|USD|1488
2017-11-30|2.56|2.6|2.43|2.43|27169|USD|1489
2017-12-01|2.42|2.6|2.4|2.59|47558|USD|1490
2017-12-04|2.6|2.61|2.46|2.5|17440|USD|1491
2017-12-05|2.5|2.53|2.45|2.51|4986|USD|1492
2017-12-06|2.544|2.544|2.39|2.39|17916|USD|1493
2017-12-07|2.459|2.52|2.459|2.51|4397|USD|1494
2017-12-08|2.51|2.66|2.411|2.66|41755|USD|1495
2017-12-11|2.653|2.854|2.653|2.78|19816|USD|1496
2017-12-12|2.83|3.09|2.76|3.0|78119|USD|1497
2017-12-13|3.18|3.25|2.98|3.2|52292|USD|1498
2017-12-14|3.24|3.38|3.02|3.38|74268|USD|1499
2017-12-15|3.34|3.4|3.23|3.3|13573|USD|1500
2017-12-18|3.41|3.55|3.317|3.5|34782|USD|1501
2017-12-19|3.54|3.55|3.33|3.33|24873|USD|1502
2017-12-20|3.5|3.74|3.418|3.68|68256|USD|1503
2017-12-21|3.7|4.25|3.6|4.1|138306|USD|1504
2017-12-22|4.21|4.21|3.8|3.8|59135|USD|1505
2017-12-26|3.77|4.12|3.77|4.04|31410|USD|1506
2017-12-27|4.0|4.11|3.86|4.0|20445|USD|1507
2017-12-28|4.0|4.06|3.81|4.03|39407|USD|1508
2017-12-29|3.97|4.1|3.95|4.01|40304|USD|1509
2018-01-02|3.98|4.082|3.85|3.86|15390|USD|1510
2018-01-03|3.921|4.05|3.7|4.05|28984|USD|1511
2018-01-04|4.02|4.1|3.92|4.09|8698|USD|1512
2018-01-05|4.087|4.14|3.931|4.14|15364|USD|1513
2018-01-08|4.02|4.15|3.88|4.04|15704|USD|1514
2018-01-09|4.0|4.15|4.0|4.15|17225|USD|1515
2018-01-10|4.15|4.15|4.011|4.08|15358|USD|1516
2018-01-11|4.02|4.12|3.919|4.04|19689|USD|1517
2018-01-12|4.01|4.037|3.808|3.89|26472|USD|1518
2018-01-16|3.92|3.98|3.79|3.88|6128|USD|1519
2018-01-17|3.9|3.96|3.73|3.79|9354|USD|1520
2018-01-18|3.79|3.86|3.73|3.82|7496|USD|1521
2018-01-19|4.005|4.005|3.74|3.74|9778|USD|1522
2018-01-22|3.84|3.94|3.7|3.76|6326|USD|1523
2018-01-23|3.74|3.88|3.72|3.73|7035|USD|1524
2018-01-24|3.73|3.96|3.71|3.8|33200|USD|1525
2018-01-25|3.76|3.78|3.65|3.752|23007|USD|1526
2018-01-26|3.65|3.77|3.571|3.66|9512|USD|1527
2018-01-29|3.67|3.96|3.51|3.51|32333|USD|1528
2018-01-30|3.4|3.4|3.16|3.21|49045|USD|1529
2018-01-31|3.31|3.651|3.25|3.57|52652|USD|1530
2018-02-01|3.6|3.653|3.421|3.47|16395|USD|1531
2018-02-02|3.38|3.609|3.38|3.41|18862|USD|1532
2018-02-05|3.46|3.502|3.43|3.489|4986|USD|1533
2018-02-06|3.444|3.444|3.24|3.29|18400|USD|1534
2018-02-07|3.27|3.6|3.26|3.6|65780|USD|1535
2018-02-08|3.61|3.61|3.49|3.49|11354|USD|1536
2018-02-09|3.475|3.53|3.26|3.33|22151|USD|1537
2018-02-12|3.37|3.38|3.25|3.25|7949|USD|1538
2018-02-13|3.31|3.37|3.26|3.3|8139|USD|1539
2018-02-14|3.57|3.57|3.27|3.35|2369|USD|1540
2018-02-15|3.4|3.45|3.3|3.45|6515|USD|1541
2018-02-16|3.45|3.45|3.312|3.373|4390|USD|1542
2018-02-20|3.32|3.34|3.24|3.24|4333|USD|1543
2018-02-21|3.3|3.35|3.247|3.33|7561|USD|1544
2018-02-22|3.35|3.35|3.251|3.34|4210|USD|1545
2018-02-23|3.3|3.39|3.25|3.26|37536|USD|1546
2018-02-26|3.35|3.38|3.26|3.27|10408|USD|1547
2018-02-27|3.27|3.69|3.27|3.49|84576|USD|1548
2018-02-28|3.5|3.65|3.5|3.59|34861|USD|1549
2018-03-01|3.56|3.57|3.41|3.41|8390|USD|1550
2018-03-02|3.4|3.61|3.4|3.57|9106|USD|1551
2018-03-05|3.51|3.65|3.51|3.6|6604|USD|1552
2018-03-06|3.64|3.64|3.46|3.46|12525|USD|1553
2018-03-07|3.45|3.57|3.4|3.4|12380|USD|1554
2018-03-08|3.57|3.57|3.35|3.5|2370|USD|1555
2018-03-09|3.47|3.47|3.371|3.45|7201|USD|1556
2018-03-12|3.41|3.5|3.32|3.37|21291|USD|1557
2018-03-13|3.45|3.58|3.311|3.37|25158|USD|1558
2018-03-14|3.34|3.48|3.32|3.43|12090|USD|1559
2018-03-15|3.46|3.52|3.328|3.47|1936|USD|1560
2018-03-16|3.281|3.453|3.27|3.27|7716|USD|1561
2018-03-19|3.3|3.37|3.26|3.29|7873|USD|1562
2018-03-20|3.3|3.37|3.3|3.317|7533|USD|1563
2018-03-21|3.327|3.336|3.24|3.28|10607|USD|1564
2018-03-22|3.24|3.3|3.24|3.24|10958|USD|1565
2018-03-23|3.29|3.29|3.18|3.19|13126|USD|1566
2018-03-26|3.201|3.201|3.181|3.187|3751|USD|1567
2018-03-27|3.18|3.18|3.15|3.15|8851|USD|1568
2018-03-28|3.08|3.12|2.85|3.1|16510|USD|1569
2018-03-29|3.136|3.2|3.01|3.07|60920|USD|1570
2018-04-02|3.29|3.44|2.99|3.18|70449|USD|1571
2018-04-03|3.341|3.341|3.12|3.17|8537|USD|1572
2018-04-04|3.0|3.19|3.0|3.04|52833|USD|1573
2018-04-05|3.03|3.18|3.0|3.03|3083|USD|1574
2018-04-06|3.12|3.18|3.05|3.1|7471|USD|1575
2018-04-09|3.13|3.2|3.02|3.04|4480|USD|1576
2018-04-10|3.04|3.04|2.71|2.861|17891|USD|1577
2018-04-11|2.85|3.09|2.85|2.99|1492|USD|1578
2018-04-12|2.94|3.05|2.89|2.97|6899|USD|1579
2018-04-13|2.986|3.08|2.88|2.945|2259|USD|1580
2018-04-16|2.99|3.01|2.93|2.93|1623|USD|1581
2018-04-17|2.93|2.99|2.93|2.99|2384|USD|1582
2018-04-18|2.95|3.1|2.87|2.93|31152|USD|1583
2018-04-19|3.01|3.23|2.84|2.846|48256|USD|1584
2018-04-20|2.959|2.97|2.8|2.84|15119|USD|1585
2018-04-23|2.8|2.97|2.79|2.89|6580|USD|1586
2018-04-24|2.966|2.966|2.8|2.8|2682|USD|1587
2018-04-25|2.955|2.955|2.69|2.74|11899|USD|1588
2018-04-26|2.87|2.87|2.731|2.74|3046|USD|1589
2018-04-27|2.766|2.86|2.766|2.79|23115|USD|1590
2018-04-30|2.86|3.014|2.8|2.88|71410|USD|1591
2018-05-01|2.76|2.9|2.75|2.81|9774|USD|1592
2018-05-02|2.859|2.87|2.8|2.81|10141|USD|1593
2018-05-03|2.8|2.84|2.762|2.81|4497|USD|1594
2018-05-04|2.838|2.85|2.76|2.84|23445|USD|1595
2018-05-07|2.734|2.933|2.734|2.85|7777|USD|1596
2018-05-08|2.983|2.983|2.79|2.79|20174|USD|1597
2018-05-09|2.796|2.91|2.79|2.86|12719|USD|1598
2018-05-10|2.83|2.88|2.8|2.8|2764|USD|1599
2018-05-11|2.85|2.9|2.84|2.841|11636|USD|1600
2018-05-14|2.86|2.86|2.761|2.81|9814|USD|1601
2018-05-15|2.754|2.82|2.754|2.79|1251|USD|1602
2018-05-16|2.8|2.824|2.73|2.74|9527|USD|1603
2018-05-17|2.72|2.78|2.72|2.73|2121|USD|1604
2018-05-18|2.72|2.79|2.72|2.73|8392|USD|1605
2018-05-21|2.82|2.82|2.726|2.79|1990|USD|1606
2018-05-22|2.762|2.809|2.76|2.783|5454|USD|1607
2018-05-23|2.813|2.82|2.775|2.819|2995|USD|1608
2018-05-24|2.83|2.96|2.751|2.8|14459|USD|1609
2018-05-25|2.86|2.93|2.71|2.71|4442|USD|1610
2018-05-29|2.71|2.98|2.71|2.923|5580|USD|1611
2018-05-30|2.99|3.114|2.751|2.76|19127|USD|1612
2018-05-31|2.763|2.788|2.72|2.788|5275|USD|1613
2018-06-01|2.73|2.793|2.71|2.77|5155|USD|1614
2018-06-04|2.77|2.77|2.7|2.7|8519|USD|1615
2018-06-05|2.72|2.79|2.72|2.78|2993|USD|1616
2018-06-06|2.789|2.789|2.71|2.71|5009|USD|1617
2018-06-07|2.737|2.743|2.71|2.72|11261|USD|1618
2018-06-08|2.7|2.75|2.7|2.73|3514|USD|1619
2018-06-11|2.71|2.72|2.67|2.71|14495|USD|1620
2018-06-12|2.705|2.705|2.64|2.699|3717|USD|1621
2018-06-13|2.689|2.689|2.56|2.57|11916|USD|1622
2018-06-14|2.51|2.689|2.51|2.61|8856|USD|1623
2018-06-15|2.65|2.65|2.52|2.53|6379|USD|1624
2018-06-18|2.55|2.62|2.52|2.55|4936|USD|1625
2018-06-19|2.586|2.65|2.51|2.52|6169|USD|1626
2018-06-20|2.53|2.62|2.46|2.49|11391|USD|1627
2018-06-21|2.469|2.6|2.42|2.56|28362|USD|1628
2018-06-22|2.51|2.565|2.4|2.56|13556|USD|1629
2018-06-25|2.494|2.55|2.415|2.53|6540|USD|1630
2018-06-26|2.53|2.56|2.53|2.56|275|USD|1631
2018-06-27|2.45|2.5|2.42|2.45|5120|USD|1632
2018-06-28|2.43|2.64|2.43|2.513|5816|USD|1633
2018-06-29|2.56|2.63|2.46|2.46|7750|USD|1634
2018-07-02|2.45|2.55|2.445|2.54|7128|USD|1635
2018-07-03|2.52|2.57|2.48|2.48|2478|USD|1636
2018-07-05|2.4|2.55|2.4|2.46|21530|USD|1637
2018-07-06|2.484|2.525|2.48|2.49|1099|USD|1638
2018-07-09|2.45|2.45|2.425|2.45|5320|USD|1639
2018-07-10|2.435|2.44|2.35|2.35|13600|USD|1640
2018-07-11|2.479|2.479|2.31|2.35|7776|USD|1641
2018-07-12|2.36|2.49|2.36|2.39|3231|USD|1642
2018-07-13|2.35|2.49|2.35|2.37|4377|USD|1643
2018-07-16|2.36|2.36|2.26|2.36|14308|USD|1644
2018-07-17|2.395|2.489|2.395|2.46|2712|USD|1645
2018-07-18|2.425|2.43|2.27|2.28|18783|USD|1646
2018-07-19|2.29|2.32|2.29|2.29|3764|USD|1647
2018-07-20|2.303|2.4|2.301|2.4|2044|USD|1648
2018-07-23|2.38|2.424|2.33|2.33|1763|USD|1649
2018-07-24|2.364|2.427|2.353|2.4|2164|USD|1650
2018-07-25|2.36|2.44|2.33|2.34|11921|USD|1651
2018-07-26|2.38|2.49|2.33|2.456|2718|USD|1652
2018-07-27|2.43|2.52|2.43|2.52|13574|USD|1653
2018-07-30|2.54|2.576|2.457|2.51|1380|USD|1654
2018-07-31|2.48|3.16|2.2|2.37|294367|USD|1655
2018-08-01|2.41|2.505|2.39|2.41|15215|USD|1656
2018-08-02|2.449|2.5|2.35|2.49|11807|USD|1657
2018-08-03|2.44|2.648|2.44|2.51|2349|USD|1658
2018-08-06|2.75|2.75|2.53|2.58|10779|USD|1659
2018-08-07|2.44|2.492|2.27|2.3|37010|USD|1660
2018-08-08|2.32|2.39|2.24|2.33|8229|USD|1661
2018-08-09|2.3|2.4|2.24|2.38|5143|USD|1662
2018-08-10|2.33|2.38|2.15|2.16|8595|USD|1663
2018-08-13|2.254|2.254|1.854|1.99|34820|USD|1664
2018-08-14|2.0|2.139|1.95|2.05|39367|USD|1665
2018-08-15|2.15|2.62|1.921|1.999|239103|USD|1666
2018-08-16|2.003|2.05|1.87|1.99|18479|USD|1667
2018-08-17|1.93|1.97|1.85|1.85|27828|USD|1668
2018-08-20|1.85|2.13|1.76|1.85|30218|USD|1669
2018-08-21|2.129|2.129|1.843|1.903|6213|USD|1670
2018-08-22|1.98|2.05|1.96|2.0|8594|USD|1671
2018-08-23|1.97|1.99|1.95|1.99|6181|USD|1672
2018-08-24|1.92|2.01|1.91|2.006|2996|USD|1673
2018-08-27|1.95|2.02|1.85|1.87|12420|USD|1674
2018-08-28|1.88|1.99|1.88|1.99|9162|USD|1675
2018-08-29|1.96|2.0|1.88|1.97|9140|USD|1676
2018-08-30|2.0|2.0|1.88|1.94|11872|USD|1677
2018-08-31|1.93|2.02|1.91|1.91|14285|USD|1678
2018-09-04|1.93|1.95|1.9|1.95|3470|USD|1679
2018-09-05|1.96|1.96|1.89|1.9|2613|USD|1680
2018-09-06|1.9|1.953|1.77|1.79|12419|USD|1681
2018-09-07|1.79|2.02|1.79|1.895|11490|USD|1682
2018-09-10|1.8|1.887|1.8|1.82|4111|USD|1683
2018-09-11|1.84|1.89|1.78|1.88|12173|USD|1684
2018-09-12|1.876|1.876|1.77|1.77|8061|USD|1685
2018-09-13|1.79|1.87|1.79|1.8|5124|USD|1686
2018-09-14|1.87|1.87|1.79|1.79|598|USD|1687
2018-09-17|1.86|1.87|1.83|1.86|4568|USD|1688
2018-09-18|1.88|2.0|1.81|1.95|8624|USD|1689
2018-09-19|2.0|2.0|1.82|1.86|2093|USD|1690
2018-09-20|1.899|1.99|1.819|1.94|5077|USD|1691
2018-09-21|1.91|1.98|1.91|1.98|6468|USD|1692
2018-09-24|1.95|2.1|1.95|2.01|15960|USD|1693
2018-09-25|1.98|2.07|1.94|1.952|5439|USD|1694
2018-09-26|2.0|2.05|1.956|2.01|9615|USD|1695
2018-09-27|2.07|2.07|2.021|2.021|2016|USD|1696
2018-09-28|1.993|2.09|1.97|2.01|2523|USD|1697
2018-10-01|2.06|2.08|1.988|2.08|3569|USD|1698
2018-10-02|2.028|2.034|2.012|2.03|1654|USD|1699
2018-10-03|2.065|2.07|1.97|1.97|4809|USD|1700
2018-10-04|2.04|2.04|1.97|2.01|4519|USD|1701
2018-10-05|1.984|1.984|1.984|1.984|225|USD|1702
2018-10-08|1.95|1.98|1.95|1.98|2333|USD|1703
2018-10-09|2.0|2.0|1.96|1.97|7650|USD|1704
2018-10-10|2.0|2.0|1.8|1.981|9223|USD|1705
2018-10-11|1.87|1.954|1.87|1.89|2982|USD|1706
2018-10-12|1.81|1.95|1.77|1.86|24455|USD|1707
2018-10-15|1.9|1.9|1.79|1.8|6744|USD|1708
2018-10-16|1.84|1.87|1.77|1.8|7858|USD|1709
2018-10-17|1.85|1.85|1.65|1.7|7258|USD|1710
2018-10-18|1.667|1.86|1.666|1.69|4527|USD|1711
2018-10-19|1.7|1.8|1.67|1.67|16798|USD|1712
2018-10-22|1.68|1.78|1.65|1.65|6790|USD|1713
2018-10-23|1.59|1.806|1.56|1.6|6781|USD|1714
2018-10-24|1.6|1.61|1.6|1.61|1287|USD|1715
2018-10-25|1.62|1.649|1.56|1.56|4437|USD|1716
2018-10-26|1.58|1.7|1.543|1.628|13145|USD|1717
2018-10-29|1.82|1.84|1.58|1.669|12144|USD|1718
2018-10-30|1.608|1.712|1.608|1.712|527|USD|1719
2018-10-31|1.747|1.747|1.59|1.69|1871|USD|1720
2018-11-01|1.732|1.825|1.73|1.8|1986|USD|1721
2018-11-02|1.791|1.791|1.7|1.75|3695|USD|1722
2018-11-05|1.79|1.791|1.69|1.69|2994|USD|1723
2018-11-06|1.77|1.84|1.736|1.75|3042|USD|1724
2018-11-07|1.767|1.79|1.717|1.76|1568|USD|1725
2018-11-08|1.79|1.79|1.718|1.74|717|USD|1726
2018-11-09|1.79|1.79|1.78|1.78|589|USD|1727
2018-11-12|1.71|1.73|1.67|1.7|8841|USD|1728
2018-11-13|1.618|1.73|1.618|1.69|3638|USD|1729
2018-11-14|1.71|1.72|1.62|1.69|6167|USD|1730
2018-11-15|1.67|1.73|1.67|1.73|2981|USD|1731
2018-11-16|1.74|1.801|1.66|1.73|6884|USD|1732
2018-11-19|1.8|1.81|1.695|1.81|4047|USD|1733
2018-11-20|1.7|1.7|1.615|1.63|10813|USD|1734
2018-11-21|1.63|1.72|1.63|1.72|1796|USD|1735
2018-11-23|1.78|1.84|1.773|1.84|2767|USD|1736
2018-11-26|1.84|1.84|1.69|1.69|15267|USD|1737
2018-11-27|1.76|1.79|1.63|1.742|10567|USD|1738
2018-11-28|1.75|1.8|1.66|1.66|4647|USD|1739
2018-11-29|1.692|2.0|1.669|1.81|8320|USD|1740
2018-11-30|1.83|2.0|1.83|1.87|22970|USD|1741
2018-12-03|1.982|2.06|1.9|2.025|36174|USD|1742
2018-12-04|2.05|2.06|1.98|1.98|3552|USD|1743
2018-12-06|1.94|2.028|1.94|1.99|5020|USD|1744
2018-12-07|2.019|2.03|1.98|2.03|2352|USD|1745
2018-12-10|1.95|1.999|1.79|1.79|8083|USD|1746
2018-12-11|1.81|1.95|1.81|1.82|1295|USD|1747
2018-12-12|1.809|1.95|1.8|1.81|2196|USD|1748
2018-12-13|1.81|1.81|1.81|1.81|348|USD|1749
2018-12-14|1.71|1.871|1.71|1.71|4479|USD|1750
2018-12-17|1.719|1.755|1.6|1.6|3441|USD|1751
2018-12-18|1.63|1.78|1.62|1.62|4150|USD|1752
2018-12-19|1.669|1.67|1.59|1.6|3764|USD|1753
2018-12-20|1.59|1.597|1.55|1.57|17574|USD|1754
2018-12-21|1.568|1.592|1.46|1.46|18163|USD|1755
2018-12-24|1.45|1.45|1.08|1.27|20844|USD|1756
2018-12-26|1.41|1.41|1.3|1.32|12685|USD|1757
2018-12-27|1.285|1.294|1.15|1.15|28665|USD|1758
2018-12-28|1.15|1.23|1.08|1.08|30635|USD|1759
2018-12-31|1.1|1.138|1.01|1.01|46841|USD|1760
2019-01-02|1.0|1.248|1.0|1.24|6417|USD|1761
2019-01-03|1.34|1.34|1.169|1.33|4161|USD|1762
2019-01-04|1.266|1.33|1.26|1.3|6678|USD|1763
2019-01-07|1.34|1.38|1.283|1.38|4683|USD|1764
2019-01-08|1.37|1.37|1.06|1.2|8185|USD|1765
2019-01-09|1.206|1.35|1.206|1.245|9778|USD|1766
2019-01-10|1.3|1.338|1.3|1.327|2868|USD|1767
2019-01-11|1.3|1.35|1.3|1.3|3603|USD|1768
2019-01-14|1.57|1.74|1.317|1.432|31712|USD|1769
2019-01-15|1.492|1.51|1.3|1.384|9195|USD|1770
2019-01-16|1.33|1.47|1.313|1.317|4216|USD|1771
2019-01-17|1.33|1.55|1.33|1.49|4803|USD|1772
2019-01-18|1.473|1.473|1.431|1.46|2478|USD|1773
2019-01-22|1.5|1.55|1.44|1.46|6832|USD|1774
2019-01-23|1.45|1.45|1.45|1.45|2859|USD|1775
2019-01-24|1.44|1.49|1.37|1.49|6428|USD|1776
2019-01-25|1.46|1.48|1.411|1.473|1429|USD|1777
2019-01-28|1.41|1.41|1.41|1.41|1055|USD|1778
2019-01-29|1.468|1.48|1.444|1.47|3733|USD|1779
2019-01-30|1.549|1.65|1.491|1.573|6412|USD|1780
2019-01-31|1.5|1.623|1.5|1.61|2079|USD|1781
2019-02-01|1.594|1.594|1.15|1.33|24404|USD|1782
2019-02-04|1.4|1.4|1.341|1.39|7506|USD|1783
2019-02-05|1.394|1.394|1.27|1.394|3916|USD|1784
2019-02-06|1.4|1.4|1.39|1.39|399|USD|1785
2019-02-07|1.4|1.496|1.39|1.445|7338|USD|1786
2019-02-08|1.54|1.61|1.494|1.531|4857|USD|1787
2019-02-11|1.41|1.588|1.41|1.45|1901|USD|1788
2019-02-12|1.57|1.57|1.489|1.489|2621|USD|1789
2019-02-13|1.53|1.55|1.53|1.55|890|USD|1790
2019-02-14|1.61|1.61|1.38|1.38|21849|USD|1791
2019-02-15|1.411|1.436|1.38|1.39|967|USD|1792
2019-02-19|1.4|1.44|1.39|1.44|2483|USD|1793
2019-02-20|1.44|1.528|1.31|1.38|3908|USD|1794
2019-02-21|1.33|1.355|1.33|1.355|3795|USD|1795
2019-02-22|1.29|1.33|1.27|1.33|8510|USD|1796
2019-02-25|1.296|1.296|1.28|1.292|854|USD|1797
2019-02-26|1.28|1.28|1.21|1.25|2948|USD|1798
2019-02-27|1.26|1.3|1.26|1.26|8657|USD|1799
2019-02-28|1.28|1.28|1.2|1.21|5857|USD|1800
2019-03-01|1.2|1.36|1.2|1.35|11073|USD|1801
2019-03-04|1.28|1.305|1.212|1.25|2879|USD|1802
2019-03-05|1.3|1.423|1.25|1.25|13075|USD|1803
2019-03-06|1.3|1.3|1.25|1.274|6184|USD|1804
2019-03-07|1.4|2.16|1.39|2.038|128606|USD|1805
2019-03-08|2.08|2.12|1.703|1.74|102361|USD|1806
2019-03-11|1.74|1.9|1.74|1.755|13808|USD|1807
2019-03-12|1.76|1.88|1.72|1.72|19873|USD|1808
2019-03-13|1.73|1.881|1.72|1.738|3845|USD|1809
2019-03-14|1.73|1.73|1.65|1.73|6066|USD|1810
2019-03-15|1.79|1.79|1.65|1.65|8410|USD|1811
2019-03-18|1.69|1.76|1.65|1.76|5955|USD|1812
2019-03-19|1.75|1.75|1.62|1.62|3761|USD|1813
2019-03-20|1.67|1.79|1.628|1.7|3915|USD|1814
2019-03-21|1.7|1.792|1.64|1.67|20357|USD|1815
2019-03-22|1.63|1.72|1.58|1.62|8228|USD|1816
2019-03-25|1.62|1.63|1.6|1.6|1477|USD|1817
2019-03-26|1.56|1.74|1.56|1.73|4696|USD|1818
2019-03-27|1.75|1.758|1.6|1.69|4763|USD|1819
2019-03-28|1.64|1.7|1.6|1.7|14374|USD|1820
2019-03-29|1.7|1.7|1.64|1.68|5574|USD|1821
2019-04-01|1.669|1.692|1.601|1.601|4295|USD|1822
2019-04-02|1.608|1.69|1.6|1.67|13562|USD|1823
2019-04-03|1.69|1.69|1.61|1.61|1901|USD|1824
2019-04-04|1.64|1.7|1.611|1.611|7319|USD|1825
2019-04-05|1.62|1.691|1.61|1.689|8479|USD|1826
2019-04-08|1.68|1.7|1.61|1.665|3085|USD|1827
2019-04-09|1.66|1.66|1.618|1.618|1284|USD|1828
2019-04-10|1.65|1.65|1.61|1.61|3172|USD|1829
2019-04-11|1.62|1.67|1.61|1.63|6669|USD|1830
2019-04-12|1.6|1.67|1.6|1.624|15329|USD|1831
2019-04-15|1.608|1.625|1.566|1.6|14187|USD|1832
2019-04-16|1.57|1.6|1.54|1.54|11754|USD|1833
2019-04-17|1.53|1.545|1.48|1.48|6817|USD|1834
2019-04-18|1.48|1.55|1.48|1.51|2006|USD|1835
2019-04-22|1.49|1.49|1.43|1.44|8599|USD|1836
2019-04-23|1.43|1.79|1.4|1.58|776547|USD|1837
2019-04-24|1.64|1.64|1.406|1.44|63102|USD|1838
2019-04-25|1.452|1.489|1.44|1.45|9560|USD|1839
2019-04-26|1.54|1.549|1.42|1.543|10447|USD|1840
2019-04-29|1.5|1.52|1.42|1.44|18298|USD|1841
2019-04-30|1.45|1.49|1.42|1.42|13887|USD|1842
2019-05-01|1.438|1.47|1.42|1.43|42019|USD|1843
2019-05-02|1.41|1.5|1.41|1.49|17634|USD|1844
2019-05-03|1.5|1.59|1.45|1.59|22051|USD|1845
2019-05-06|1.49|1.607|1.45|1.47|23837|USD|1846
2019-05-07|1.45|1.62|1.42|1.55|25737|USD|1847
2019-05-08|1.553|1.62|1.55|1.558|5120|USD|1848
2019-05-09|1.55|1.6|1.55|1.57|8156|USD|1849
2019-05-10|1.57|1.67|1.5|1.67|11298|USD|1850
2019-05-13|1.65|1.68|1.6|1.63|12165|USD|1851
2019-05-14|1.672|1.7|1.63|1.7|20196|USD|1852
2019-05-15|1.7|1.7|1.59|1.69|10724|USD|1853
2019-05-16|1.6|1.67|1.57|1.614|1725|USD|1854
2019-05-17|1.58|1.6|1.5|1.6|1634|USD|1855
2019-05-20|1.52|1.59|1.5|1.531|3792|USD|1856
2019-05-21|1.49|1.56|1.49|1.5|3710|USD|1857
2019-05-22|1.57|1.57|1.49|1.49|1688|USD|1858
2019-05-23|1.508|1.508|1.508|1.508|422|USD|1859
2019-05-24|1.53|1.53|1.47|1.47|1099|USD|1860
2019-05-28|1.449|1.46|1.449|1.458|1727|USD|1861
2019-05-29|1.41|1.421|1.41|1.41|17974|USD|1862
2019-05-30|1.427|1.45|1.427|1.45|14586|USD|1863
2019-05-31|1.411|1.47|1.411|1.47|7009|USD|1864
2019-06-03|1.47|1.52|1.437|1.52|5368|USD|1865
2019-06-04|1.53|1.63|1.53|1.628|17373|USD|1866
2019-06-05|1.568|1.67|1.56|1.6|8120|USD|1867
2019-06-06|1.68|1.69|1.524|1.524|1329|USD|1868
2019-06-07|1.6|1.7|1.6|1.635|7987|USD|1869
2019-06-10|1.59|1.659|1.45|1.534|8373|USD|1870
2019-06-11|1.44|1.51|1.44|1.51|938|USD|1871
2019-06-12|1.44|1.472|1.44|1.472|2705|USD|1872
2019-06-13|1.43|1.5|1.43|1.5|1112|USD|1873
2019-06-14|1.44|1.542|1.44|1.477|3850|USD|1874
2019-06-17|1.45|1.55|1.45|1.53|2889|USD|1875
2019-06-18|1.54|1.593|1.47|1.593|1507|USD|1876
2019-06-19|1.504|1.55|1.41|1.55|3961|USD|1877
2019-06-20|1.549|1.55|1.508|1.55|714|USD|1878
2019-06-21|1.495|1.538|1.493|1.498|2320|USD|1879
2019-06-24|1.48|1.62|1.48|1.54|813|USD|1880
2019-06-25|1.555|1.67|1.555|1.67|1955|USD|1881
2019-06-26|1.6|1.63|1.45|1.6|5865|USD|1882
2019-06-27|1.6|1.68|1.52|1.6|6254|USD|1883
2019-06-28|1.49|1.64|1.45|1.45|13650|USD|1884
2019-07-01|1.5|1.5|1.48|1.48|1299|USD|1885
2019-07-02|1.55|1.55|1.45|1.46|12209|USD|1886
2019-07-03|1.46|1.5|1.45|1.5|6324|USD|1887
2019-07-05|1.5|1.521|1.5|1.521|4144|USD|1888
2019-07-08|1.5|1.518|1.5|1.518|1284|USD|1889
2019-07-09|1.45|1.501|1.45|1.5|3695|USD|1890
2019-07-11|1.5|1.6|1.5|1.51|3529|USD|1891
2019-07-12|1.51|1.6|1.46|1.46|4308|USD|1892
2019-07-15|1.46|1.53|1.45|1.49|6808|USD|1893
2019-07-16|1.5|1.51|1.47|1.49|1158|USD|1894
2019-07-17|1.49|1.51|1.45|1.51|1668|USD|1895
2019-07-18|1.53|1.53|1.46|1.47|1639|USD|1896
2019-07-19|1.49|1.49|1.49|1.49|205|USD|1897
2019-07-22|1.45|1.487|1.45|1.461|3625|USD|1898
2019-07-23|1.457|1.48|1.45|1.476|2539|USD|1899
2019-07-24|1.49|1.49|1.49|1.49|0|USD|1900
2019-07-25|1.48|1.48|1.47|1.47|3814|USD|1901
2019-07-26|1.45|1.5|1.45|1.46|3828|USD|1902
2019-07-29|1.6|1.6|1.41|1.41|16041|USD|1903
2019-07-30|1.6|1.6|1.5|1.5|1277|USD|1904
2019-07-31|1.6|1.6|1.508|1.57|5057|USD|1905
2019-08-01|1.45|1.49|1.43|1.45|1727|USD|1906
2019-08-02|1.42|1.5|1.42|1.435|4153|USD|1907
2019-08-05|1.469|1.469|1.421|1.44|3009|USD|1908
2019-08-06|1.43|1.44|1.42|1.43|5027|USD|1909
2019-08-07|1.429|1.431|1.41|1.422|15617|USD|1910
2019-08-08|1.41|1.42|1.41|1.41|3085|USD|1911
2019-08-09|1.41|1.422|1.41|1.41|1864|USD|1912
2019-08-12|1.44|1.44|1.41|1.42|1820|USD|1913
2019-08-13|1.42|1.44|1.42|1.42|1910|USD|1914
2019-08-14|1.427|1.427|1.427|1.427|905|USD|1915
2019-08-15|1.42|1.42|1.42|1.42|204|USD|1916
2019-08-16|1.41|1.425|1.41|1.41|4438|USD|1917
2019-08-19|1.42|1.51|1.42|1.42|10366|USD|1918
2019-08-20|1.427|1.502|1.427|1.43|3737|USD|1919
2019-08-21|1.422|1.422|1.41|1.41|4697|USD|1920
2019-08-22|1.42|1.429|1.42|1.429|512|USD|1921
2019-08-23|1.42|1.518|1.41|1.41|21650|USD|1922
2019-08-26|1.41|1.44|1.41|1.44|7335|USD|1923
2019-08-27|1.418|1.43|1.417|1.42|2185|USD|1924
2019-08-28|1.438|1.44|1.41|1.41|9599|USD|1925
2019-08-29|1.41|1.41|1.41|1.41|14342|USD|1926
2019-08-30|1.411|1.413|1.41|1.41|1364|USD|1927
2019-09-03|1.4|1.42|1.4|1.401|3665|USD|1928
2019-09-04|1.4|1.41|1.176|1.217|29557|USD|1929
2019-09-05|1.36|1.38|1.2|1.38|9783|USD|1930
2019-09-06|1.323|1.349|1.3|1.3|7758|USD|1931
2019-09-09|1.25|1.298|1.21|1.244|8299|USD|1932
2019-09-10|1.234|1.24|1.17|1.17|18589|USD|1933
2019-09-11|1.17|1.21|1.043|1.21|38635|USD|1934
2019-09-12|1.1|1.197|1.01|1.02|31810|USD|1935
2019-09-13|1.01|1.075|1.01|1.07|5931|USD|1936
2019-09-16|1.07|1.086|1.03|1.086|3979|USD|1937
2019-09-17|1.03|1.15|1.03|1.03|5184|USD|1938
2019-09-18|1.03|1.1|1.03|1.03|6819|USD|1939
2019-09-19|1.03|1.045|1.03|1.03|3035|USD|1940
2019-09-20|1.04|1.08|1.03|1.08|17348|USD|1941
2019-09-23|1.08|1.09|1.05|1.06|5303|USD|1942
2019-09-24|1.03|1.065|1.03|1.037|7428|USD|1943
2019-09-25|1.055|1.319|1.05|1.1|101560|USD|1944
2019-09-26|1.19|1.24|1.04|1.04|34594|USD|1945
2019-09-27|1.03|1.12|1.01|1.01|10848|USD|1946
2019-09-30|1.025|1.05|1.0|1.01|17379|USD|1947
2019-10-01|1.0|1.02|1.0|1.02|6941|USD|1948
2019-10-02|1.014|1.04|1.0|1.0|11080|USD|1949
2019-10-03|1.0|1.05|1.0|1.0|6337|USD|1950
2019-10-04|1.0|1.02|1.0|1.02|3170|USD|1951
2019-10-07|1.01|1.04|1.004|1.01|4277|USD|1952
2019-10-08|1.01|1.02|1.0|1.004|10703|USD|1953
2019-10-09|1.005|1.006|1.001|1.004|1108|USD|1954
2019-10-10|1.0|1.013|1.0|1.0|1726|USD|1955
2019-10-11|1.0|1.016|0.985|0.985|7297|USD|1956
2019-10-14|0.997|1.04|0.95|0.965|7354|USD|1957
2019-10-15|0.955|0.955|0.82|0.85|50028|USD|1958
2019-10-16|0.85|0.85|0.65|0.679|64072|USD|1959
2019-10-17|0.7|0.875|0.64|0.875|151266|USD|1960
2019-10-18|0.88|0.88|0.65|0.785|27980|USD|1961
2019-10-21|0.762|0.85|0.71|0.815|10276|USD|1962
2019-10-22|0.84|0.84|0.704|0.76|8851|USD|1963
2019-10-23|0.728|0.787|0.7|0.787|2982|USD|1964
2019-10-24|0.791|0.811|0.67|0.749|20083|USD|1965
2019-10-25|0.699|0.72|0.695|0.702|11717|USD|1966
2019-10-28|0.7|0.7|0.68|0.685|8271|USD|1967
2019-10-29|0.65|0.721|0.65|0.68|11429|USD|1968
2019-10-30|0.65|0.666|0.65|0.66|1598|USD|1969
2019-10-31|0.63|0.698|0.63|0.67|3192|USD|1970
2019-11-01|0.7|0.7|0.66|0.668|3713|USD|1971
2019-11-04|0.635|0.695|0.62|0.655|6059|USD|1972
2019-11-05|0.68|0.69|0.655|0.655|4159|USD|1973
2019-11-06|0.671|0.679|0.63|0.642|10727|USD|1974
2019-11-07|0.667|0.67|0.631|0.632|3143|USD|1975
2019-11-08|0.62|0.65|0.62|0.65|3544|USD|1976
2019-11-11|0.649|0.659|0.649|0.659|1584|USD|1977
2019-11-12|0.643|0.643|0.62|0.63|3193|USD|1978
2019-11-13|0.6|0.621|0.6|0.6|8850|USD|1979
2019-11-14|0.594|0.597|0.569|0.569|14502|USD|1980
2019-11-15|0.58|0.62|0.514|0.514|19259|USD|1981
2019-11-18|0.5|0.58|0.5|0.519|11031|USD|1982
2019-11-19|0.55|0.58|0.545|0.555|3281|USD|1983
2019-11-20|0.57|0.58|0.54|0.54|16893|USD|1984
2019-11-21|0.57|0.57|0.5|0.522|17284|USD|1985
2019-11-22|0.519|0.53|0.5|0.53|13950|USD|1986
2019-11-25|0.5|0.64|0.5|0.637|93421|USD|1987
2019-11-26|0.71|1.19|0.68|0.937|1201805|USD|1988
2019-11-27|0.91|0.94|0.751|0.876|160260|USD|1989
2019-11-29|0.876|0.97|0.833|0.97|21222|USD|1990
2019-12-02|0.97|1.018|0.76|0.851|112332|USD|1991
2019-12-03|0.86|0.898|0.74|0.78|21283|USD|1992
2019-12-04|0.755|0.78|0.691|0.77|17239|USD|1993
2019-12-05|0.69|0.74|0.68|0.74|26333|USD|1994
2019-12-06|0.74|0.74|0.66|0.66|4839|USD|1995
2019-12-09|0.693|0.74|0.66|0.74|4623|USD|1996
2019-12-10|0.74|0.74|0.66|0.7|22794|USD|1997
2019-12-11|0.663|0.74|0.663|0.74|21286|USD|1998
2019-12-12|0.663|0.718|0.663|0.71|14727|USD|1999
2019-12-13|0.74|0.799|0.701|0.705|10185|USD|2000
2019-12-16|0.702|0.735|0.702|0.705|887|USD|2001
2019-12-17|0.7|0.774|0.7|0.701|4484|USD|2002
2019-12-18|0.7|0.714|0.7|0.714|22739|USD|2003
2019-12-19|0.701|0.735|0.7|0.72|12986|USD|2004
2019-12-20|0.71|0.72|0.668|0.704|16969|USD|2005
2019-12-23|0.704|0.71|0.658|0.7|18716|USD|2006
2019-12-24|0.7|0.704|0.658|0.658|4985|USD|2007
2019-12-26|0.67|0.67|0.551|0.57|47188|USD|2008
2019-12-27|0.575|0.635|0.575|0.585|145790|USD|2009
2019-12-30|0.581|0.63|0.581|0.59|79495|USD|2010
2019-12-31|0.57|0.64|0.564|0.602|29137|USD|2011
2020-01-02|0.621|0.63|0.6|0.615|8817|USD|2012
2020-01-03|0.6|0.615|0.585|0.585|29507|USD|2013
2020-01-06|0.59|0.59|0.515|0.57|14973|USD|2014
2020-01-07|0.599|0.64|0.562|0.598|10834|USD|2015
2020-01-08|0.6|0.699|0.576|0.65|9047|USD|2016
2020-01-09|0.624|0.67|0.598|0.605|13643|USD|2017
2020-01-10|0.608|0.679|0.608|0.62|31989|USD|2018
2020-01-13|0.62|1.08|0.62|0.96|472245|USD|2019
2020-01-14|1.02|1.04|0.81|0.835|116553|USD|2020
2020-01-15|0.7503|1.0|0.701|0.95|72933|USD|2021
2020-01-16|1.05|1.05|0.8002|0.842|64131|USD|2022
2020-01-17|0.9199|1.14|0.87|1.07|118462|USD|2023
2020-01-21|1.28|1.28|1.0|1.13|435223|USD|2024
2020-01-22|1.15|1.15|0.93|1.0|71844|USD|2025
2020-01-23|1.09|1.1198|1.02|1.0932|95590|USD|2026
2020-01-24|1.09|1.35|1.08|1.32|380649|USD|2027
2020-01-27|3.11|4.9|2.72|4.1|14257872|USD|2028
2020-01-28|3.45|3.8|2.69|2.79|2747197|USD|2029
2020-01-29|2.7|2.76|2.13|2.23|1442216|USD|2030
2020-01-30|2.54|3.5|2.4|3.15|4504780|USD|2031
2020-01-31|3.65|4.65|3.32|4.23|9567241|USD|2032
2020-02-03|3.33|3.5|2.8801|2.91|1515353|USD|2033
2020-02-04|2.69|2.6913|2.05|2.44|1337511|USD|2034
2020-02-05|2.23|3.13|2.23|2.59|1636610|USD|2035
2020-02-06|2.47|2.51|2.13|2.15|552818|USD|2036
2020-02-07|2.27|2.34|2.1711|2.22|400061|USD|2037
2020-02-10|2.22|2.35|1.9207|2.15|701700|USD|2038
2020-02-11|2.1|2.39|2.09|2.19|562652|USD|2039
2020-02-12|2.18|2.29|2.0|2.02|401238|USD|2040
2020-02-13|2.45|2.45|2.05|2.11|1051782|USD|2041
2020-02-14|2.06|2.1193|2.0019|2.08|259696|USD|2042
2020-02-18|2.06|2.11|2.01|2.11|194021|USD|2043
2020-02-19|2.05|2.08|2.01|2.07|190909|USD|2044
2020-02-20|2.03|2.0692|1.85|1.94|339057|USD|2045
2020-02-21|1.91|2.09|1.9|1.99|348512|USD|2046
2020-02-24|2.26|2.37|2.13|2.27|993916|USD|2047
2020-02-25|2.03|2.29|2.02|2.28|381906|USD|2048
2020-02-26|2.28|3.62|2.2218|3.39|4129086|USD|2049
2020-02-27|4.0|5.0|2.97|3.6|6172768|USD|2050
2020-02-28|4.09|4.15|2.97|3.34|1488095|USD|2051
2020-03-02|3.46|3.53|2.46|2.9|956533|USD|2052
2020-03-03|2.61|2.9899|2.5|2.92|1130929|USD|2053
2020-03-04|2.81|2.97|2.52|2.7|558044|USD|2054
2020-03-05|2.78|3.0923|2.6|2.89|772551|USD|2055
2020-03-06|2.94|3.85|2.9|3.6|2930625|USD|2056
2020-03-09|3.69|3.7499|2.9|2.95|1111701|USD|2057
2020-03-10|2.9|3.1|2.36|2.5|492644|USD|2058
2020-03-11|2.6|3.35|2.56|3.15|754208|USD|2059
2020-03-12|3.28|3.35|2.66|2.82|346464|USD|2060
2020-03-13|2.74|2.8299|2.3|2.33|429182|USD|2061
2020-03-16|2.22|2.28|1.9518|2.01|169732|USD|2062
2020-03-17|2.21|2.22|1.9921|2.05|174830|USD|2063
2020-03-18|1.95|2.15|1.91|1.98|188094|USD|2064
2020-03-19|2.01|2.12|2.01|2.08|115448|USD|2065
2020-03-20|2.1|2.15|1.9|1.92|149797|USD|2066
2020-03-23|1.93|1.99|1.8|1.83|106908|USD|2067
2020-03-24|1.8|1.82|1.605|1.65|169697|USD|2068
2020-03-25|1.62|1.62|1.495|1.52|184125|USD|2069
2020-03-26|1.61|1.72|1.58|1.69|133663|USD|2070
2020-03-27|1.82|1.9|1.71|1.79|339977|USD|2071
2020-03-30|1.77|1.87|1.72|1.8|76212|USD|2072
2020-03-31|1.73|1.7967|1.62|1.66|57616|USD|2073
2020-04-01|1.61|1.77|1.27|1.6501|256703|USD|2074
2020-04-02|1.72|1.72|1.51|1.53|86255|USD|2075
2020-04-03|1.5|1.9|1.47|1.68|257571|USD|2076
2020-04-06|1.67|1.67|1.54|1.62|81974|USD|2077
2020-04-07|1.51|1.61|1.5|1.53|128124|USD|2078
2020-04-08|1.52|1.61|1.49|1.61|121698|USD|2079
2020-04-09|1.59|1.685|1.54|1.57|68755|USD|2080
2020-04-13|1.47|1.64|1.45|1.58|162848|USD|2081
2020-04-14|1.55|1.99|1.537|1.8271|848220|USD|2082
2020-04-15|1.83|1.86|1.65|1.73|129937|USD|2083
2020-04-16|1.7|1.72|1.56|1.57|132155|USD|2084
2020-04-17|1.63|1.78|1.6|1.68|260698|USD|2085
2020-04-20|1.77|1.77|1.55|1.57|177173|USD|2086
2020-04-21|1.64|1.66|1.54|1.65|94067|USD|2087
2020-04-22|1.67|1.67|1.6|1.65|84784|USD|2088
2020-04-23|1.66|1.67|1.6|1.61|51773|USD|2089
2020-04-24|1.62|1.64|1.55|1.5942|70362|USD|2090
2020-04-27|1.61|1.75|1.61|1.69|268734|USD|2091
2020-04-28|1.7|1.7499|1.645|1.7|125774|USD|2092
2020-04-29|1.78|1.79|1.65|1.75|178053|USD|2093
2020-04-30|1.75|1.78|1.65|1.685|91974|USD|2094
2020-05-01|1.66|1.71|1.6|1.68|212771|USD|2095
2020-05-04|1.7|1.7294|1.62|1.71|75571|USD|2096
2020-05-05|1.71|1.78|1.66|1.69|128943|USD|2097
2020-05-06|1.69|1.7081|1.65|1.674|34952|USD|2098
2020-05-07|1.73|1.73|1.64|1.67|33896|USD|2099
2020-05-08|1.7|1.7|1.61|1.61|56066|USD|2100
2020-05-11|1.68|1.71|1.64|1.68|85811|USD|2101
2020-05-12|1.72|2.6|1.71|2.16|1461790|USD|2102
2020-05-13|2.15|2.15|1.87|1.9|313849|USD|2103
2020-05-14|1.94|2.2|1.94|2.1|344831|USD|2104
2020-05-15|2.14|2.19|1.97|2.12|178957|USD|2105
2020-05-18|2.3|2.38|2.16|2.27|326776|USD|2106
2020-05-19|2.3|2.3|2.04|2.19|123179|USD|2107
2020-05-20|2.2|2.2|2.11|2.18|48709|USD|2108
2020-05-21|2.18|2.1891|2.0|2.01|80673|USD|2109
2020-05-22|1.98|2.07|1.9159|2.02|84187|USD|2110
2020-05-26|2.13|2.25|2.03|2.05|71406|USD|2111
2020-05-27|2.01|2.09|1.99|2.08|58454|USD|2112
2020-05-28|2.02|2.02|1.95|1.96|46681|USD|2113
2020-05-29|1.95|2.05|1.95|2.05|39163|USD|2114
2020-06-01|1.85|1.85|1.76|1.76|502530|USD|2115
2020-06-02|1.85|1.85|1.69|1.78|238577|USD|2116
2020-06-03|1.78|1.78|1.64|1.65|170427|USD|2117
2020-06-04|1.7|1.73|1.57|1.63|771919|USD|2118
2020-06-05|1.66|1.66|1.53|1.53|359291|USD|2119
2020-06-08|1.64|1.65|1.43|1.45|1085054|USD|2120
2020-06-09|1.5|1.6|1.45|1.54|594590|USD|2121
2020-06-10|1.58|1.79|1.51|1.71|1547436|USD|2122
2020-06-11|1.58|1.65|1.49|1.52|471467|USD|2123
2020-06-12|1.58|1.64|1.53|1.5617|432762|USD|2124
2020-06-15|1.63|1.69|1.53|1.62|586687|USD|2125
2020-06-16|1.64|1.64|1.6|1.6|286688|USD|2126
2020-06-17|1.6|1.6498|1.5801|1.62|211543|USD|2127
2020-06-18|1.64|1.75|1.59|1.74|475200|USD|2128
2020-06-19|1.71|1.78|1.62|1.67|493994|USD|2129
2020-06-22|1.72|1.72|1.6|1.65|204535|USD|2130
2020-06-23|1.66|1.6796|1.615|1.66|104922|USD|2131
2020-06-24|1.66|1.85|1.66|1.82|1019027|USD|2132
2020-06-25|1.81|1.81|1.67|1.72|402227|USD|2133
2020-06-26|1.76|4.43|1.72|4.26|51261504|USD|2134
2020-06-29|2.83|2.93|2.5|2.66|4518599|USD|2135
