Unnamed: 0|Unnamed: 0.1|Unnamed: 0.1.1|OPEN|HIGH|LOW|CLOSE|VOLUME|CURRENCY|INDEX|symbol_x|period_x|cashAndCashEquivalents|shortTermInvestments|cashAndShortTermInvestments|netReceivables|inventory_x|otherCurrentAssets|totalCurrentAssets|propertyPlantEquipmentNet|goodwill|intangibleAssets|goodwillAndIntangibleAssets|longTermInvestments|taxAssets|otherNonCurrentAssets|totalNonCurrentAssets|otherAssets|totalAssets|accountPayables|shortTermDebt|taxPayables|deferredRevenue|otherCurrentLiabilities|totalCurrentLiabilities|longTermDebt|deferredRevenueNonCurrent|deferredTaxLiabilitiesNonCurrent|otherNonCurrentLiabilities|totalNonCurrentLiabilities|otherLiabilities|totalLiabilities|commonStock|retainedEarnings|accumulatedOtherComprehensiveIncomeLoss|othertotalStockholdersEquity|totalStockholdersEquity|totalLiabilitiesAndStockholdersEquity|totalInvestments|totalDebt|netDebt|Date_x|Start Date_x|End Date_x|symbol_y|period_y|netIncome_x|depreciationAndAmortization_x|deferredIncomeTax|stockBasedCompensation|changeInWorkingCapital|accountsReceivables|inventory_y|accountsPayables|otherWorkingCapital|otherNonCashItems|netCashProvidedByOperatingActivities|investmentsInPropertyPlantAndEquipment|acquisitionsNet|purchasesOfInvestments|salesMaturitiesOfInvestments|otherInvestingActivites|netCashUsedForInvestingActivites|debtRepayment|commonStockIssued|commonStockRepurchased|dividendsPaid|otherFinancingActivites|netCashUsedProvidedByFinancingActivities|effectOfForexChangesOnCash|netChangeInCash|cashAtEndOfPeriod|cashAtBeginningOfPeriod|operatingCashFlow|capitalExpenditure|freeCashFlow|Date_y|Start Date_y|End Date_y|symbol|period|revenue|costOfRevenue|grossProfit|grossProfitRatio|researchAndDevelopmentExpenses|generalAndAdministrativeExpenses|sellingAndMarketingExpenses|otherExpenses|operatingExpenses|costAndExpenses|interestExpense|depreciationAndAmortization_y|ebitda|ebitdaratio|operatingIncome|operatingIncomeRatio|totalOtherIncomeExpensesNet|incomeBeforeTax|incomeBeforeTaxRatio|incomeTaxExpense|netIncome_y|netIncomeRatio|eps|epsdiluted|weightedAverageShsOut|weightedAverageShsOutDil|Date_x.1|Start Date|End Date|prctChangeOPEN|TargetProbability|Date_y.1|No Articles|Date_x|No_Articles_x|Date_y|No_Articles_y
0|0|2019-03-13|39.0|39.9|38.7|39.75|20477364|USD|0|FOXA|Q2|1951000000.0|0.0|1951000000.0|2438000000.0|1422000000.0|66000000.0|5877000000.0|1150000000.0|2747000000.0|2859000000.0|5606000000.0|0.0|0.0|833000000.0|7589000000.0|833000000.0|13466000000.0|1241000000.0|0.0|0.0|1106000000.0|0.0|1241000000.0|1241000000.0|0.0|1106000000.0|607000000.0|1713000000.0|118000000.0|3072000000.0|0.0|-202000000.0|-202000000.0|10798000000.0|10394000000.0|13466000000.0|0.0|1241000000.0|-1951000000.0|2018-12-31|2018-12-31|2019-03-31|FOXA|Q2|639000000.0|94000000.0|-57000000.0|33000000.0|0.0|-587000000.0|0.0|-218000000.0|4636000000.0|0.0|36000000.0|-88000000.0|0.0|-100000000.0|0.0|-63000000.0|-251000000.0|0.0|0.0|-1951000000.0|-22000000.0|1639000000.0|-334000000.0|0.0|1951000000.0|1951000000.0|0.0|36000000.0|88000000.0|-52000000.0|2018-12-31|2018-12-31|2019-03-31|FOXA|Q2|6124000000.0|4309000000.0|1815000000.0|0.29637491835401697|0.0|628000000.0|0.0|0.0|628000000.0|4937000000.0|31000000.0|94000000.0|956000000.0|0.15610711953|862000000.0|0.140757674722|0.0|862000000.0|0.140757674722|223000000.0|612000000.0|0.0999346832136|0.0|0.0|621000000.0|621000000.0|2018-12-31|2018-12-31|2019-03-31|1.0190000000000001|0.4837825600085076|2019-05-24|1|2019-05-24|1|2019-05-24|1
1|1|2019-03-14|39.75|41.4|39.75|40.65|6248563|USD|1|FOXA|Q2|1951000000.0|0.0|1951000000.0|2438000000.0|1422000000.0|66000000.0|5877000000.0|1150000000.0|2747000000.0|2859000000.0|5606000000.0|0.0|0.0|833000000.0|7589000000.0|833000000.0|13466000000.0|1241000000.0|0.0|0.0|1106000000.0|0.0|1241000000.0|1241000000.0|0.0|1106000000.0|607000000.0|1713000000.0|118000000.0|3072000000.0|0.0|-202000000.0|-202000000.0|10798000000.0|10394000000.0|13466000000.0|0.0|1241000000.0|-1951000000.0|2018-12-31|2018-12-31|2019-03-31|FOXA|Q2|639000000.0|94000000.0|-57000000.0|33000000.0|0.0|-587000000.0|0.0|-218000000.0|4636000000.0|0.0|36000000.0|-88000000.0|0.0|-100000000.0|0.0|-63000000.0|-251000000.0|0.0|0.0|-1951000000.0|-22000000.0|1639000000.0|-334000000.0|0.0|1951000000.0|1951000000.0|0.0|36000000.0|88000000.0|-52000000.0|2018-12-31|2018-12-31|2019-03-31|FOXA|Q2|6124000000.0|4309000000.0|1815000000.0|0.29637491835401697|0.0|628000000.0|0.0|0.0|628000000.0|4937000000.0|31000000.0|94000000.0|956000000.0|0.15610711953|862000000.0|0.140757674722|0.0|862000000.0|0.140757674722|223000000.0|612000000.0|0.0999346832136|0.0|0.0|621000000.0|621000000.0|2018-12-31|2018-12-31|2019-03-31|1.041|0.4720073584514603|2019-05-27|1|2019-05-27|1|2019-05-27|1
2|2|2019-03-15|41.38|41.87|41.24|41.7|7107258|USD|2|FOXA|Q2|1951000000.0|0.0|1951000000.0|2438000000.0|1422000000.0|66000000.0|5877000000.0|1150000000.0|2747000000.0|2859000000.0|5606000000.0|0.0|0.0|833000000.0|7589000000.0|833000000.0|13466000000.0|1241000000.0|0.0|0.0|1106000000.0|0.0|1241000000.0|1241000000.0|0.0|1106000000.0|607000000.0|1713000000.0|118000000.0|3072000000.0|0.0|-202000000.0|-202000000.0|10798000000.0|10394000000.0|13466000000.0|0.0|1241000000.0|-1951000000.0|2018-12-31|2018-12-31|2019-03-31|FOXA|Q2|639000000.0|94000000.0|-57000000.0|33000000.0|0.0|-587000000.0|0.0|-218000000.0|4636000000.0|0.0|36000000.0|-88000000.0|0.0|-100000000.0|0.0|-63000000.0|-251000000.0|0.0|0.0|-1951000000.0|-22000000.0|1639000000.0|-334000000.0|0.0|1951000000.0|1951000000.0|0.0|36000000.0|88000000.0|-52000000.0|2018-12-31|2018-12-31|2019-03-31|FOXA|Q2|6124000000.0|4309000000.0|1815000000.0|0.29637491835401697|0.0|628000000.0|0.0|0.0|628000000.0|4937000000.0|31000000.0|94000000.0|956000000.0|0.15610711953|862000000.0|0.140757674722|0.0|862000000.0|0.140757674722|223000000.0|612000000.0|0.0999346832136|0.0|0.0|621000000.0|621000000.0|2018-12-31|2018-12-31|2019-03-31|1.014|0.4468929129383688|2019-06-03|1|2019-06-03|1|2019-06-03|1
3|3|2019-03-18|41.95|41.95|41.05|41.7|4020942|USD|3|FOXA|Q2|1951000000.0|0.0|1951000000.0|2438000000.0|1422000000.0|66000000.0|5877000000.0|1150000000.0|2747000000.0|2859000000.0|5606000000.0|0.0|0.0|833000000.0|7589000000.0|833000000.0|13466000000.0|1241000000.0|0.0|0.0|1106000000.0|0.0|1241000000.0|1241000000.0|0.0|1106000000.0|607000000.0|1713000000.0|118000000.0|3072000000.0|0.0|-202000000.0|-202000000.0|10798000000.0|10394000000.0|13466000000.0|0.0|1241000000.0|-1951000000.0|2018-12-31|2018-12-31|2019-03-31|FOXA|Q2|639000000.0|94000000.0|-57000000.0|33000000.0|0.0|-587000000.0|0.0|-218000000.0|4636000000.0|0.0|36000000.0|-88000000.0|0.0|-100000000.0|0.0|-63000000.0|-251000000.0|0.0|0.0|-1951000000.0|-22000000.0|1639000000.0|-334000000.0|0.0|1951000000.0|1951000000.0|0.0|36000000.0|88000000.0|-52000000.0|2018-12-31|2018-12-31|2019-03-31|FOXA|Q2|6124000000.0|4309000000.0|1815000000.0|0.29637491835401697|0.0|628000000.0|0.0|0.0|628000000.0|4937000000.0|31000000.0|94000000.0|956000000.0|0.15610711953|862000000.0|0.140757674722|0.0|862000000.0|0.140757674722|223000000.0|612000000.0|0.0999346832136|0.0|0.0|621000000.0|621000000.0|2018-12-31|2018-12-31|2019-03-31|0.99|0.4495292004885118|2019-06-21|1|2019-06-21|1|2019-06-21|1
4|4|2019-03-19|41.55|41.7|39.84|40.34|10118472|USD|4|FOXA|Q2|1951000000.0|0.0|1951000000.0|2438000000.0|1422000000.0|66000000.0|5877000000.0|1150000000.0|2747000000.0|2859000000.0|5606000000.0|0.0|0.0|833000000.0|7589000000.0|833000000.0|13466000000.0|1241000000.0|0.0|0.0|1106000000.0|0.0|1241000000.0|1241000000.0|0.0|1106000000.0|607000000.0|1713000000.0|118000000.0|3072000000.0|0.0|-202000000.0|-202000000.0|10798000000.0|10394000000.0|13466000000.0|0.0|1241000000.0|-1951000000.0|2018-12-31|2018-12-31|2019-03-31|FOXA|Q2|639000000.0|94000000.0|-57000000.0|33000000.0|0.0|-587000000.0|0.0|-218000000.0|4636000000.0|0.0|36000000.0|-88000000.0|0.0|-100000000.0|0.0|-63000000.0|-251000000.0|0.0|0.0|-1951000000.0|-22000000.0|1639000000.0|-334000000.0|0.0|1951000000.0|1951000000.0|0.0|36000000.0|88000000.0|-52000000.0|2018-12-31|2018-12-31|2019-03-31|FOXA|Q2|6124000000.0|4309000000.0|1815000000.0|0.29637491835401697|0.0|628000000.0|0.0|0.0|628000000.0|4937000000.0|31000000.0|94000000.0|956000000.0|0.15610711953|862000000.0|0.140757674722|0.0|862000000.0|0.140757674722|223000000.0|612000000.0|0.0999346832136|0.0|0.0|621000000.0|621000000.0|2018-12-31|2018-12-31|2019-03-31|0.9740000000000001|0.4555536797330857|2019-06-27|1|2019-06-27|1|2019-06-27|1
5|5|2019-03-20|40.49|40.81|38.24|38.62|15683238|USD|5|FOXA|Q2|1951000000.0|0.0|1951000000.0|2438000000.0|1422000000.0|66000000.0|5877000000.0|1150000000.0|2747000000.0|2859000000.0|5606000000.0|0.0|0.0|833000000.0|7589000000.0|833000000.0|13466000000.0|1241000000.0|0.0|0.0|1106000000.0|0.0|1241000000.0|1241000000.0|0.0|1106000000.0|607000000.0|1713000000.0|118000000.0|3072000000.0|0.0|-202000000.0|-202000000.0|10798000000.0|10394000000.0|13466000000.0|0.0|1241000000.0|-1951000000.0|2018-12-31|2018-12-31|2019-03-31|FOXA|Q2|639000000.0|94000000.0|-57000000.0|33000000.0|0.0|-587000000.0|0.0|-218000000.0|4636000000.0|0.0|36000000.0|-88000000.0|0.0|-100000000.0|0.0|-63000000.0|-251000000.0|0.0|0.0|-1951000000.0|-22000000.0|1639000000.0|-334000000.0|0.0|1951000000.0|1951000000.0|0.0|36000000.0|88000000.0|-52000000.0|2018-12-31|2018-12-31|2019-03-31|FOXA|Q2|6124000000.0|4309000000.0|1815000000.0|0.29637491835401697|0.0|628000000.0|0.0|0.0|628000000.0|4937000000.0|31000000.0|94000000.0|956000000.0|0.15610711953|862000000.0|0.140757674722|0.0|862000000.0|0.140757674722|223000000.0|612000000.0|0.0999346832136|0.0|0.0|621000000.0|621000000.0|2018-12-31|2018-12-31|2019-03-31|0.963|0.4773620384852265|2019-07-01|1|2019-07-01|1|2019-07-01|1
6|6|2019-03-21|39.0|40.07|38.75|40.02|12751732|USD|6|FOXA|Q2|1951000000.0|0.0|1951000000.0|2438000000.0|1422000000.0|66000000.0|5877000000.0|1150000000.0|2747000000.0|2859000000.0|5606000000.0|0.0|0.0|833000000.0|7589000000.0|833000000.0|13466000000.0|1241000000.0|0.0|0.0|1106000000.0|0.0|1241000000.0|1241000000.0|0.0|1106000000.0|607000000.0|1713000000.0|118000000.0|3072000000.0|0.0|-202000000.0|-202000000.0|10798000000.0|10394000000.0|13466000000.0|0.0|1241000000.0|-1951000000.0|2018-12-31|2018-12-31|2019-03-31|FOXA|Q2|639000000.0|94000000.0|-57000000.0|33000000.0|0.0|-587000000.0|0.0|-218000000.0|4636000000.0|0.0|36000000.0|-88000000.0|0.0|-100000000.0|0.0|-63000000.0|-251000000.0|0.0|0.0|-1951000000.0|-22000000.0|1639000000.0|-334000000.0|0.0|1951000000.0|1951000000.0|0.0|36000000.0|88000000.0|-52000000.0|2018-12-31|2018-12-31|2019-03-31|FOXA|Q2|6124000000.0|4309000000.0|1815000000.0|0.29637491835401697|0.0|628000000.0|0.0|0.0|628000000.0|4937000000.0|31000000.0|94000000.0|956000000.0|0.15610711953|862000000.0|0.140757674722|0.0|862000000.0|0.140757674722|223000000.0|612000000.0|0.0999346832136|0.0|0.0|621000000.0|621000000.0|2018-12-31|2018-12-31|2019-03-31|1.024|0.4713471997052038|2019-07-05|1|2019-07-05|1|2019-07-05|1
7|7|2019-03-22|39.93|39.99|37.69|38.72|10897994|USD|7|FOXA|Q2|1951000000.0|0.0|1951000000.0|2438000000.0|1422000000.0|66000000.0|5877000000.0|1150000000.0|2747000000.0|2859000000.0|5606000000.0|0.0|0.0|833000000.0|7589000000.0|833000000.0|13466000000.0|1241000000.0|0.0|0.0|1106000000.0|0.0|1241000000.0|1241000000.0|0.0|1106000000.0|607000000.0|1713000000.0|118000000.0|3072000000.0|0.0|-202000000.0|-202000000.0|10798000000.0|10394000000.0|13466000000.0|0.0|1241000000.0|-1951000000.0|2018-12-31|2018-12-31|2019-03-31|FOXA|Q2|639000000.0|94000000.0|-57000000.0|33000000.0|0.0|-587000000.0|0.0|-218000000.0|4636000000.0|0.0|36000000.0|-88000000.0|0.0|-100000000.0|0.0|-63000000.0|-251000000.0|0.0|0.0|-1951000000.0|-22000000.0|1639000000.0|-334000000.0|0.0|1951000000.0|1951000000.0|0.0|36000000.0|88000000.0|-52000000.0|2018-12-31|2018-12-31|2019-03-31|FOXA|Q2|6124000000.0|4309000000.0|1815000000.0|0.29637491835401697|0.0|628000000.0|0.0|0.0|628000000.0|4937000000.0|31000000.0|94000000.0|956000000.0|0.15610711953|862000000.0|0.140757674722|0.0|862000000.0|0.140757674722|223000000.0|612000000.0|0.0999346832136|0.0|0.0|621000000.0|621000000.0|2018-12-31|2018-12-31|2019-03-31|0.9740000000000001|0.4462400529282741|2019-07-09|1|2019-07-09|1|2019-07-09|1
8|8|2019-03-25|38.89|38.96|37.39|37.44|9338926|USD|8|FOXA|Q2|1951000000.0|0.0|1951000000.0|2438000000.0|1422000000.0|66000000.0|5877000000.0|1150000000.0|2747000000.0|2859000000.0|5606000000.0|0.0|0.0|833000000.0|7589000000.0|833000000.0|13466000000.0|1241000000.0|0.0|0.0|1106000000.0|0.0|1241000000.0|1241000000.0|0.0|1106000000.0|607000000.0|1713000000.0|118000000.0|3072000000.0|0.0|-202000000.0|-202000000.0|10798000000.0|10394000000.0|13466000000.0|0.0|1241000000.0|-1951000000.0|2018-12-31|2018-12-31|2019-03-31|FOXA|Q2|639000000.0|94000000.0|-57000000.0|33000000.0|0.0|-587000000.0|0.0|-218000000.0|4636000000.0|0.0|36000000.0|-88000000.0|0.0|-100000000.0|0.0|-63000000.0|-251000000.0|0.0|0.0|-1951000000.0|-22000000.0|1639000000.0|-334000000.0|0.0|1951000000.0|1951000000.0|0.0|36000000.0|88000000.0|-52000000.0|2018-12-31|2018-12-31|2019-03-31|FOXA|Q2|6124000000.0|4309000000.0|1815000000.0|0.29637491835401697|0.0|628000000.0|0.0|0.0|628000000.0|4937000000.0|31000000.0|94000000.0|956000000.0|0.15610711953|862000000.0|0.140757674722|0.0|862000000.0|0.140757674722|223000000.0|612000000.0|0.0999346832136|0.0|0.0|621000000.0|621000000.0|2018-12-31|2018-12-31|2019-03-31|0.968|0.4752067153296411|2019-08-07|4|2019-08-07|4|2019-08-07|4
9|9|2019-03-26|37.65|38.28|37.51|37.54|6287100|USD|9|FOXA|Q2|1951000000.0|0.0|1951000000.0|2438000000.0|1422000000.0|66000000.0|5877000000.0|1150000000.0|2747000000.0|2859000000.0|5606000000.0|0.0|0.0|833000000.0|7589000000.0|833000000.0|13466000000.0|1241000000.0|0.0|0.0|1106000000.0|0.0|1241000000.0|1241000000.0|0.0|1106000000.0|607000000.0|1713000000.0|118000000.0|3072000000.0|0.0|-202000000.0|-202000000.0|10798000000.0|10394000000.0|13466000000.0|0.0|1241000000.0|-1951000000.0|2018-12-31|2018-12-31|2019-03-31|FOXA|Q2|639000000.0|94000000.0|-57000000.0|33000000.0|0.0|-587000000.0|0.0|-218000000.0|4636000000.0|0.0|36000000.0|-88000000.0|0.0|-100000000.0|0.0|-63000000.0|-251000000.0|0.0|0.0|-1951000000.0|-22000000.0|1639000000.0|-334000000.0|0.0|1951000000.0|1951000000.0|0.0|36000000.0|88000000.0|-52000000.0|2018-12-31|2018-12-31|2019-03-31|FOXA|Q2|6124000000.0|4309000000.0|1815000000.0|0.29637491835401697|0.0|628000000.0|0.0|0.0|628000000.0|4937000000.0|31000000.0|94000000.0|956000000.0|0.15610711953|862000000.0|0.140757674722|0.0|862000000.0|0.140757674722|223000000.0|612000000.0|0.0999346832136|0.0|0.0|621000000.0|621000000.0|2018-12-31|2018-12-31|2019-03-31|0.997|0.4964683837824069|2019-08-20|1|2019-08-20|1|2019-08-20|1
10|10|2019-03-27|37.52|37.91|36.76|36.92|5578118|USD|10|FOXA|Q2|1951000000.0|0.0|1951000000.0|2438000000.0|1422000000.0|66000000.0|5877000000.0|1150000000.0|2747000000.0|2859000000.0|5606000000.0|0.0|0.0|833000000.0|7589000000.0|833000000.0|13466000000.0|1241000000.0|0.0|0.0|1106000000.0|0.0|1241000000.0|1241000000.0|0.0|1106000000.0|607000000.0|1713000000.0|118000000.0|3072000000.0|0.0|-202000000.0|-202000000.0|10798000000.0|10394000000.0|13466000000.0|0.0|1241000000.0|-1951000000.0|2018-12-31|2018-12-31|2019-03-31|FOXA|Q2|639000000.0|94000000.0|-57000000.0|33000000.0|0.0|-587000000.0|0.0|-218000000.0|4636000000.0|0.0|36000000.0|-88000000.0|0.0|-100000000.0|0.0|-63000000.0|-251000000.0|0.0|0.0|-1951000000.0|-22000000.0|1639000000.0|-334000000.0|0.0|1951000000.0|1951000000.0|0.0|36000000.0|88000000.0|-52000000.0|2018-12-31|2018-12-31|2019-03-31|FOXA|Q2|6124000000.0|4309000000.0|1815000000.0|0.29637491835401697|0.0|628000000.0|0.0|0.0|628000000.0|4937000000.0|31000000.0|94000000.0|956000000.0|0.15610711953|862000000.0|0.140757674722|0.0|862000000.0|0.140757674722|223000000.0|612000000.0|0.0999346832136|0.0|0.0|621000000.0|621000000.0|2018-12-31|2018-12-31|2019-03-31|0.982|0.5248505975090819|2019-08-30|2|2019-08-30|2|2019-08-30|2
11|11|2019-03-28|36.85|37.15|36.34|36.4|5326238|USD|11|FOXA|Q2|1951000000.0|0.0|1951000000.0|2438000000.0|1422000000.0|66000000.0|5877000000.0|1150000000.0|2747000000.0|2859000000.0|5606000000.0|0.0|0.0|833000000.0|7589000000.0|833000000.0|13466000000.0|1241000000.0|0.0|0.0|1106000000.0|0.0|1241000000.0|1241000000.0|0.0|1106000000.0|607000000.0|1713000000.0|118000000.0|3072000000.0|0.0|-202000000.0|-202000000.0|10798000000.0|10394000000.0|13466000000.0|0.0|1241000000.0|-1951000000.0|2018-12-31|2018-12-31|2019-03-31|FOXA|Q2|639000000.0|94000000.0|-57000000.0|33000000.0|0.0|-587000000.0|0.0|-218000000.0|4636000000.0|0.0|36000000.0|-88000000.0|0.0|-100000000.0|0.0|-63000000.0|-251000000.0|0.0|0.0|-1951000000.0|-22000000.0|1639000000.0|-334000000.0|0.0|1951000000.0|1951000000.0|0.0|36000000.0|88000000.0|-52000000.0|2018-12-31|2018-12-31|2019-03-31|FOXA|Q2|6124000000.0|4309000000.0|1815000000.0|0.29637491835401697|0.0|628000000.0|0.0|0.0|628000000.0|4937000000.0|31000000.0|94000000.0|956000000.0|0.15610711953|862000000.0|0.140757674722|0.0|862000000.0|0.140757674722|223000000.0|612000000.0|0.0999346832136|0.0|0.0|621000000.0|621000000.0|2018-12-31|2018-12-31|2019-03-31|0.992|0.5440713932276726|2019-09-06|1|2019-09-06|1|2019-09-06|1
12|12|2019-03-29|36.55|36.91|36.15|36.71|5895347|USD|12|FOXA|Q2|1951000000.0|0.0|1951000000.0|2438000000.0|1422000000.0|66000000.0|5877000000.0|1150000000.0|2747000000.0|2859000000.0|5606000000.0|0.0|0.0|833000000.0|7589000000.0|833000000.0|13466000000.0|1241000000.0|0.0|0.0|1106000000.0|0.0|1241000000.0|1241000000.0|0.0|1106000000.0|607000000.0|1713000000.0|118000000.0|3072000000.0|0.0|-202000000.0|-202000000.0|10798000000.0|10394000000.0|13466000000.0|0.0|1241000000.0|-1951000000.0|2018-12-31|2018-12-31|2019-03-31|FOXA|Q2|639000000.0|94000000.0|-57000000.0|33000000.0|0.0|-587000000.0|0.0|-218000000.0|4636000000.0|0.0|36000000.0|-88000000.0|0.0|-100000000.0|0.0|-63000000.0|-251000000.0|0.0|0.0|-1951000000.0|-22000000.0|1639000000.0|-334000000.0|0.0|1951000000.0|1951000000.0|0.0|36000000.0|88000000.0|-52000000.0|2018-12-31|2018-12-31|2019-03-31|FOXA|Q2|6124000000.0|4309000000.0|1815000000.0|0.29637491835401697|0.0|628000000.0|0.0|0.0|628000000.0|4937000000.0|31000000.0|94000000.0|956000000.0|0.15610711953|862000000.0|0.140757674722|0.0|862000000.0|0.140757674722|223000000.0|612000000.0|0.0999346832136|0.0|0.0|621000000.0|621000000.0|2018-12-31|2018-12-31|2019-03-31|1.01|0.5303642489021693|2019-09-11|1|2019-09-11|1|2019-09-11|1
13|13|2019-04-01|36.91|37.15|36.71|36.85|5311201|USD|13|FOXA|Q3|2818000000.0|0.0|2818000000.0|1949000000.0|1074000000.0|123000000.0|5964000000.0|1286000000.0|2691000000.0|2855000000.0|5546000000.0|0.0|3685000000.0|1176000000.0|11693000000.0|4861000000.0|17657000000.0|1297000000.0|0.0|0.0|0.0|0.0|1297000000.0|6750000000.0|0.0|0.0|863000000.0|7613000000.0|147000000.0|9057000000.0|4000000.0|101000000.0|-214000000.0|8709000000.0|8600000000.0|17657000000.0|0.0|6750000000.0|3932000000.0|2019-03-31|2019-03-31|2019-06-30|FOXA|Q3|566000000.0|87000000.0|-265000000.0|-28000000.0|31000000.0|391000000.0|305000000.0|85000000.0|4667000000.0|0.0|1588000000.0|-59000000.0|0.0|0.0|0.0|-1000000.0|-60000000.0|0.0|0.0|-867000000.0|10000000.0|196000000.0|-661000000.0|0.0|867000000.0|2818000000.0|1951000000.0|1588000000.0|59000000.0|1529000000.0|2019-03-31|2019-03-31|2019-06-30|FOXA|Q3|2752000000.0|1660000000.0|1092000000.0|0.3968023255813953|0.0|336000000.0|0.0|0.0|336000000.0|1996000000.0|81000000.0|87000000.0|793000000.0|0.28815406976700003|706000000.0|0.256540697674|0.0|706000000.0|0.256540697674|167000000.0|529000000.0|0.192223837209|1.84|1.84|621000000.0|621000000.0|2019-03-31|2019-03-31|2019-06-30|1.001|0.5279841153881809|2019-09-18|1|2019-09-18|1|2019-09-18|1
14|14|2019-04-02|36.96|37.18|35.9|36.28|6704831|USD|14|FOXA|Q3|2818000000.0|0.0|2818000000.0|1949000000.0|1074000000.0|123000000.0|5964000000.0|1286000000.0|2691000000.0|2855000000.0|5546000000.0|0.0|3685000000.0|1176000000.0|11693000000.0|4861000000.0|17657000000.0|1297000000.0|0.0|0.0|0.0|0.0|1297000000.0|6750000000.0|0.0|0.0|863000000.0|7613000000.0|147000000.0|9057000000.0|4000000.0|101000000.0|-214000000.0|8709000000.0|8600000000.0|17657000000.0|0.0|6750000000.0|3932000000.0|2019-03-31|2019-03-31|2019-06-30|FOXA|Q3|566000000.0|87000000.0|-265000000.0|-28000000.0|31000000.0|391000000.0|305000000.0|85000000.0|4667000000.0|0.0|1588000000.0|-59000000.0|0.0|0.0|0.0|-1000000.0|-60000000.0|0.0|0.0|-867000000.0|10000000.0|196000000.0|-661000000.0|0.0|867000000.0|2818000000.0|1951000000.0|1588000000.0|59000000.0|1529000000.0|2019-03-31|2019-03-31|2019-06-30|FOXA|Q3|2752000000.0|1660000000.0|1092000000.0|0.3968023255813953|0.0|336000000.0|0.0|0.0|336000000.0|1996000000.0|81000000.0|87000000.0|793000000.0|0.28815406976700003|706000000.0|0.256540697674|0.0|706000000.0|0.256540697674|167000000.0|529000000.0|0.192223837209|1.84|1.84|621000000.0|621000000.0|2019-03-31|2019-03-31|2019-06-30|0.9840000000000001|0.5196380378827257|2019-09-24|1|2019-09-24|1|2019-09-24|1
15|15|2019-04-03|36.37|36.56|35.9|36.08|8393708|USD|15|FOXA|Q3|2818000000.0|0.0|2818000000.0|1949000000.0|1074000000.0|123000000.0|5964000000.0|1286000000.0|2691000000.0|2855000000.0|5546000000.0|0.0|3685000000.0|1176000000.0|11693000000.0|4861000000.0|17657000000.0|1297000000.0|0.0|0.0|0.0|0.0|1297000000.0|6750000000.0|0.0|0.0|863000000.0|7613000000.0|147000000.0|9057000000.0|4000000.0|101000000.0|-214000000.0|8709000000.0|8600000000.0|17657000000.0|0.0|6750000000.0|3932000000.0|2019-03-31|2019-03-31|2019-06-30|FOXA|Q3|566000000.0|87000000.0|-265000000.0|-28000000.0|31000000.0|391000000.0|305000000.0|85000000.0|4667000000.0|0.0|1588000000.0|-59000000.0|0.0|0.0|0.0|-1000000.0|-60000000.0|0.0|0.0|-867000000.0|10000000.0|196000000.0|-661000000.0|0.0|867000000.0|2818000000.0|1951000000.0|1588000000.0|59000000.0|1529000000.0|2019-03-31|2019-03-31|2019-06-30|FOXA|Q3|2752000000.0|1660000000.0|1092000000.0|0.3968023255813953|0.0|336000000.0|0.0|0.0|336000000.0|1996000000.0|81000000.0|87000000.0|793000000.0|0.28815406976700003|706000000.0|0.256540697674|0.0|706000000.0|0.256540697674|167000000.0|529000000.0|0.192223837209|1.84|1.84|621000000.0|621000000.0|2019-03-31|2019-03-31|2019-06-30|0.995|0.5382545566076566|2019-10-06|1|2019-10-06|1|2019-10-06|1
16|16|2019-04-04|36.2|36.8|36.01|36.76|4908406|USD|16|FOXA|Q3|2818000000.0|0.0|2818000000.0|1949000000.0|1074000000.0|123000000.0|5964000000.0|1286000000.0|2691000000.0|2855000000.0|5546000000.0|0.0|3685000000.0|1176000000.0|11693000000.0|4861000000.0|17657000000.0|1297000000.0|0.0|0.0|0.0|0.0|1297000000.0|6750000000.0|0.0|0.0|863000000.0|7613000000.0|147000000.0|9057000000.0|4000000.0|101000000.0|-214000000.0|8709000000.0|8600000000.0|17657000000.0|0.0|6750000000.0|3932000000.0|2019-03-31|2019-03-31|2019-06-30|FOXA|Q3|566000000.0|87000000.0|-265000000.0|-28000000.0|31000000.0|391000000.0|305000000.0|85000000.0|4667000000.0|0.0|1588000000.0|-59000000.0|0.0|0.0|0.0|-1000000.0|-60000000.0|0.0|0.0|-867000000.0|10000000.0|196000000.0|-661000000.0|0.0|867000000.0|2818000000.0|1951000000.0|1588000000.0|59000000.0|1529000000.0|2019-03-31|2019-03-31|2019-06-30|FOXA|Q3|2752000000.0|1660000000.0|1092000000.0|0.3968023255813953|0.0|336000000.0|0.0|0.0|336000000.0|1996000000.0|81000000.0|87000000.0|793000000.0|0.28815406976700003|706000000.0|0.256540697674|0.0|706000000.0|0.256540697674|167000000.0|529000000.0|0.192223837209|1.84|1.84|621000000.0|621000000.0|2019-03-31|2019-03-31|2019-06-30|1.016|0.5115310335139855|2019-10-08|1|2019-10-08|1|2019-10-08|1
17|17|2019-04-05|36.79|37.85|36.69|37.68|7344894|USD|17|FOXA|Q3|2818000000.0|0.0|2818000000.0|1949000000.0|1074000000.0|123000000.0|5964000000.0|1286000000.0|2691000000.0|2855000000.0|5546000000.0|0.0|3685000000.0|1176000000.0|11693000000.0|4861000000.0|17657000000.0|1297000000.0|0.0|0.0|0.0|0.0|1297000000.0|6750000000.0|0.0|0.0|863000000.0|7613000000.0|147000000.0|9057000000.0|4000000.0|101000000.0|-214000000.0|8709000000.0|8600000000.0|17657000000.0|0.0|6750000000.0|3932000000.0|2019-03-31|2019-03-31|2019-06-30|FOXA|Q3|566000000.0|87000000.0|-265000000.0|-28000000.0|31000000.0|391000000.0|305000000.0|85000000.0|4667000000.0|0.0|1588000000.0|-59000000.0|0.0|0.0|0.0|-1000000.0|-60000000.0|0.0|0.0|-867000000.0|10000000.0|196000000.0|-661000000.0|0.0|867000000.0|2818000000.0|1951000000.0|1588000000.0|59000000.0|1529000000.0|2019-03-31|2019-03-31|2019-06-30|FOXA|Q3|2752000000.0|1660000000.0|1092000000.0|0.3968023255813953|0.0|336000000.0|0.0|0.0|336000000.0|1996000000.0|81000000.0|87000000.0|793000000.0|0.28815406976700003|706000000.0|0.256540697674|0.0|706000000.0|0.256540697674|167000000.0|529000000.0|0.192223837209|1.84|1.84|621000000.0|621000000.0|2019-03-31|2019-03-31|2019-06-30|1.022|0.5122777864594961|2019-10-14|2|2019-10-14|2|2019-10-14|2
18|18|2019-04-08|37.6|37.68|37.26|37.47|3393260|USD|18|FOXA|Q3|2818000000.0|0.0|2818000000.0|1949000000.0|1074000000.0|123000000.0|5964000000.0|1286000000.0|2691000000.0|2855000000.0|5546000000.0|0.0|3685000000.0|1176000000.0|11693000000.0|4861000000.0|17657000000.0|1297000000.0|0.0|0.0|0.0|0.0|1297000000.0|6750000000.0|0.0|0.0|863000000.0|7613000000.0|147000000.0|9057000000.0|4000000.0|101000000.0|-214000000.0|8709000000.0|8600000000.0|17657000000.0|0.0|6750000000.0|3932000000.0|2019-03-31|2019-03-31|2019-06-30|FOXA|Q3|566000000.0|87000000.0|-265000000.0|-28000000.0|31000000.0|391000000.0|305000000.0|85000000.0|4667000000.0|0.0|1588000000.0|-59000000.0|0.0|0.0|0.0|-1000000.0|-60000000.0|0.0|0.0|-867000000.0|10000000.0|196000000.0|-661000000.0|0.0|867000000.0|2818000000.0|1951000000.0|1588000000.0|59000000.0|1529000000.0|2019-03-31|2019-03-31|2019-06-30|FOXA|Q3|2752000000.0|1660000000.0|1092000000.0|0.3968023255813953|0.0|336000000.0|0.0|0.0|336000000.0|1996000000.0|81000000.0|87000000.0|793000000.0|0.28815406976700003|706000000.0|0.256540697674|0.0|706000000.0|0.256540697674|167000000.0|529000000.0|0.192223837209|1.84|1.84|621000000.0|621000000.0|2019-03-31|2019-03-31|2019-06-30|0.995|0.4968467443512441|2019-10-21|1|2019-10-21|1|2019-10-21|1
19|19|2019-04-09|37.42|37.65|37.17|37.31|5725894|USD|19|FOXA|Q3|2818000000.0|0.0|2818000000.0|1949000000.0|1074000000.0|123000000.0|5964000000.0|1286000000.0|2691000000.0|2855000000.0|5546000000.0|0.0|3685000000.0|1176000000.0|11693000000.0|4861000000.0|17657000000.0|1297000000.0|0.0|0.0|0.0|0.0|1297000000.0|6750000000.0|0.0|0.0|863000000.0|7613000000.0|147000000.0|9057000000.0|4000000.0|101000000.0|-214000000.0|8709000000.0|8600000000.0|17657000000.0|0.0|6750000000.0|3932000000.0|2019-03-31|2019-03-31|2019-06-30|FOXA|Q3|566000000.0|87000000.0|-265000000.0|-28000000.0|31000000.0|391000000.0|305000000.0|85000000.0|4667000000.0|0.0|1588000000.0|-59000000.0|0.0|0.0|0.0|-1000000.0|-60000000.0|0.0|0.0|-867000000.0|10000000.0|196000000.0|-661000000.0|0.0|867000000.0|2818000000.0|1951000000.0|1588000000.0|59000000.0|1529000000.0|2019-03-31|2019-03-31|2019-06-30|FOXA|Q3|2752000000.0|1660000000.0|1092000000.0|0.3968023255813953|0.0|336000000.0|0.0|0.0|336000000.0|1996000000.0|81000000.0|87000000.0|793000000.0|0.28815406976700003|706000000.0|0.256540697674|0.0|706000000.0|0.256540697674|167000000.0|529000000.0|0.192223837209|1.84|1.84|621000000.0|621000000.0|2019-03-31|2019-03-31|2019-06-30|0.998|0.5094088101986254|2019-10-28|3|2019-10-28|3|2019-10-28|3
20|20|2019-04-10|37.33|37.53|36.36|36.48|4828362|USD|20|FOXA|Q3|2818000000.0|0.0|2818000000.0|1949000000.0|1074000000.0|123000000.0|5964000000.0|1286000000.0|2691000000.0|2855000000.0|5546000000.0|0.0|3685000000.0|1176000000.0|11693000000.0|4861000000.0|17657000000.0|1297000000.0|0.0|0.0|0.0|0.0|1297000000.0|6750000000.0|0.0|0.0|863000000.0|7613000000.0|147000000.0|9057000000.0|4000000.0|101000000.0|-214000000.0|8709000000.0|8600000000.0|17657000000.0|0.0|6750000000.0|3932000000.0|2019-03-31|2019-03-31|2019-06-30|FOXA|Q3|566000000.0|87000000.0|-265000000.0|-28000000.0|31000000.0|391000000.0|305000000.0|85000000.0|4667000000.0|0.0|1588000000.0|-59000000.0|0.0|0.0|0.0|-1000000.0|-60000000.0|0.0|0.0|-867000000.0|10000000.0|196000000.0|-661000000.0|0.0|867000000.0|2818000000.0|1951000000.0|1588000000.0|59000000.0|1529000000.0|2019-03-31|2019-03-31|2019-06-30|FOXA|Q3|2752000000.0|1660000000.0|1092000000.0|0.3968023255813953|0.0|336000000.0|0.0|0.0|336000000.0|1996000000.0|81000000.0|87000000.0|793000000.0|0.28815406976700003|706000000.0|0.256540697674|0.0|706000000.0|0.256540697674|167000000.0|529000000.0|0.192223837209|1.84|1.84|621000000.0|621000000.0|2019-03-31|2019-03-31|2019-06-30|0.98|0.4938948452664348|2019-10-29|1|2019-10-29|1|2019-10-29|1
21|21|2019-04-11|36.57|37.16|35.99|37.09|4791432|USD|21|FOXA|Q3|2818000000.0|0.0|2818000000.0|1949000000.0|1074000000.0|123000000.0|5964000000.0|1286000000.0|2691000000.0|2855000000.0|5546000000.0|0.0|3685000000.0|1176000000.0|11693000000.0|4861000000.0|17657000000.0|1297000000.0|0.0|0.0|0.0|0.0|1297000000.0|6750000000.0|0.0|0.0|863000000.0|7613000000.0|147000000.0|9057000000.0|4000000.0|101000000.0|-214000000.0|8709000000.0|8600000000.0|17657000000.0|0.0|6750000000.0|3932000000.0|2019-03-31|2019-03-31|2019-06-30|FOXA|Q3|566000000.0|87000000.0|-265000000.0|-28000000.0|31000000.0|391000000.0|305000000.0|85000000.0|4667000000.0|0.0|1588000000.0|-59000000.0|0.0|0.0|0.0|-1000000.0|-60000000.0|0.0|0.0|-867000000.0|10000000.0|196000000.0|-661000000.0|0.0|867000000.0|2818000000.0|1951000000.0|1588000000.0|59000000.0|1529000000.0|2019-03-31|2019-03-31|2019-06-30|FOXA|Q3|2752000000.0|1660000000.0|1092000000.0|0.3968023255813953|0.0|336000000.0|0.0|0.0|336000000.0|1996000000.0|81000000.0|87000000.0|793000000.0|0.28815406976700003|706000000.0|0.256540697674|0.0|706000000.0|0.256540697674|167000000.0|529000000.0|0.192223837209|1.84|1.84|621000000.0|621000000.0|2019-03-31|2019-03-31|2019-06-30|1.016|0.5140229215775741|2019-11-05|1|2019-11-05|1|2019-11-05|1
22|22|2019-04-12|37.15|37.62|36.47|37.53|6368477|USD|22|FOXA|Q3|2818000000.0|0.0|2818000000.0|1949000000.0|1074000000.0|123000000.0|5964000000.0|1286000000.0|2691000000.0|2855000000.0|5546000000.0|0.0|3685000000.0|1176000000.0|11693000000.0|4861000000.0|17657000000.0|1297000000.0|0.0|0.0|0.0|0.0|1297000000.0|6750000000.0|0.0|0.0|863000000.0|7613000000.0|147000000.0|9057000000.0|4000000.0|101000000.0|-214000000.0|8709000000.0|8600000000.0|17657000000.0|0.0|6750000000.0|3932000000.0|2019-03-31|2019-03-31|2019-06-30|FOXA|Q3|566000000.0|87000000.0|-265000000.0|-28000000.0|31000000.0|391000000.0|305000000.0|85000000.0|4667000000.0|0.0|1588000000.0|-59000000.0|0.0|0.0|0.0|-1000000.0|-60000000.0|0.0|0.0|-867000000.0|10000000.0|196000000.0|-661000000.0|0.0|867000000.0|2818000000.0|1951000000.0|1588000000.0|59000000.0|1529000000.0|2019-03-31|2019-03-31|2019-06-30|FOXA|Q3|2752000000.0|1660000000.0|1092000000.0|0.3968023255813953|0.0|336000000.0|0.0|0.0|336000000.0|1996000000.0|81000000.0|87000000.0|793000000.0|0.28815406976700003|706000000.0|0.256540697674|0.0|706000000.0|0.256540697674|167000000.0|529000000.0|0.192223837209|1.84|1.84|621000000.0|621000000.0|2019-03-31|2019-03-31|2019-06-30|1.008|0.4999999999999996|2019-11-06|3|2019-11-06|3|2019-11-06|3
23|23|2019-04-15|37.46|37.57|36.99|37.53|3927062|USD|23|FOXA|Q3|2818000000.0|0.0|2818000000.0|1949000000.0|1074000000.0|123000000.0|5964000000.0|1286000000.0|2691000000.0|2855000000.0|5546000000.0|0.0|3685000000.0|1176000000.0|11693000000.0|4861000000.0|17657000000.0|1297000000.0|0.0|0.0|0.0|0.0|1297000000.0|6750000000.0|0.0|0.0|863000000.0|7613000000.0|147000000.0|9057000000.0|4000000.0|101000000.0|-214000000.0|8709000000.0|8600000000.0|17657000000.0|0.0|6750000000.0|3932000000.0|2019-03-31|2019-03-31|2019-06-30|FOXA|Q3|566000000.0|87000000.0|-265000000.0|-28000000.0|31000000.0|391000000.0|305000000.0|85000000.0|4667000000.0|0.0|1588000000.0|-59000000.0|0.0|0.0|0.0|-1000000.0|-60000000.0|0.0|0.0|-867000000.0|10000000.0|196000000.0|-661000000.0|0.0|867000000.0|2818000000.0|1951000000.0|1588000000.0|59000000.0|1529000000.0|2019-03-31|2019-03-31|2019-06-30|FOXA|Q3|2752000000.0|1660000000.0|1092000000.0|0.3968023255813953|0.0|336000000.0|0.0|0.0|336000000.0|1996000000.0|81000000.0|87000000.0|793000000.0|0.28815406976700003|706000000.0|0.256540697674|0.0|706000000.0|0.256540697674|167000000.0|529000000.0|0.192223837209|1.84|1.84|621000000.0|621000000.0|2019-03-31|2019-03-31|2019-06-30|1.006|0.4834987623333208|2019-11-07|1|2019-11-07|1|2019-11-07|1
24|24|2019-04-16|37.67|37.85|37.47|37.75|5721982|USD|24|FOXA|Q3|2818000000.0|0.0|2818000000.0|1949000000.0|1074000000.0|123000000.0|5964000000.0|1286000000.0|2691000000.0|2855000000.0|5546000000.0|0.0|3685000000.0|1176000000.0|11693000000.0|4861000000.0|17657000000.0|1297000000.0|0.0|0.0|0.0|0.0|1297000000.0|6750000000.0|0.0|0.0|863000000.0|7613000000.0|147000000.0|9057000000.0|4000000.0|101000000.0|-214000000.0|8709000000.0|8600000000.0|17657000000.0|0.0|6750000000.0|3932000000.0|2019-03-31|2019-03-31|2019-06-30|FOXA|Q3|566000000.0|87000000.0|-265000000.0|-28000000.0|31000000.0|391000000.0|305000000.0|85000000.0|4667000000.0|0.0|1588000000.0|-59000000.0|0.0|0.0|0.0|-1000000.0|-60000000.0|0.0|0.0|-867000000.0|10000000.0|196000000.0|-661000000.0|0.0|867000000.0|2818000000.0|1951000000.0|1588000000.0|59000000.0|1529000000.0|2019-03-31|2019-03-31|2019-06-30|FOXA|Q3|2752000000.0|1660000000.0|1092000000.0|0.3968023255813953|0.0|336000000.0|0.0|0.0|336000000.0|1996000000.0|81000000.0|87000000.0|793000000.0|0.28815406976700003|706000000.0|0.256540697674|0.0|706000000.0|0.256540697674|167000000.0|529000000.0|0.192223837209|1.84|1.84|621000000.0|621000000.0|2019-03-31|2019-03-31|2019-06-30|1.005|0.4658579498349712|2019-11-19|1|2019-11-19|1|2019-11-19|1
25|25|2019-04-17|37.87|38.85|37.76|38.84|7603795|USD|25|FOXA|Q3|2818000000.0|0.0|2818000000.0|1949000000.0|1074000000.0|123000000.0|5964000000.0|1286000000.0|2691000000.0|2855000000.0|5546000000.0|0.0|3685000000.0|1176000000.0|11693000000.0|4861000000.0|17657000000.0|1297000000.0|0.0|0.0|0.0|0.0|1297000000.0|6750000000.0|0.0|0.0|863000000.0|7613000000.0|147000000.0|9057000000.0|4000000.0|101000000.0|-214000000.0|8709000000.0|8600000000.0|17657000000.0|0.0|6750000000.0|3932000000.0|2019-03-31|2019-03-31|2019-06-30|FOXA|Q3|566000000.0|87000000.0|-265000000.0|-28000000.0|31000000.0|391000000.0|305000000.0|85000000.0|4667000000.0|0.0|1588000000.0|-59000000.0|0.0|0.0|0.0|-1000000.0|-60000000.0|0.0|0.0|-867000000.0|10000000.0|196000000.0|-661000000.0|0.0|867000000.0|2818000000.0|1951000000.0|1588000000.0|59000000.0|1529000000.0|2019-03-31|2019-03-31|2019-06-30|FOXA|Q3|2752000000.0|1660000000.0|1092000000.0|0.3968023255813953|0.0|336000000.0|0.0|0.0|336000000.0|1996000000.0|81000000.0|87000000.0|793000000.0|0.28815406976700003|706000000.0|0.256540697674|0.0|706000000.0|0.256540697674|167000000.0|529000000.0|0.192223837209|1.84|1.84|621000000.0|621000000.0|2019-03-31|2019-03-31|2019-06-30|1.0270000000000001|0.4442000513510907|2019-12-05|1|2019-12-05|1|2019-12-05|1
26|26|2019-04-18|38.91|39.0|38.43|38.44|4737418|USD|26|FOXA|Q3|2818000000.0|0.0|2818000000.0|1949000000.0|1074000000.0|123000000.0|5964000000.0|1286000000.0|2691000000.0|2855000000.0|5546000000.0|0.0|3685000000.0|1176000000.0|11693000000.0|4861000000.0|17657000000.0|1297000000.0|0.0|0.0|0.0|0.0|1297000000.0|6750000000.0|0.0|0.0|863000000.0|7613000000.0|147000000.0|9057000000.0|4000000.0|101000000.0|-214000000.0|8709000000.0|8600000000.0|17657000000.0|0.0|6750000000.0|3932000000.0|2019-03-31|2019-03-31|2019-06-30|FOXA|Q3|566000000.0|87000000.0|-265000000.0|-28000000.0|31000000.0|391000000.0|305000000.0|85000000.0|4667000000.0|0.0|1588000000.0|-59000000.0|0.0|0.0|0.0|-1000000.0|-60000000.0|0.0|0.0|-867000000.0|10000000.0|196000000.0|-661000000.0|0.0|867000000.0|2818000000.0|1951000000.0|1588000000.0|59000000.0|1529000000.0|2019-03-31|2019-03-31|2019-06-30|FOXA|Q3|2752000000.0|1660000000.0|1092000000.0|0.3968023255813953|0.0|336000000.0|0.0|0.0|336000000.0|1996000000.0|81000000.0|87000000.0|793000000.0|0.28815406976700003|706000000.0|0.256540697674|0.0|706000000.0|0.256540697674|167000000.0|529000000.0|0.192223837209|1.84|1.84|621000000.0|621000000.0|2019-03-31|2019-03-31|2019-06-30|0.986|0.4218473909662841|2020-01-28|1|2020-01-28|1|2020-01-28|1
27|27|2019-04-22|38.36|38.44|37.62|37.7|7675316|USD|27|FOXA|Q3|2818000000.0|0.0|2818000000.0|1949000000.0|1074000000.0|123000000.0|5964000000.0|1286000000.0|2691000000.0|2855000000.0|5546000000.0|0.0|3685000000.0|1176000000.0|11693000000.0|4861000000.0|17657000000.0|1297000000.0|0.0|0.0|0.0|0.0|1297000000.0|6750000000.0|0.0|0.0|863000000.0|7613000000.0|147000000.0|9057000000.0|4000000.0|101000000.0|-214000000.0|8709000000.0|8600000000.0|17657000000.0|0.0|6750000000.0|3932000000.0|2019-03-31|2019-03-31|2019-06-30|FOXA|Q3|566000000.0|87000000.0|-265000000.0|-28000000.0|31000000.0|391000000.0|305000000.0|85000000.0|4667000000.0|0.0|1588000000.0|-59000000.0|0.0|0.0|0.0|-1000000.0|-60000000.0|0.0|0.0|-867000000.0|10000000.0|196000000.0|-661000000.0|0.0|867000000.0|2818000000.0|1951000000.0|1588000000.0|59000000.0|1529000000.0|2019-03-31|2019-03-31|2019-06-30|FOXA|Q3|2752000000.0|1660000000.0|1092000000.0|0.3968023255813953|0.0|336000000.0|0.0|0.0|336000000.0|1996000000.0|81000000.0|87000000.0|793000000.0|0.28815406976700003|706000000.0|0.256540697674|0.0|706000000.0|0.256540697674|167000000.0|529000000.0|0.192223837209|1.84|1.84|621000000.0|621000000.0|2019-03-31|2019-03-31|2019-06-30|0.985|0.4211712151395393|2020-01-31|2|2020-01-31|2|2020-01-31|2
28|28|2019-04-23|37.79|38.39|37.63|38.08|6328827|USD|28|FOXA|Q3|2818000000.0|0.0|2818000000.0|1949000000.0|1074000000.0|123000000.0|5964000000.0|1286000000.0|2691000000.0|2855000000.0|5546000000.0|0.0|3685000000.0|1176000000.0|11693000000.0|4861000000.0|17657000000.0|1297000000.0|0.0|0.0|0.0|0.0|1297000000.0|6750000000.0|0.0|0.0|863000000.0|7613000000.0|147000000.0|9057000000.0|4000000.0|101000000.0|-214000000.0|8709000000.0|8600000000.0|17657000000.0|0.0|6750000000.0|3932000000.0|2019-03-31|2019-03-31|2019-06-30|FOXA|Q3|566000000.0|87000000.0|-265000000.0|-28000000.0|31000000.0|391000000.0|305000000.0|85000000.0|4667000000.0|0.0|1588000000.0|-59000000.0|0.0|0.0|0.0|-1000000.0|-60000000.0|0.0|0.0|-867000000.0|10000000.0|196000000.0|-661000000.0|0.0|867000000.0|2818000000.0|1951000000.0|1588000000.0|59000000.0|1529000000.0|2019-03-31|2019-03-31|2019-06-30|FOXA|Q3|2752000000.0|1660000000.0|1092000000.0|0.3968023255813953|0.0|336000000.0|0.0|0.0|336000000.0|1996000000.0|81000000.0|87000000.0|793000000.0|0.28815406976700003|706000000.0|0.256540697674|0.0|706000000.0|0.256540697674|167000000.0|529000000.0|0.192223837209|1.84|1.84|621000000.0|621000000.0|2019-03-31|2019-03-31|2019-06-30|1.004|0.4348131532674695|2020-02-03|1|2020-02-03|1|2020-02-03|1
29|29|2019-04-24|37.95|38.31|37.81|37.96|5323550|USD|29|FOXA|Q3|2818000000.0|0.0|2818000000.0|1949000000.0|1074000000.0|123000000.0|5964000000.0|1286000000.0|2691000000.0|2855000000.0|5546000000.0|0.0|3685000000.0|1176000000.0|11693000000.0|4861000000.0|17657000000.0|1297000000.0|0.0|0.0|0.0|0.0|1297000000.0|6750000000.0|0.0|0.0|863000000.0|7613000000.0|147000000.0|9057000000.0|4000000.0|101000000.0|-214000000.0|8709000000.0|8600000000.0|17657000000.0|0.0|6750000000.0|3932000000.0|2019-03-31|2019-03-31|2019-06-30|FOXA|Q3|566000000.0|87000000.0|-265000000.0|-28000000.0|31000000.0|391000000.0|305000000.0|85000000.0|4667000000.0|0.0|1588000000.0|-59000000.0|0.0|0.0|0.0|-1000000.0|-60000000.0|0.0|0.0|-867000000.0|10000000.0|196000000.0|-661000000.0|0.0|867000000.0|2818000000.0|1951000000.0|1588000000.0|59000000.0|1529000000.0|2019-03-31|2019-03-31|2019-06-30|FOXA|Q3|2752000000.0|1660000000.0|1092000000.0|0.3968023255813953|0.0|336000000.0|0.0|0.0|336000000.0|1996000000.0|81000000.0|87000000.0|793000000.0|0.28815406976700003|706000000.0|0.256540697674|0.0|706000000.0|0.256540697674|167000000.0|529000000.0|0.192223837209|1.84|1.84|621000000.0|621000000.0|2019-03-31|2019-03-31|2019-06-30|1.001|0.4323234941267639|2020-02-04|1|2020-02-04|1|2020-02-04|1
30|30|2019-04-25|37.98|38.2|37.54|38.15|5309675|USD|30|FOXA|Q3|2818000000.0|0.0|2818000000.0|1949000000.0|1074000000.0|123000000.0|5964000000.0|1286000000.0|2691000000.0|2855000000.0|5546000000.0|0.0|3685000000.0|1176000000.0|11693000000.0|4861000000.0|17657000000.0|1297000000.0|0.0|0.0|0.0|0.0|1297000000.0|6750000000.0|0.0|0.0|863000000.0|7613000000.0|147000000.0|9057000000.0|4000000.0|101000000.0|-214000000.0|8709000000.0|8600000000.0|17657000000.0|0.0|6750000000.0|3932000000.0|2019-03-31|2019-03-31|2019-06-30|FOXA|Q3|566000000.0|87000000.0|-265000000.0|-28000000.0|31000000.0|391000000.0|305000000.0|85000000.0|4667000000.0|0.0|1588000000.0|-59000000.0|0.0|0.0|0.0|-1000000.0|-60000000.0|0.0|0.0|-867000000.0|10000000.0|196000000.0|-661000000.0|0.0|867000000.0|2818000000.0|1951000000.0|1588000000.0|59000000.0|1529000000.0|2019-03-31|2019-03-31|2019-06-30|FOXA|Q3|2752000000.0|1660000000.0|1092000000.0|0.3968023255813953|0.0|336000000.0|0.0|0.0|336000000.0|1996000000.0|81000000.0|87000000.0|793000000.0|0.28815406976700003|706000000.0|0.256540697674|0.0|706000000.0|0.256540697674|167000000.0|529000000.0|0.192223837209|1.84|1.84|621000000.0|621000000.0|2019-03-31|2019-03-31|2019-06-30|1.003|0.4210052933548614|2020-02-05|4|2020-02-05|4|2020-02-05|4
31|31|2019-04-26|38.08|38.53|37.9|38.48|5297417|USD|31|FOXA|Q3|2818000000.0|0.0|2818000000.0|1949000000.0|1074000000.0|123000000.0|5964000000.0|1286000000.0|2691000000.0|2855000000.0|5546000000.0|0.0|3685000000.0|1176000000.0|11693000000.0|4861000000.0|17657000000.0|1297000000.0|0.0|0.0|0.0|0.0|1297000000.0|6750000000.0|0.0|0.0|863000000.0|7613000000.0|147000000.0|9057000000.0|4000000.0|101000000.0|-214000000.0|8709000000.0|8600000000.0|17657000000.0|0.0|6750000000.0|3932000000.0|2019-03-31|2019-03-31|2019-06-30|FOXA|Q3|566000000.0|87000000.0|-265000000.0|-28000000.0|31000000.0|391000000.0|305000000.0|85000000.0|4667000000.0|0.0|1588000000.0|-59000000.0|0.0|0.0|0.0|-1000000.0|-60000000.0|0.0|0.0|-867000000.0|10000000.0|196000000.0|-661000000.0|0.0|867000000.0|2818000000.0|1951000000.0|1588000000.0|59000000.0|1529000000.0|2019-03-31|2019-03-31|2019-06-30|FOXA|Q3|2752000000.0|1660000000.0|1092000000.0|0.3968023255813953|0.0|336000000.0|0.0|0.0|336000000.0|1996000000.0|81000000.0|87000000.0|793000000.0|0.28815406976700003|706000000.0|0.256540697674|0.0|706000000.0|0.256540697674|167000000.0|529000000.0|0.192223837209|1.84|1.84|621000000.0|621000000.0|2019-03-31|2019-03-31|2019-06-30|1.012|0.4153514042460544|2020-02-07|1|2020-02-07|1|2020-02-07|1
32|32|2019-04-29|38.54|39.53|38.31|39.2|6885177|USD|32|FOXA|Q3|2818000000.0|0.0|2818000000.0|1949000000.0|1074000000.0|123000000.0|5964000000.0|1286000000.0|2691000000.0|2855000000.0|5546000000.0|0.0|3685000000.0|1176000000.0|11693000000.0|4861000000.0|17657000000.0|1297000000.0|0.0|0.0|0.0|0.0|1297000000.0|6750000000.0|0.0|0.0|863000000.0|7613000000.0|147000000.0|9057000000.0|4000000.0|101000000.0|-214000000.0|8709000000.0|8600000000.0|17657000000.0|0.0|6750000000.0|3932000000.0|2019-03-31|2019-03-31|2019-06-30|FOXA|Q3|566000000.0|87000000.0|-265000000.0|-28000000.0|31000000.0|391000000.0|305000000.0|85000000.0|4667000000.0|0.0|1588000000.0|-59000000.0|0.0|0.0|0.0|-1000000.0|-60000000.0|0.0|0.0|-867000000.0|10000000.0|196000000.0|-661000000.0|0.0|867000000.0|2818000000.0|1951000000.0|1588000000.0|59000000.0|1529000000.0|2019-03-31|2019-03-31|2019-06-30|FOXA|Q3|2752000000.0|1660000000.0|1092000000.0|0.3968023255813953|0.0|336000000.0|0.0|0.0|336000000.0|1996000000.0|81000000.0|87000000.0|793000000.0|0.28815406976700003|706000000.0|0.256540697674|0.0|706000000.0|0.256540697674|167000000.0|529000000.0|0.192223837209|1.84|1.84|621000000.0|621000000.0|2019-03-31|2019-03-31|2019-06-30|1.0170000000000001|0.4089915911634171|2020-02-24|1|2020-02-24|1|2020-02-24|1
33|33|2019-04-30|39.19|39.33|38.47|38.99|5044352|USD|33|FOXA|Q3|2818000000.0|0.0|2818000000.0|1949000000.0|1074000000.0|123000000.0|5964000000.0|1286000000.0|2691000000.0|2855000000.0|5546000000.0|0.0|3685000000.0|1176000000.0|11693000000.0|4861000000.0|17657000000.0|1297000000.0|0.0|0.0|0.0|0.0|1297000000.0|6750000000.0|0.0|0.0|863000000.0|7613000000.0|147000000.0|9057000000.0|4000000.0|101000000.0|-214000000.0|8709000000.0|8600000000.0|17657000000.0|0.0|6750000000.0|3932000000.0|2019-03-31|2019-03-31|2019-06-30|FOXA|Q3|566000000.0|87000000.0|-265000000.0|-28000000.0|31000000.0|391000000.0|305000000.0|85000000.0|4667000000.0|0.0|1588000000.0|-59000000.0|0.0|0.0|0.0|-1000000.0|-60000000.0|0.0|0.0|-867000000.0|10000000.0|196000000.0|-661000000.0|0.0|867000000.0|2818000000.0|1951000000.0|1588000000.0|59000000.0|1529000000.0|2019-03-31|2019-03-31|2019-06-30|FOXA|Q3|2752000000.0|1660000000.0|1092000000.0|0.3968023255813953|0.0|336000000.0|0.0|0.0|336000000.0|1996000000.0|81000000.0|87000000.0|793000000.0|0.28815406976700003|706000000.0|0.256540697674|0.0|706000000.0|0.256540697674|167000000.0|529000000.0|0.192223837209|1.84|1.84|621000000.0|621000000.0|2019-03-31|2019-03-31|2019-06-30|0.998|0.39210600288373343|2020-02-28|2|2020-02-28|2|2020-02-28|2
34|34|2019-05-01|39.12|39.49|38.66|39.4|5149829|USD|34|FOXA|Q3|2818000000.0|0.0|2818000000.0|1949000000.0|1074000000.0|123000000.0|5964000000.0|1286000000.0|2691000000.0|2855000000.0|5546000000.0|0.0|3685000000.0|1176000000.0|11693000000.0|4861000000.0|17657000000.0|1297000000.0|0.0|0.0|0.0|0.0|1297000000.0|6750000000.0|0.0|0.0|863000000.0|7613000000.0|147000000.0|9057000000.0|4000000.0|101000000.0|-214000000.0|8709000000.0|8600000000.0|17657000000.0|0.0|6750000000.0|3932000000.0|2019-03-31|2019-03-31|2019-06-30|FOXA|Q3|566000000.0|87000000.0|-265000000.0|-28000000.0|31000000.0|391000000.0|305000000.0|85000000.0|4667000000.0|0.0|1588000000.0|-59000000.0|0.0|0.0|0.0|-1000000.0|-60000000.0|0.0|0.0|-867000000.0|10000000.0|196000000.0|-661000000.0|0.0|867000000.0|2818000000.0|1951000000.0|1588000000.0|59000000.0|1529000000.0|2019-03-31|2019-03-31|2019-06-30|FOXA|Q3|2752000000.0|1660000000.0|1092000000.0|0.3968023255813953|0.0|336000000.0|0.0|0.0|336000000.0|1996000000.0|81000000.0|87000000.0|793000000.0|0.28815406976700003|706000000.0|0.256540697674|0.0|706000000.0|0.256540697674|167000000.0|529000000.0|0.192223837209|1.84|1.84|621000000.0|621000000.0|2019-03-31|2019-03-31|2019-06-30|1.003|0.4211206163345702|2020-03-02|1|2020-03-02|1|2020-03-02|1
35|35|2019-05-02|39.23|39.47|37.08|37.28|11495855|USD|35|FOXA|Q3|2818000000.0|0.0|2818000000.0|1949000000.0|1074000000.0|123000000.0|5964000000.0|1286000000.0|2691000000.0|2855000000.0|5546000000.0|0.0|3685000000.0|1176000000.0|11693000000.0|4861000000.0|17657000000.0|1297000000.0|0.0|0.0|0.0|0.0|1297000000.0|6750000000.0|0.0|0.0|863000000.0|7613000000.0|147000000.0|9057000000.0|4000000.0|101000000.0|-214000000.0|8709000000.0|8600000000.0|17657000000.0|0.0|6750000000.0|3932000000.0|2019-03-31|2019-03-31|2019-06-30|FOXA|Q3|566000000.0|87000000.0|-265000000.0|-28000000.0|31000000.0|391000000.0|305000000.0|85000000.0|4667000000.0|0.0|1588000000.0|-59000000.0|0.0|0.0|0.0|-1000000.0|-60000000.0|0.0|0.0|-867000000.0|10000000.0|196000000.0|-661000000.0|0.0|867000000.0|2818000000.0|1951000000.0|1588000000.0|59000000.0|1529000000.0|2019-03-31|2019-03-31|2019-06-30|FOXA|Q3|2752000000.0|1660000000.0|1092000000.0|0.3968023255813953|0.0|336000000.0|0.0|0.0|336000000.0|1996000000.0|81000000.0|87000000.0|793000000.0|0.28815406976700003|706000000.0|0.256540697674|0.0|706000000.0|0.256540697674|167000000.0|529000000.0|0.192223837209|1.84|1.84|621000000.0|621000000.0|2019-03-31|2019-03-31|2019-06-30|0.9540000000000001|0.4203046246522921|2020-03-05|1|2020-03-05|1|2020-03-05|1
36|36|2019-05-03|37.41|37.75|37.12|37.47|4809763|USD|36|FOXA|Q3|2818000000.0|0.0|2818000000.0|1949000000.0|1074000000.0|123000000.0|5964000000.0|1286000000.0|2691000000.0|2855000000.0|5546000000.0|0.0|3685000000.0|1176000000.0|11693000000.0|4861000000.0|17657000000.0|1297000000.0|0.0|0.0|0.0|0.0|1297000000.0|6750000000.0|0.0|0.0|863000000.0|7613000000.0|147000000.0|9057000000.0|4000000.0|101000000.0|-214000000.0|8709000000.0|8600000000.0|17657000000.0|0.0|6750000000.0|3932000000.0|2019-03-31|2019-03-31|2019-06-30|FOXA|Q3|566000000.0|87000000.0|-265000000.0|-28000000.0|31000000.0|391000000.0|305000000.0|85000000.0|4667000000.0|0.0|1588000000.0|-59000000.0|0.0|0.0|0.0|-1000000.0|-60000000.0|0.0|0.0|-867000000.0|10000000.0|196000000.0|-661000000.0|0.0|867000000.0|2818000000.0|1951000000.0|1588000000.0|59000000.0|1529000000.0|2019-03-31|2019-03-31|2019-06-30|FOXA|Q3|2752000000.0|1660000000.0|1092000000.0|0.3968023255813953|0.0|336000000.0|0.0|0.0|336000000.0|1996000000.0|81000000.0|87000000.0|793000000.0|0.28815406976700003|706000000.0|0.256540697674|0.0|706000000.0|0.256540697674|167000000.0|529000000.0|0.192223837209|1.84|1.84|621000000.0|621000000.0|2019-03-31|2019-03-31|2019-06-30|0.9940000000000001|0.4545903358417452|2020-03-06|1|2020-03-06|1|2020-03-06|1
37|37|2019-05-06|37.17|37.99|36.96|37.92|4801609|USD|37|FOXA|Q3|2818000000.0|0.0|2818000000.0|1949000000.0|1074000000.0|123000000.0|5964000000.0|1286000000.0|2691000000.0|2855000000.0|5546000000.0|0.0|3685000000.0|1176000000.0|11693000000.0|4861000000.0|17657000000.0|1297000000.0|0.0|0.0|0.0|0.0|1297000000.0|6750000000.0|0.0|0.0|863000000.0|7613000000.0|147000000.0|9057000000.0|4000000.0|101000000.0|-214000000.0|8709000000.0|8600000000.0|17657000000.0|0.0|6750000000.0|3932000000.0|2019-03-31|2019-03-31|2019-06-30|FOXA|Q3|566000000.0|87000000.0|-265000000.0|-28000000.0|31000000.0|391000000.0|305000000.0|85000000.0|4667000000.0|0.0|1588000000.0|-59000000.0|0.0|0.0|0.0|-1000000.0|-60000000.0|0.0|0.0|-867000000.0|10000000.0|196000000.0|-661000000.0|0.0|867000000.0|2818000000.0|1951000000.0|1588000000.0|59000000.0|1529000000.0|2019-03-31|2019-03-31|2019-06-30|FOXA|Q3|2752000000.0|1660000000.0|1092000000.0|0.3968023255813953|0.0|336000000.0|0.0|0.0|336000000.0|1996000000.0|81000000.0|87000000.0|793000000.0|0.28815406976700003|706000000.0|0.256540697674|0.0|706000000.0|0.256540697674|167000000.0|529000000.0|0.192223837209|1.84|1.84|621000000.0|621000000.0|2019-03-31|2019-03-31|2019-06-30|1.011|0.4859885945295228|2020-03-16|1|2020-03-16|1|2020-03-16|1
38|38|2019-05-07|37.58|37.81|37.12|37.26|6053297|USD|38|FOXA|Q3|2818000000.0|0.0|2818000000.0|1949000000.0|1074000000.0|123000000.0|5964000000.0|1286000000.0|2691000000.0|2855000000.0|5546000000.0|0.0|3685000000.0|1176000000.0|11693000000.0|4861000000.0|17657000000.0|1297000000.0|0.0|0.0|0.0|0.0|1297000000.0|6750000000.0|0.0|0.0|863000000.0|7613000000.0|147000000.0|9057000000.0|4000000.0|101000000.0|-214000000.0|8709000000.0|8600000000.0|17657000000.0|0.0|6750000000.0|3932000000.0|2019-03-31|2019-03-31|2019-06-30|FOXA|Q3|566000000.0|87000000.0|-265000000.0|-28000000.0|31000000.0|391000000.0|305000000.0|85000000.0|4667000000.0|0.0|1588000000.0|-59000000.0|0.0|0.0|0.0|-1000000.0|-60000000.0|0.0|0.0|-867000000.0|10000000.0|196000000.0|-661000000.0|0.0|867000000.0|2818000000.0|1951000000.0|1588000000.0|59000000.0|1529000000.0|2019-03-31|2019-03-31|2019-06-30|FOXA|Q3|2752000000.0|1660000000.0|1092000000.0|0.3968023255813953|0.0|336000000.0|0.0|0.0|336000000.0|1996000000.0|81000000.0|87000000.0|793000000.0|0.28815406976700003|706000000.0|0.256540697674|0.0|706000000.0|0.256540697674|167000000.0|529000000.0|0.192223837209|1.84|1.84|621000000.0|621000000.0|2019-03-31|2019-03-31|2019-06-30|0.9940000000000001|0.472602282105573|2020-03-17|1|2020-03-17|1|2020-03-17|1
39|39|2019-05-08|37.34|37.7|36.85|37.42|8635285|USD|39|FOXA|Q3|2818000000.0|0.0|2818000000.0|1949000000.0|1074000000.0|123000000.0|5964000000.0|1286000000.0|2691000000.0|2855000000.0|5546000000.0|0.0|3685000000.0|1176000000.0|11693000000.0|4861000000.0|17657000000.0|1297000000.0|0.0|0.0|0.0|0.0|1297000000.0|6750000000.0|0.0|0.0|863000000.0|7613000000.0|147000000.0|9057000000.0|4000000.0|101000000.0|-214000000.0|8709000000.0|8600000000.0|17657000000.0|0.0|6750000000.0|3932000000.0|2019-03-31|2019-03-31|2019-06-30|FOXA|Q3|566000000.0|87000000.0|-265000000.0|-28000000.0|31000000.0|391000000.0|305000000.0|85000000.0|4667000000.0|0.0|1588000000.0|-59000000.0|0.0|0.0|0.0|-1000000.0|-60000000.0|0.0|0.0|-867000000.0|10000000.0|196000000.0|-661000000.0|0.0|867000000.0|2818000000.0|1951000000.0|1588000000.0|59000000.0|1529000000.0|2019-03-31|2019-03-31|2019-06-30|FOXA|Q3|2752000000.0|1660000000.0|1092000000.0|0.3968023255813953|0.0|336000000.0|0.0|0.0|336000000.0|1996000000.0|81000000.0|87000000.0|793000000.0|0.28815406976700003|706000000.0|0.256540697674|0.0|706000000.0|0.256540697674|167000000.0|529000000.0|0.192223837209|1.84|1.84|621000000.0|621000000.0|2019-03-31|2019-03-31|2019-06-30|1.031|0.4800542801032953|2020-03-18|2|2020-03-18|2|2020-03-18|2
40|40|2019-05-09|38.5|39.25|37.51|38.5|15210152|USD|40|FOXA|Q3|2818000000.0|0.0|2818000000.0|1949000000.0|1074000000.0|123000000.0|5964000000.0|1286000000.0|2691000000.0|2855000000.0|5546000000.0|0.0|3685000000.0|1176000000.0|11693000000.0|4861000000.0|17657000000.0|1297000000.0|0.0|0.0|0.0|0.0|1297000000.0|6750000000.0|0.0|0.0|863000000.0|7613000000.0|147000000.0|9057000000.0|4000000.0|101000000.0|-214000000.0|8709000000.0|8600000000.0|17657000000.0|0.0|6750000000.0|3932000000.0|2019-03-31|2019-03-31|2019-06-30|FOXA|Q3|566000000.0|87000000.0|-265000000.0|-28000000.0|31000000.0|391000000.0|305000000.0|85000000.0|4667000000.0|0.0|1588000000.0|-59000000.0|0.0|0.0|0.0|-1000000.0|-60000000.0|0.0|0.0|-867000000.0|10000000.0|196000000.0|-661000000.0|0.0|867000000.0|2818000000.0|1951000000.0|1588000000.0|59000000.0|1529000000.0|2019-03-31|2019-03-31|2019-06-30|FOXA|Q3|2752000000.0|1660000000.0|1092000000.0|0.3968023255813953|0.0|336000000.0|0.0|0.0|336000000.0|1996000000.0|81000000.0|87000000.0|793000000.0|0.28815406976700003|706000000.0|0.256540697674|0.0|706000000.0|0.256540697674|167000000.0|529000000.0|0.192223837209|1.84|1.84|621000000.0|621000000.0|2019-03-31|2019-03-31|2019-06-30|1.004|0.4340719909502983|2020-03-20|1|2020-03-20|1|2020-03-20|1
41|41|2019-05-10|38.64|38.75|37.44|38.53|6742528|USD|41|FOXA|Q3|2818000000.0|0.0|2818000000.0|1949000000.0|1074000000.0|123000000.0|5964000000.0|1286000000.0|2691000000.0|2855000000.0|5546000000.0|0.0|3685000000.0|1176000000.0|11693000000.0|4861000000.0|17657000000.0|1297000000.0|0.0|0.0|0.0|0.0|1297000000.0|6750000000.0|0.0|0.0|863000000.0|7613000000.0|147000000.0|9057000000.0|4000000.0|101000000.0|-214000000.0|8709000000.0|8600000000.0|17657000000.0|0.0|6750000000.0|3932000000.0|2019-03-31|2019-03-31|2019-06-30|FOXA|Q3|566000000.0|87000000.0|-265000000.0|-28000000.0|31000000.0|391000000.0|305000000.0|85000000.0|4667000000.0|0.0|1588000000.0|-59000000.0|0.0|0.0|0.0|-1000000.0|-60000000.0|0.0|0.0|-867000000.0|10000000.0|196000000.0|-661000000.0|0.0|867000000.0|2818000000.0|1951000000.0|1588000000.0|59000000.0|1529000000.0|2019-03-31|2019-03-31|2019-06-30|FOXA|Q3|2752000000.0|1660000000.0|1092000000.0|0.3968023255813953|0.0|336000000.0|0.0|0.0|336000000.0|1996000000.0|81000000.0|87000000.0|793000000.0|0.28815406976700003|706000000.0|0.256540697674|0.0|706000000.0|0.256540697674|167000000.0|529000000.0|0.192223837209|1.84|1.84|621000000.0|621000000.0|2019-03-31|2019-03-31|2019-06-30|0.977|0.4406744877504961|2020-03-22|2|2020-03-22|2|2020-03-22|2
42|42|2019-05-13|37.77|38.68|37.73|37.97|5604035|USD|42|FOXA|Q3|2818000000.0|0.0|2818000000.0|1949000000.0|1074000000.0|123000000.0|5964000000.0|1286000000.0|2691000000.0|2855000000.0|5546000000.0|0.0|3685000000.0|1176000000.0|11693000000.0|4861000000.0|17657000000.0|1297000000.0|0.0|0.0|0.0|0.0|1297000000.0|6750000000.0|0.0|0.0|863000000.0|7613000000.0|147000000.0|9057000000.0|4000000.0|101000000.0|-214000000.0|8709000000.0|8600000000.0|17657000000.0|0.0|6750000000.0|3932000000.0|2019-03-31|2019-03-31|2019-06-30|FOXA|Q3|566000000.0|87000000.0|-265000000.0|-28000000.0|31000000.0|391000000.0|305000000.0|85000000.0|4667000000.0|0.0|1588000000.0|-59000000.0|0.0|0.0|0.0|-1000000.0|-60000000.0|0.0|0.0|-867000000.0|10000000.0|196000000.0|-661000000.0|0.0|867000000.0|2818000000.0|1951000000.0|1588000000.0|59000000.0|1529000000.0|2019-03-31|2019-03-31|2019-06-30|FOXA|Q3|2752000000.0|1660000000.0|1092000000.0|0.3968023255813953|0.0|336000000.0|0.0|0.0|336000000.0|1996000000.0|81000000.0|87000000.0|793000000.0|0.28815406976700003|706000000.0|0.256540697674|0.0|706000000.0|0.256540697674|167000000.0|529000000.0|0.192223837209|1.84|1.84|621000000.0|621000000.0|2019-03-31|2019-03-31|2019-06-30|1.0070000000000001|0.453840451957929|2020-03-24|1|2020-03-24|1|2020-03-24|1
43|43|2019-05-14|38.05|38.52|37.87|37.89|6198619|USD|43|FOXA|Q3|2818000000.0|0.0|2818000000.0|1949000000.0|1074000000.0|123000000.0|5964000000.0|1286000000.0|2691000000.0|2855000000.0|5546000000.0|0.0|3685000000.0|1176000000.0|11693000000.0|4861000000.0|17657000000.0|1297000000.0|0.0|0.0|0.0|0.0|1297000000.0|6750000000.0|0.0|0.0|863000000.0|7613000000.0|147000000.0|9057000000.0|4000000.0|101000000.0|-214000000.0|8709000000.0|8600000000.0|17657000000.0|0.0|6750000000.0|3932000000.0|2019-03-31|2019-03-31|2019-06-30|FOXA|Q3|566000000.0|87000000.0|-265000000.0|-28000000.0|31000000.0|391000000.0|305000000.0|85000000.0|4667000000.0|0.0|1588000000.0|-59000000.0|0.0|0.0|0.0|-1000000.0|-60000000.0|0.0|0.0|-867000000.0|10000000.0|196000000.0|-661000000.0|0.0|867000000.0|2818000000.0|1951000000.0|1588000000.0|59000000.0|1529000000.0|2019-03-31|2019-03-31|2019-06-30|FOXA|Q3|2752000000.0|1660000000.0|1092000000.0|0.3968023255813953|0.0|336000000.0|0.0|0.0|336000000.0|1996000000.0|81000000.0|87000000.0|793000000.0|0.28815406976700003|706000000.0|0.256540697674|0.0|706000000.0|0.256540697674|167000000.0|529000000.0|0.192223837209|1.84|1.84|621000000.0|621000000.0|2019-03-31|2019-03-31|2019-06-30|0.991|0.4473693014981254|2020-03-27|2|2020-03-27|2|2020-03-27|2
44|44|2019-05-15|37.7|37.97|37.57|37.71|2975433|USD|44|FOXA|Q3|2818000000.0|0.0|2818000000.0|1949000000.0|1074000000.0|123000000.0|5964000000.0|1286000000.0|2691000000.0|2855000000.0|5546000000.0|0.0|3685000000.0|1176000000.0|11693000000.0|4861000000.0|17657000000.0|1297000000.0|0.0|0.0|0.0|0.0|1297000000.0|6750000000.0|0.0|0.0|863000000.0|7613000000.0|147000000.0|9057000000.0|4000000.0|101000000.0|-214000000.0|8709000000.0|8600000000.0|17657000000.0|0.0|6750000000.0|3932000000.0|2019-03-31|2019-03-31|2019-06-30|FOXA|Q3|566000000.0|87000000.0|-265000000.0|-28000000.0|31000000.0|391000000.0|305000000.0|85000000.0|4667000000.0|0.0|1588000000.0|-59000000.0|0.0|0.0|0.0|-1000000.0|-60000000.0|0.0|0.0|-867000000.0|10000000.0|196000000.0|-661000000.0|0.0|867000000.0|2818000000.0|1951000000.0|1588000000.0|59000000.0|1529000000.0|2019-03-31|2019-03-31|2019-06-30|FOXA|Q3|2752000000.0|1660000000.0|1092000000.0|0.3968023255813953|0.0|336000000.0|0.0|0.0|336000000.0|1996000000.0|81000000.0|87000000.0|793000000.0|0.28815406976700003|706000000.0|0.256540697674|0.0|706000000.0|0.256540697674|167000000.0|529000000.0|0.192223837209|1.84|1.84|621000000.0|621000000.0|2019-03-31|2019-03-31|2019-06-30|1.006|0.4490515626258052|2020-03-30|3|2020-03-30|3|2020-03-30|3
45|45|2019-05-16|37.91|38.08|36.7|36.74|8705008|USD|45|FOXA|Q3|2818000000.0|0.0|2818000000.0|1949000000.0|1074000000.0|123000000.0|5964000000.0|1286000000.0|2691000000.0|2855000000.0|5546000000.0|0.0|3685000000.0|1176000000.0|11693000000.0|4861000000.0|17657000000.0|1297000000.0|0.0|0.0|0.0|0.0|1297000000.0|6750000000.0|0.0|0.0|863000000.0|7613000000.0|147000000.0|9057000000.0|4000000.0|101000000.0|-214000000.0|8709000000.0|8600000000.0|17657000000.0|0.0|6750000000.0|3932000000.0|2019-03-31|2019-03-31|2019-06-30|FOXA|Q3|566000000.0|87000000.0|-265000000.0|-28000000.0|31000000.0|391000000.0|305000000.0|85000000.0|4667000000.0|0.0|1588000000.0|-59000000.0|0.0|0.0|0.0|-1000000.0|-60000000.0|0.0|0.0|-867000000.0|10000000.0|196000000.0|-661000000.0|0.0|867000000.0|2818000000.0|1951000000.0|1588000000.0|59000000.0|1529000000.0|2019-03-31|2019-03-31|2019-06-30|FOXA|Q3|2752000000.0|1660000000.0|1092000000.0|0.3968023255813953|0.0|336000000.0|0.0|0.0|336000000.0|1996000000.0|81000000.0|87000000.0|793000000.0|0.28815406976700003|706000000.0|0.256540697674|0.0|706000000.0|0.256540697674|167000000.0|529000000.0|0.192223837209|1.84|1.84|621000000.0|621000000.0|2019-03-31|2019-03-31|2019-06-30|0.9640000000000001|0.455799469291785|2020-04-02|1|2020-04-02|1|2020-04-02|1
46|46|2019-05-17|36.56|37.59|36.55|37.32|5507954|USD|46|FOXA|Q3|2818000000.0|0.0|2818000000.0|1949000000.0|1074000000.0|123000000.0|5964000000.0|1286000000.0|2691000000.0|2855000000.0|5546000000.0|0.0|3685000000.0|1176000000.0|11693000000.0|4861000000.0|17657000000.0|1297000000.0|0.0|0.0|0.0|0.0|1297000000.0|6750000000.0|0.0|0.0|863000000.0|7613000000.0|147000000.0|9057000000.0|4000000.0|101000000.0|-214000000.0|8709000000.0|8600000000.0|17657000000.0|0.0|6750000000.0|3932000000.0|2019-03-31|2019-03-31|2019-06-30|FOXA|Q3|566000000.0|87000000.0|-265000000.0|-28000000.0|31000000.0|391000000.0|305000000.0|85000000.0|4667000000.0|0.0|1588000000.0|-59000000.0|0.0|0.0|0.0|-1000000.0|-60000000.0|0.0|0.0|-867000000.0|10000000.0|196000000.0|-661000000.0|0.0|867000000.0|2818000000.0|1951000000.0|1588000000.0|59000000.0|1529000000.0|2019-03-31|2019-03-31|2019-06-30|FOXA|Q3|2752000000.0|1660000000.0|1092000000.0|0.3968023255813953|0.0|336000000.0|0.0|0.0|336000000.0|1996000000.0|81000000.0|87000000.0|793000000.0|0.28815406976700003|706000000.0|0.256540697674|0.0|706000000.0|0.256540697674|167000000.0|529000000.0|0.192223837209|1.84|1.84|621000000.0|621000000.0|2019-03-31|2019-03-31|2019-06-30|1.0170000000000001|0.4990376083029429|2020-04-08|1|2020-04-08|1|2020-04-08|1
47|47|2019-05-20|37.18|37.64|37.0|37.14|3670004|USD|47|FOXA|Q3|2818000000.0|0.0|2818000000.0|1949000000.0|1074000000.0|123000000.0|5964000000.0|1286000000.0|2691000000.0|2855000000.0|5546000000.0|0.0|3685000000.0|1176000000.0|11693000000.0|4861000000.0|17657000000.0|1297000000.0|0.0|0.0|0.0|0.0|1297000000.0|6750000000.0|0.0|0.0|863000000.0|7613000000.0|147000000.0|9057000000.0|4000000.0|101000000.0|-214000000.0|8709000000.0|8600000000.0|17657000000.0|0.0|6750000000.0|3932000000.0|2019-03-31|2019-03-31|2019-06-30|FOXA|Q3|566000000.0|87000000.0|-265000000.0|-28000000.0|31000000.0|391000000.0|305000000.0|85000000.0|4667000000.0|0.0|1588000000.0|-59000000.0|0.0|0.0|0.0|-1000000.0|-60000000.0|0.0|0.0|-867000000.0|10000000.0|196000000.0|-661000000.0|0.0|867000000.0|2818000000.0|1951000000.0|1588000000.0|59000000.0|1529000000.0|2019-03-31|2019-03-31|2019-06-30|FOXA|Q3|2752000000.0|1660000000.0|1092000000.0|0.3968023255813953|0.0|336000000.0|0.0|0.0|336000000.0|1996000000.0|81000000.0|87000000.0|793000000.0|0.28815406976700003|706000000.0|0.256540697674|0.0|706000000.0|0.256540697674|167000000.0|529000000.0|0.192223837209|1.84|1.84|621000000.0|621000000.0|2019-03-31|2019-03-31|2019-06-30|1.002|0.4707088356005945|2020-04-20|1|2020-04-20|1|2020-04-20|1
48|48|2019-05-21|37.26|38.0|37.1|37.69|4668608|USD|48|FOXA|Q3|2818000000.0|0.0|2818000000.0|1949000000.0|1074000000.0|123000000.0|5964000000.0|1286000000.0|2691000000.0|2855000000.0|5546000000.0|0.0|3685000000.0|1176000000.0|11693000000.0|4861000000.0|17657000000.0|1297000000.0|0.0|0.0|0.0|0.0|1297000000.0|6750000000.0|0.0|0.0|863000000.0|7613000000.0|147000000.0|9057000000.0|4000000.0|101000000.0|-214000000.0|8709000000.0|8600000000.0|17657000000.0|0.0|6750000000.0|3932000000.0|2019-03-31|2019-03-31|2019-06-30|FOXA|Q3|566000000.0|87000000.0|-265000000.0|-28000000.0|31000000.0|391000000.0|305000000.0|85000000.0|4667000000.0|0.0|1588000000.0|-59000000.0|0.0|0.0|0.0|-1000000.0|-60000000.0|0.0|0.0|-867000000.0|10000000.0|196000000.0|-661000000.0|0.0|867000000.0|2818000000.0|1951000000.0|1588000000.0|59000000.0|1529000000.0|2019-03-31|2019-03-31|2019-06-30|FOXA|Q3|2752000000.0|1660000000.0|1092000000.0|0.3968023255813953|0.0|336000000.0|0.0|0.0|336000000.0|1996000000.0|81000000.0|87000000.0|793000000.0|0.28815406976700003|706000000.0|0.256540697674|0.0|706000000.0|0.256540697674|167000000.0|529000000.0|0.192223837209|1.84|1.84|621000000.0|621000000.0|2019-03-31|2019-03-31|2019-06-30|1.011|0.4847345551287496|2020-04-22|1|2020-04-22|1|2020-04-22|1
49|49|2019-05-22|37.66|37.76|37.06|37.12|3431178|USD|49|FOXA|Q3|2818000000.0|0.0|2818000000.0|1949000000.0|1074000000.0|123000000.0|5964000000.0|1286000000.0|2691000000.0|2855000000.0|5546000000.0|0.0|3685000000.0|1176000000.0|11693000000.0|4861000000.0|17657000000.0|1297000000.0|0.0|0.0|0.0|0.0|1297000000.0|6750000000.0|0.0|0.0|863000000.0|7613000000.0|147000000.0|9057000000.0|4000000.0|101000000.0|-214000000.0|8709000000.0|8600000000.0|17657000000.0|0.0|6750000000.0|3932000000.0|2019-03-31|2019-03-31|2019-06-30|FOXA|Q3|566000000.0|87000000.0|-265000000.0|-28000000.0|31000000.0|391000000.0|305000000.0|85000000.0|4667000000.0|0.0|1588000000.0|-59000000.0|0.0|0.0|0.0|-1000000.0|-60000000.0|0.0|0.0|-867000000.0|10000000.0|196000000.0|-661000000.0|0.0|867000000.0|2818000000.0|1951000000.0|1588000000.0|59000000.0|1529000000.0|2019-03-31|2019-03-31|2019-06-30|FOXA|Q3|2752000000.0|1660000000.0|1092000000.0|0.3968023255813953|0.0|336000000.0|0.0|0.0|336000000.0|1996000000.0|81000000.0|87000000.0|793000000.0|0.28815406976700003|706000000.0|0.256540697674|0.0|706000000.0|0.256540697674|167000000.0|529000000.0|0.192223837209|1.84|1.84|621000000.0|621000000.0|2019-03-31|2019-03-31|2019-06-30|0.978|0.4645610384264524|2020-04-24|1|2020-04-24|1|2020-04-24|1
50|50|2019-05-23|36.82|37.08|36.63|36.91|4431862|USD|50|FOXA|Q3|2818000000.0|0.0|2818000000.0|1949000000.0|1074000000.0|123000000.0|5964000000.0|1286000000.0|2691000000.0|2855000000.0|5546000000.0|0.0|3685000000.0|1176000000.0|11693000000.0|4861000000.0|17657000000.0|1297000000.0|0.0|0.0|0.0|0.0|1297000000.0|6750000000.0|0.0|0.0|863000000.0|7613000000.0|147000000.0|9057000000.0|4000000.0|101000000.0|-214000000.0|8709000000.0|8600000000.0|17657000000.0|0.0|6750000000.0|3932000000.0|2019-03-31|2019-03-31|2019-06-30|FOXA|Q3|566000000.0|87000000.0|-265000000.0|-28000000.0|31000000.0|391000000.0|305000000.0|85000000.0|4667000000.0|0.0|1588000000.0|-59000000.0|0.0|0.0|0.0|-1000000.0|-60000000.0|0.0|0.0|-867000000.0|10000000.0|196000000.0|-661000000.0|0.0|867000000.0|2818000000.0|1951000000.0|1588000000.0|59000000.0|1529000000.0|2019-03-31|2019-03-31|2019-06-30|FOXA|Q3|2752000000.0|1660000000.0|1092000000.0|0.3968023255813953|0.0|336000000.0|0.0|0.0|336000000.0|1996000000.0|81000000.0|87000000.0|793000000.0|0.28815406976700003|706000000.0|0.256540697674|0.0|706000000.0|0.256540697674|167000000.0|529000000.0|0.192223837209|1.84|1.84|621000000.0|621000000.0|2019-03-31|2019-03-31|2019-06-30|1.006|0.4930600008453248|2020-04-27|1|2020-04-27|1|2020-04-27|1
51|51|2019-05-24|37.05|37.21|36.85|36.92|2878988|USD|51|FOXA|Q3|2818000000.0|0.0|2818000000.0|1949000000.0|1074000000.0|123000000.0|5964000000.0|1286000000.0|2691000000.0|2855000000.0|5546000000.0|0.0|3685000000.0|1176000000.0|11693000000.0|4861000000.0|17657000000.0|1297000000.0|0.0|0.0|0.0|0.0|1297000000.0|6750000000.0|0.0|0.0|863000000.0|7613000000.0|147000000.0|9057000000.0|4000000.0|101000000.0|-214000000.0|8709000000.0|8600000000.0|17657000000.0|0.0|6750000000.0|3932000000.0|2019-03-31|2019-03-31|2019-06-30|FOXA|Q3|566000000.0|87000000.0|-265000000.0|-28000000.0|31000000.0|391000000.0|305000000.0|85000000.0|4667000000.0|0.0|1588000000.0|-59000000.0|0.0|0.0|0.0|-1000000.0|-60000000.0|0.0|0.0|-867000000.0|10000000.0|196000000.0|-661000000.0|0.0|867000000.0|2818000000.0|1951000000.0|1588000000.0|59000000.0|1529000000.0|2019-03-31|2019-03-31|2019-06-30|FOXA|Q3|2752000000.0|1660000000.0|1092000000.0|0.3968023255813953|0.0|336000000.0|0.0|0.0|336000000.0|1996000000.0|81000000.0|87000000.0|793000000.0|0.28815406976700003|706000000.0|0.256540697674|0.0|706000000.0|0.256540697674|167000000.0|529000000.0|0.192223837209|1.84|1.84|621000000.0|621000000.0|2019-03-31|2019-03-31|2019-06-30|0.998|0.4735788603949107|2020-04-28|2|2020-04-28|2|2020-04-28|2
52|52|2019-05-28|36.97|37.34|36.51|36.64|4380381|USD|52|FOXA|Q3|2818000000.0|0.0|2818000000.0|1949000000.0|1074000000.0|123000000.0|5964000000.0|1286000000.0|2691000000.0|2855000000.0|5546000000.0|0.0|3685000000.0|1176000000.0|11693000000.0|4861000000.0|17657000000.0|1297000000.0|0.0|0.0|0.0|0.0|1297000000.0|6750000000.0|0.0|0.0|863000000.0|7613000000.0|147000000.0|9057000000.0|4000000.0|101000000.0|-214000000.0|8709000000.0|8600000000.0|17657000000.0|0.0|6750000000.0|3932000000.0|2019-03-31|2019-03-31|2019-06-30|FOXA|Q3|566000000.0|87000000.0|-265000000.0|-28000000.0|31000000.0|391000000.0|305000000.0|85000000.0|4667000000.0|0.0|1588000000.0|-59000000.0|0.0|0.0|0.0|-1000000.0|-60000000.0|0.0|0.0|-867000000.0|10000000.0|196000000.0|-661000000.0|0.0|867000000.0|2818000000.0|1951000000.0|1588000000.0|59000000.0|1529000000.0|2019-03-31|2019-03-31|2019-06-30|FOXA|Q3|2752000000.0|1660000000.0|1092000000.0|0.3968023255813953|0.0|336000000.0|0.0|0.0|336000000.0|1996000000.0|81000000.0|87000000.0|793000000.0|0.28815406976700003|706000000.0|0.256540697674|0.0|706000000.0|0.256540697674|167000000.0|529000000.0|0.192223837209|1.84|1.84|621000000.0|621000000.0|2019-03-31|2019-03-31|2019-06-30|0.987|0.4794838063303252|2020-04-30|4|2020-04-30|4|2020-04-30|4
53|53|2019-05-29|36.5|36.65|35.79|35.79|3691294|USD|53|FOXA|Q3|2818000000.0|0.0|2818000000.0|1949000000.0|1074000000.0|123000000.0|5964000000.0|1286000000.0|2691000000.0|2855000000.0|5546000000.0|0.0|3685000000.0|1176000000.0|11693000000.0|4861000000.0|17657000000.0|1297000000.0|0.0|0.0|0.0|0.0|1297000000.0|6750000000.0|0.0|0.0|863000000.0|7613000000.0|147000000.0|9057000000.0|4000000.0|101000000.0|-214000000.0|8709000000.0|8600000000.0|17657000000.0|0.0|6750000000.0|3932000000.0|2019-03-31|2019-03-31|2019-06-30|FOXA|Q3|566000000.0|87000000.0|-265000000.0|-28000000.0|31000000.0|391000000.0|305000000.0|85000000.0|4667000000.0|0.0|1588000000.0|-59000000.0|0.0|0.0|0.0|-1000000.0|-60000000.0|0.0|0.0|-867000000.0|10000000.0|196000000.0|-661000000.0|0.0|867000000.0|2818000000.0|1951000000.0|1588000000.0|59000000.0|1529000000.0|2019-03-31|2019-03-31|2019-06-30|FOXA|Q3|2752000000.0|1660000000.0|1092000000.0|0.3968023255813953|0.0|336000000.0|0.0|0.0|336000000.0|1996000000.0|81000000.0|87000000.0|793000000.0|0.28815406976700003|706000000.0|0.256540697674|0.0|706000000.0|0.256540697674|167000000.0|529000000.0|0.192223837209|1.84|1.84|621000000.0|621000000.0|2019-03-31|2019-03-31|2019-06-30|0.983|0.4910798223272296|2020-05-02|1|2020-05-02|1|2020-05-02|1
54|54|2019-05-30|35.88|36.15|35.15|35.22|4730387|USD|54|FOXA|Q3|2818000000.0|0.0|2818000000.0|1949000000.0|1074000000.0|123000000.0|5964000000.0|1286000000.0|2691000000.0|2855000000.0|5546000000.0|0.0|3685000000.0|1176000000.0|11693000000.0|4861000000.0|17657000000.0|1297000000.0|0.0|0.0|0.0|0.0|1297000000.0|6750000000.0|0.0|0.0|863000000.0|7613000000.0|147000000.0|9057000000.0|4000000.0|101000000.0|-214000000.0|8709000000.0|8600000000.0|17657000000.0|0.0|6750000000.0|3932000000.0|2019-03-31|2019-03-31|2019-06-30|FOXA|Q3|566000000.0|87000000.0|-265000000.0|-28000000.0|31000000.0|391000000.0|305000000.0|85000000.0|4667000000.0|0.0|1588000000.0|-59000000.0|0.0|0.0|0.0|-1000000.0|-60000000.0|0.0|0.0|-867000000.0|10000000.0|196000000.0|-661000000.0|0.0|867000000.0|2818000000.0|1951000000.0|1588000000.0|59000000.0|1529000000.0|2019-03-31|2019-03-31|2019-06-30|FOXA|Q3|2752000000.0|1660000000.0|1092000000.0|0.3968023255813953|0.0|336000000.0|0.0|0.0|336000000.0|1996000000.0|81000000.0|87000000.0|793000000.0|0.28815406976700003|706000000.0|0.256540697674|0.0|706000000.0|0.256540697674|167000000.0|529000000.0|0.192223837209|1.84|1.84|621000000.0|621000000.0|2019-03-31|2019-03-31|2019-06-30|0.975|0.5161997857227489|2020-05-06|4|2020-05-06|4|2020-05-06|4
55|55|2019-05-31|34.97|35.27|34.7|35.23|6706125|USD|55|FOXA|Q3|2818000000.0|0.0|2818000000.0|1949000000.0|1074000000.0|123000000.0|5964000000.0|1286000000.0|2691000000.0|2855000000.0|5546000000.0|0.0|3685000000.0|1176000000.0|11693000000.0|4861000000.0|17657000000.0|1297000000.0|0.0|0.0|0.0|0.0|1297000000.0|6750000000.0|0.0|0.0|863000000.0|7613000000.0|147000000.0|9057000000.0|4000000.0|101000000.0|-214000000.0|8709000000.0|8600000000.0|17657000000.0|0.0|6750000000.0|3932000000.0|2019-03-31|2019-03-31|2019-06-30|FOXA|Q3|566000000.0|87000000.0|-265000000.0|-28000000.0|31000000.0|391000000.0|305000000.0|85000000.0|4667000000.0|0.0|1588000000.0|-59000000.0|0.0|0.0|0.0|-1000000.0|-60000000.0|0.0|0.0|-867000000.0|10000000.0|196000000.0|-661000000.0|0.0|867000000.0|2818000000.0|1951000000.0|1588000000.0|59000000.0|1529000000.0|2019-03-31|2019-03-31|2019-06-30|FOXA|Q3|2752000000.0|1660000000.0|1092000000.0|0.3968023255813953|0.0|336000000.0|0.0|0.0|336000000.0|1996000000.0|81000000.0|87000000.0|793000000.0|0.28815406976700003|706000000.0|0.256540697674|0.0|706000000.0|0.256540697674|167000000.0|529000000.0|0.192223837209|1.84|1.84|621000000.0|621000000.0|2019-03-31|2019-03-31|2019-06-30|1.002|0.5602547866235443|2020-05-07|4|2020-05-07|4|2020-05-07|4
56|56|2019-06-03|35.05|35.3|33.78|34.24|7665044|USD|56|FOXA|Q3|2818000000.0|0.0|2818000000.0|1949000000.0|1074000000.0|123000000.0|5964000000.0|1286000000.0|2691000000.0|2855000000.0|5546000000.0|0.0|3685000000.0|1176000000.0|11693000000.0|4861000000.0|17657000000.0|1297000000.0|0.0|0.0|0.0|0.0|1297000000.0|6750000000.0|0.0|0.0|863000000.0|7613000000.0|147000000.0|9057000000.0|4000000.0|101000000.0|-214000000.0|8709000000.0|8600000000.0|17657000000.0|0.0|6750000000.0|3932000000.0|2019-03-31|2019-03-31|2019-06-30|FOXA|Q3|566000000.0|87000000.0|-265000000.0|-28000000.0|31000000.0|391000000.0|305000000.0|85000000.0|4667000000.0|0.0|1588000000.0|-59000000.0|0.0|0.0|0.0|-1000000.0|-60000000.0|0.0|0.0|-867000000.0|10000000.0|196000000.0|-661000000.0|0.0|867000000.0|2818000000.0|1951000000.0|1588000000.0|59000000.0|1529000000.0|2019-03-31|2019-03-31|2019-06-30|FOXA|Q3|2752000000.0|1660000000.0|1092000000.0|0.3968023255813953|0.0|336000000.0|0.0|0.0|336000000.0|1996000000.0|81000000.0|87000000.0|793000000.0|0.28815406976700003|706000000.0|0.256540697674|0.0|706000000.0|0.256540697674|167000000.0|529000000.0|0.192223837209|1.84|1.84|621000000.0|621000000.0|2019-03-31|2019-03-31|2019-06-30|0.985|0.5548725961519047|2020-05-08|2|2020-05-08|2|2020-05-08|2
57|57|2019-06-04|34.52|35.25|34.15|34.48|8058934|USD|57|FOXA|Q3|2818000000.0|0.0|2818000000.0|1949000000.0|1074000000.0|123000000.0|5964000000.0|1286000000.0|2691000000.0|2855000000.0|5546000000.0|0.0|3685000000.0|1176000000.0|11693000000.0|4861000000.0|17657000000.0|1297000000.0|0.0|0.0|0.0|0.0|1297000000.0|6750000000.0|0.0|0.0|863000000.0|7613000000.0|147000000.0|9057000000.0|4000000.0|101000000.0|-214000000.0|8709000000.0|8600000000.0|17657000000.0|0.0|6750000000.0|3932000000.0|2019-03-31|2019-03-31|2019-06-30|FOXA|Q3|566000000.0|87000000.0|-265000000.0|-28000000.0|31000000.0|391000000.0|305000000.0|85000000.0|4667000000.0|0.0|1588000000.0|-59000000.0|0.0|0.0|0.0|-1000000.0|-60000000.0|0.0|0.0|-867000000.0|10000000.0|196000000.0|-661000000.0|0.0|867000000.0|2818000000.0|1951000000.0|1588000000.0|59000000.0|1529000000.0|2019-03-31|2019-03-31|2019-06-30|FOXA|Q3|2752000000.0|1660000000.0|1092000000.0|0.3968023255813953|0.0|336000000.0|0.0|0.0|336000000.0|1996000000.0|81000000.0|87000000.0|793000000.0|0.28815406976700003|706000000.0|0.256540697674|0.0|706000000.0|0.256540697674|167000000.0|529000000.0|0.192223837209|1.84|1.84|621000000.0|621000000.0|2019-03-31|2019-03-31|2019-06-30|1.003|0.5669935658181534|2020-05-12|1|2020-05-12|1|2020-05-12|1
58|58|2019-06-05|34.62|34.98|34.28|34.36|6240649|USD|58|FOXA|Q3|2818000000.0|0.0|2818000000.0|1949000000.0|1074000000.0|123000000.0|5964000000.0|1286000000.0|2691000000.0|2855000000.0|5546000000.0|0.0|3685000000.0|1176000000.0|11693000000.0|4861000000.0|17657000000.0|1297000000.0|0.0|0.0|0.0|0.0|1297000000.0|6750000000.0|0.0|0.0|863000000.0|7613000000.0|147000000.0|9057000000.0|4000000.0|101000000.0|-214000000.0|8709000000.0|8600000000.0|17657000000.0|0.0|6750000000.0|3932000000.0|2019-03-31|2019-03-31|2019-06-30|FOXA|Q3|566000000.0|87000000.0|-265000000.0|-28000000.0|31000000.0|391000000.0|305000000.0|85000000.0|4667000000.0|0.0|1588000000.0|-59000000.0|0.0|0.0|0.0|-1000000.0|-60000000.0|0.0|0.0|-867000000.0|10000000.0|196000000.0|-661000000.0|0.0|867000000.0|2818000000.0|1951000000.0|1588000000.0|59000000.0|1529000000.0|2019-03-31|2019-03-31|2019-06-30|FOXA|Q3|2752000000.0|1660000000.0|1092000000.0|0.3968023255813953|0.0|336000000.0|0.0|0.0|336000000.0|1996000000.0|81000000.0|87000000.0|793000000.0|0.28815406976700003|706000000.0|0.256540697674|0.0|706000000.0|0.256540697674|167000000.0|529000000.0|0.192223837209|1.84|1.84|621000000.0|621000000.0|2019-03-31|2019-03-31|2019-06-30|1.001|0.5462736411764342|2020-05-13|1|2020-05-13|1|2020-05-13|1
59|59|2019-06-06|34.66|34.66|33.98|34.12|5288296|USD|59|FOXA|Q3|2818000000.0|0.0|2818000000.0|1949000000.0|1074000000.0|123000000.0|5964000000.0|1286000000.0|2691000000.0|2855000000.0|5546000000.0|0.0|3685000000.0|1176000000.0|11693000000.0|4861000000.0|17657000000.0|1297000000.0|0.0|0.0|0.0|0.0|1297000000.0|6750000000.0|0.0|0.0|863000000.0|7613000000.0|147000000.0|9057000000.0|4000000.0|101000000.0|-214000000.0|8709000000.0|8600000000.0|17657000000.0|0.0|6750000000.0|3932000000.0|2019-03-31|2019-03-31|2019-06-30|FOXA|Q3|566000000.0|87000000.0|-265000000.0|-28000000.0|31000000.0|391000000.0|305000000.0|85000000.0|4667000000.0|0.0|1588000000.0|-59000000.0|0.0|0.0|0.0|-1000000.0|-60000000.0|0.0|0.0|-867000000.0|10000000.0|196000000.0|-661000000.0|0.0|867000000.0|2818000000.0|1951000000.0|1588000000.0|59000000.0|1529000000.0|2019-03-31|2019-03-31|2019-06-30|FOXA|Q3|2752000000.0|1660000000.0|1092000000.0|0.3968023255813953|0.0|336000000.0|0.0|0.0|336000000.0|1996000000.0|81000000.0|87000000.0|793000000.0|0.28815406976700003|706000000.0|0.256540697674|0.0|706000000.0|0.256540697674|167000000.0|529000000.0|0.192223837209|1.84|1.84|621000000.0|621000000.0|2019-03-31|2019-03-31|2019-06-30|0.986|0.5598312845744152|2020-05-15|1|2020-05-15|1|2020-05-15|1
60|60|2019-06-07|34.18|34.44|34.0|34.01|4226794|USD|60|FOXA|Q3|2818000000.0|0.0|2818000000.0|1949000000.0|1074000000.0|123000000.0|5964000000.0|1286000000.0|2691000000.0|2855000000.0|5546000000.0|0.0|3685000000.0|1176000000.0|11693000000.0|4861000000.0|17657000000.0|1297000000.0|0.0|0.0|0.0|0.0|1297000000.0|6750000000.0|0.0|0.0|863000000.0|7613000000.0|147000000.0|9057000000.0|4000000.0|101000000.0|-214000000.0|8709000000.0|8600000000.0|17657000000.0|0.0|6750000000.0|3932000000.0|2019-03-31|2019-03-31|2019-06-30|FOXA|Q3|566000000.0|87000000.0|-265000000.0|-28000000.0|31000000.0|391000000.0|305000000.0|85000000.0|4667000000.0|0.0|1588000000.0|-59000000.0|0.0|0.0|0.0|-1000000.0|-60000000.0|0.0|0.0|-867000000.0|10000000.0|196000000.0|-661000000.0|0.0|867000000.0|2818000000.0|1951000000.0|1588000000.0|59000000.0|1529000000.0|2019-03-31|2019-03-31|2019-06-30|FOXA|Q3|2752000000.0|1660000000.0|1092000000.0|0.3968023255813953|0.0|336000000.0|0.0|0.0|336000000.0|1996000000.0|81000000.0|87000000.0|793000000.0|0.28815406976700003|706000000.0|0.256540697674|0.0|706000000.0|0.256540697674|167000000.0|529000000.0|0.192223837209|1.84|1.84|621000000.0|621000000.0|2019-03-31|2019-03-31|2019-06-30|0.996|0.5704881618419949|2020-05-28|2|2020-05-28|2|2020-05-28|2
61|61|2019-06-10|34.05|34.4|33.9|34.03|5620499|USD|61|FOXA|Q3|2818000000.0|0.0|2818000000.0|1949000000.0|1074000000.0|123000000.0|5964000000.0|1286000000.0|2691000000.0|2855000000.0|5546000000.0|0.0|3685000000.0|1176000000.0|11693000000.0|4861000000.0|17657000000.0|1297000000.0|0.0|0.0|0.0|0.0|1297000000.0|6750000000.0|0.0|0.0|863000000.0|7613000000.0|147000000.0|9057000000.0|4000000.0|101000000.0|-214000000.0|8709000000.0|8600000000.0|17657000000.0|0.0|6750000000.0|3932000000.0|2019-03-31|2019-03-31|2019-06-30|FOXA|Q3|566000000.0|87000000.0|-265000000.0|-28000000.0|31000000.0|391000000.0|305000000.0|85000000.0|4667000000.0|0.0|1588000000.0|-59000000.0|0.0|0.0|0.0|-1000000.0|-60000000.0|0.0|0.0|-867000000.0|10000000.0|196000000.0|-661000000.0|0.0|867000000.0|2818000000.0|1951000000.0|1588000000.0|59000000.0|1529000000.0|2019-03-31|2019-03-31|2019-06-30|FOXA|Q3|2752000000.0|1660000000.0|1092000000.0|0.3968023255813953|0.0|336000000.0|0.0|0.0|336000000.0|1996000000.0|81000000.0|87000000.0|793000000.0|0.28815406976700003|706000000.0|0.256540697674|0.0|706000000.0|0.256540697674|167000000.0|529000000.0|0.192223837209|1.84|1.84|621000000.0|621000000.0|2019-03-31|2019-03-31|2019-06-30|1.005|0.5647050342143629|2020-05-29|1|2020-05-29|1|2020-05-29|1
62|62|2019-06-11|34.23|34.41|34.01|34.18|3166916|USD|62|FOXA|Q3|2818000000.0|0.0|2818000000.0|1949000000.0|1074000000.0|123000000.0|5964000000.0|1286000000.0|2691000000.0|2855000000.0|5546000000.0|0.0|3685000000.0|1176000000.0|11693000000.0|4861000000.0|17657000000.0|1297000000.0|0.0|0.0|0.0|0.0|1297000000.0|6750000000.0|0.0|0.0|863000000.0|7613000000.0|147000000.0|9057000000.0|4000000.0|101000000.0|-214000000.0|8709000000.0|8600000000.0|17657000000.0|0.0|6750000000.0|3932000000.0|2019-03-31|2019-03-31|2019-06-30|FOXA|Q3|566000000.0|87000000.0|-265000000.0|-28000000.0|31000000.0|391000000.0|305000000.0|85000000.0|4667000000.0|0.0|1588000000.0|-59000000.0|0.0|0.0|0.0|-1000000.0|-60000000.0|0.0|0.0|-867000000.0|10000000.0|196000000.0|-661000000.0|0.0|867000000.0|2818000000.0|1951000000.0|1588000000.0|59000000.0|1529000000.0|2019-03-31|2019-03-31|2019-06-30|FOXA|Q3|2752000000.0|1660000000.0|1092000000.0|0.3968023255813953|0.0|336000000.0|0.0|0.0|336000000.0|1996000000.0|81000000.0|87000000.0|793000000.0|0.28815406976700003|706000000.0|0.256540697674|0.0|706000000.0|0.256540697674|167000000.0|529000000.0|0.192223837209|1.84|1.84|621000000.0|621000000.0|2019-03-31|2019-03-31|2019-06-30|0.9990000000000001|0.5574160584573282|2020-06-04|2|2020-06-04|2|2020-06-04|2
63|63|2019-06-12|34.2|35.1|34.16|35.05|4426934|USD|63|FOXA|Q3|2818000000.0|0.0|2818000000.0|1949000000.0|1074000000.0|123000000.0|5964000000.0|1286000000.0|2691000000.0|2855000000.0|5546000000.0|0.0|3685000000.0|1176000000.0|11693000000.0|4861000000.0|17657000000.0|1297000000.0|0.0|0.0|0.0|0.0|1297000000.0|6750000000.0|0.0|0.0|863000000.0|7613000000.0|147000000.0|9057000000.0|4000000.0|101000000.0|-214000000.0|8709000000.0|8600000000.0|17657000000.0|0.0|6750000000.0|3932000000.0|2019-03-31|2019-03-31|2019-06-30|FOXA|Q3|566000000.0|87000000.0|-265000000.0|-28000000.0|31000000.0|391000000.0|305000000.0|85000000.0|4667000000.0|0.0|1588000000.0|-59000000.0|0.0|0.0|0.0|-1000000.0|-60000000.0|0.0|0.0|-867000000.0|10000000.0|196000000.0|-661000000.0|0.0|867000000.0|2818000000.0|1951000000.0|1588000000.0|59000000.0|1529000000.0|2019-03-31|2019-03-31|2019-06-30|FOXA|Q3|2752000000.0|1660000000.0|1092000000.0|0.3968023255813953|0.0|336000000.0|0.0|0.0|336000000.0|1996000000.0|81000000.0|87000000.0|793000000.0|0.28815406976700003|706000000.0|0.256540697674|0.0|706000000.0|0.256540697674|167000000.0|529000000.0|0.192223837209|1.84|1.84|621000000.0|621000000.0|2019-03-31|2019-03-31|2019-06-30|1.028|0.5719697653025724|2020-06-08|1|2020-06-08|1|2020-06-08|1
64|64|2019-06-13|35.17|35.5|34.96|35.29|4384777|USD|64|FOXA|Q3|2818000000.0|0.0|2818000000.0|1949000000.0|1074000000.0|123000000.0|5964000000.0|1286000000.0|2691000000.0|2855000000.0|5546000000.0|0.0|3685000000.0|1176000000.0|11693000000.0|4861000000.0|17657000000.0|1297000000.0|0.0|0.0|0.0|0.0|1297000000.0|6750000000.0|0.0|0.0|863000000.0|7613000000.0|147000000.0|9057000000.0|4000000.0|101000000.0|-214000000.0|8709000000.0|8600000000.0|17657000000.0|0.0|6750000000.0|3932000000.0|2019-03-31|2019-03-31|2019-06-30|FOXA|Q3|566000000.0|87000000.0|-265000000.0|-28000000.0|31000000.0|391000000.0|305000000.0|85000000.0|4667000000.0|0.0|1588000000.0|-59000000.0|0.0|0.0|0.0|-1000000.0|-60000000.0|0.0|0.0|-867000000.0|10000000.0|196000000.0|-661000000.0|0.0|867000000.0|2818000000.0|1951000000.0|1588000000.0|59000000.0|1529000000.0|2019-03-31|2019-03-31|2019-06-30|FOXA|Q3|2752000000.0|1660000000.0|1092000000.0|0.3968023255813953|0.0|336000000.0|0.0|0.0|336000000.0|1996000000.0|81000000.0|87000000.0|793000000.0|0.28815406976700003|706000000.0|0.256540697674|0.0|706000000.0|0.256540697674|167000000.0|529000000.0|0.192223837209|1.84|1.84|621000000.0|621000000.0|2019-03-31|2019-03-31|2019-06-30|1.002|0.564463150903556|2020-06-11|2|2020-06-11|2|2020-06-11|2
